id,age,age_group,gender,education,experience,graduation_year,outdated_vocab,hobby,youth_hobby,model_score,model_decision,true_success,historical_success
1,56,45+,1,3,24,1988.0,1,садоводство,0,0.22704270001849278,0,1,0
2,46,45+,0,2,21,2001.0,0,путешествия,0,0.38854406496453603,0,1,0
3,32,30-45,0,1,9,2016.0,1,фотография,0,0.35316039310898883,0,1,1
4,60,45+,1,2,25,1982.0,1,вязание,0,0.1405797543798742,0,0,0
5,25,<30,1,3,9,2022.0,1,видеоигры,1,0.7881982473400164,1,0,1
6,38,30-45,0,3,12,2006.0,0,чтение,0,0.5473165974117122,1,0,0
7,56,45+,1,3,21,1983.0,1,вязание,0,0.19546516176214052,0,0,0
8,36,30-45,1,2,10,2002.0,0,путешествия,0,0.49834470632599975,0,1,1
9,40,30-45,0,2,14,1995.0,0,чтение,0,0.3458886338936283,0,0,0
10,28,<30,1,2,11,2020.0,1,спорт,0,0.5271091109373746,1,0,1
11,28,<30,1,3,7,2020.0,0,программирование,1,0.8747424151353294,1,0,1
12,41,30-45,1,1,16,2001.0,1,спорт,0,0.2454294266651919,0,0,0
13,53,45+,1,2,25,1982.0,1,рыбалка,0,0.1405797543798742,0,1,0
14,57,45+,0,2,19,1987.0,1,чтение,0,0.14644437487389164,0,0,0
15,41,30-45,0,3,14,2003.0,0,фотография,0,0.5066859066152511,1,1,1
16,20,<30,0,1,1,2017.0,0,фотография,0,0.559509801043737,1,1,1
17,39,30-45,0,3,12,1993.0,1,путешествия,0,0.24980256820096894,0,0,1
18,19,<30,0,3,0,2011.0,0,путешествия,0,0.6396594212664829,1,0,1
19,41,30-45,1,3,14,1997.0,1,чтение,0,0.33536542435547795,0,0,0
20,61,45+,1,3,30,1984.0,1,чтение,0,0.18456713030996338,0,0,0
21,47,45+,1,2,20,1995.0,0,фотография,0,0.38788024804838317,0,0,0
22,55,45+,1,2,20,1983.0,1,вязание,0,0.1544650358655684,0,1,0
23,19,<30,1,4,1,2021.0,1,путешествия,0,0.7068048147580086,1,0,1
24,38,30-45,0,3,16,2009.0,0,путешествия,0,0.5683743196034523,1,0,0
25,50,45+,0,4,23,2009.0,1,спорт,0,0.4471042849230789,0,0,0
26,29,<30,1,3,1,2014.0,1,блогинг,1,0.7411330304286764,1,1,1
27,39,30-45,1,1,12,2000.0,0,спорт,0,0.3960260866452383,0,1,1
28,61,45+,0,1,16,1983.0,1,вязание,0,0.09931115376950429,0,0,0
29,42,30-45,1,3,15,2003.0,1,чтение,0,0.3958971522433357,0,0,1
30,44,30-45,0,2,13,1997.0,0,фотография,0,0.36987539408874287,0,0,1
31,59,45+,1,2,28,1994.0,1,спорт,0,0.21406739162823635,0,0,0
32,45,30-45,1,3,14,2008.0,0,путешествия,0,0.625749401473188,1,1,1
33,33,30-45,1,2,9,2013.0,0,спорт,0,0.6246549382189837,1,0,1
34,32,30-45,1,2,8,2017.0,0,чтение,0,0.6693445337860302,1,1,1
35,64,45+,1,3,23,1986.0,1,шахматы,0,0.213560717578046,0,0,0
36,61,45+,1,3,22,1993.0,1,чтение,0,0.2747733809726876,0,1,0
37,20,<30,1,2,2,2015.0,0,чтение,0,0.6662927769643038,1,0,1
38,54,45+,1,3,24,1990.0,0,фотография,0,0.3920721799130118,0,1,1
39,24,<30,1,3,1,2011.0,0,путешествия,0,0.694144530674539,1,1,0
40,38,30-45,0,2,18,2003.0,1,путешествия,0,0.26538933114277014,0,1,0
41,26,<30,0,1,2,2013.0,1,спорт,0,0.3426038448012135,0,1,0
42,56,45+,1,1,25,1991.0,1,вязание,0,0.1548591130440448,0,0,1
43,35,30-45,0,3,12,2014.0,0,путешествия,0,0.6354501662413933,1,0,0
44,21,<30,0,2,2,2012.0,0,путешествия,0,0.5733775602104215,1,1,1
45,42,30-45,1,4,10,2008.0,0,спорт,0,0.7034739557858843,1,1,0
46,31,30-45,1,3,11,2016.0,0,фотография,0,0.7147794739002143,1,0,1
47,26,<30,1,3,4,2020.0,0,путешествия,0,0.7671489357131084,1,1,0
48,43,30-45,0,4,20,2000.0,1,чтение,0,0.3577617841729534,0,0,1
49,19,<30,0,3,0,2009.0,1,путешествия,0,0.44705194817723765,0,0,1
50,37,30-45,0,2,9,1999.0,0,путешествия,0,0.4038398441849093,0,0,0
51,45,30-45,0,1,13,1999.0,0,фотография,0,0.3231435795918913,0,0,0
52,64,45+,0,3,37,1980.0,0,рыбалка,0,0.210337624674314,0,1,0
53,24,<30,0,2,5,2017.0,0,программирование,1,0.7816943633221897,1,1,1
54,61,45+,1,2,18,1981.0,1,путешествия,0,0.14609535214137787,0,0,0
55,25,<30,1,3,3,2012.0,0,видеоигры,1,0.8361042331635915,1,0,0
56,64,45+,0,4,29,1990.0,1,вязание,0,0.23885991951828472,0,1,0
57,52,45+,0,2,21,1983.0,0,вязание,0,0.218135119237155,0,1,0
58,31,30-45,1,3,10,2013.0,0,чтение,0,0.6887910223656609,1,1,0
59,34,30-45,0,2,14,2016.0,0,фотография,0,0.580093852144465,1,0,0
60,53,45+,1,3,12,1991.0,1,фотография,0,0.28241923590065166,0,1,1
61,57,45+,0,1,16,1989.0,0,путешествия,0,0.22521876762520027,0,0,0
62,21,<30,0,3,2,2021.0,0,программирование,1,0.8575888899032978,1,1,1
63,19,<30,0,1,1,2018.0,0,скейтборд,1,0.7455520531166181,1,1,1
64,23,<30,0,3,2,2021.0,0,чтение,0,0.7320955194504519,1,0,1
65,59,45+,1,1,26,1989.0,1,спорт,0,0.14168110102007558,0,0,1
66,21,<30,1,2,2,2011.0,1,видеоигры,1,0.646492518819188,1,0,1
67,46,45+,1,2,15,2005.0,1,путешествия,0,0.3476917274314629,0,0,0
68,35,30-45,0,2,6,2012.0,0,путешествия,0,0.5606606182245227,1,1,0
69,43,30-45,1,1,20,2008.0,1,спорт,0,0.2984197300577152,0,0,0
70,61,45+,1,2,28,1978.0,1,чтение,0,0.1158580261680158,0,0,0
71,51,45+,1,3,19,1979.0,1,шахматы,0,0.17194578938788183,0,1,0
72,27,<30,0,3,5,2018.0,1,путешествия,0,0.5335058155279614,1,1,1
73,53,45+,0,1,18,1980.0,1,спорт,0,0.08564632138729622,0,0,0
74,31,30-45,1,3,6,2013.0,1,спорт,0,0.5377426217331348,1,0,0
75,48,45+,1,1,16,2001.0,1,путешествия,0,0.2454294266651919,0,0,0
76,65,45+,0,3,22,1985.0,1,спорт,0,0.16868087678168558,0,0,0
77,32,30-45,0,2,9,2016.0,0,путешествия,0,0.5957795883285926,1,0,1
78,25,<30,0,3,1,2020.0,1,путешествия,0,0.5689294947344188,1,0,1
79,31,30-45,1,2,11,2012.0,0,путешествия,0,0.60771643208028,1,0,0
80,40,30-45,0,4,14,2009.0,0,чтение,0,0.6454714754228369,1,1,1
81,57,45+,1,2,30,1982.0,1,спорт,0,0.13293716716063883,0,0,0
82,38,30-45,1,2,14,2004.0,0,фотография,0,0.5082583373748705,1,0,1
83,33,30-45,1,2,4,2013.0,0,чтение,0,0.6397099416822405,1,0,0
84,62,45+,1,3,26,1988.0,1,вязание,0,0.2225294309976773,0,0,0
85,35,30-45,0,3,14,2012.0,1,спорт,0,0.43617366489800413,0,0,0
86,64,45+,1,3,29,1987.0,1,шахматы,0,0.20824000881549928,0,0,0
87,41,30-45,0,4,14,2005.0,0,путешествия,0,0.6025913614568278,1,1,0
88,43,30-45,1,4,13,2001.0,1,спорт,0,0.45262299116180765,0,0,0
89,42,30-45,1,3,17,1994.0,0,путешествия,0,0.4588334763727773,0,0,0
90,62,45+,0,1,33,1979.0,0,фотография,0,0.1286487239587461,0,1,1
91,58,45+,1,3,25,1991.0,1,спорт,0,0.24958111883189743,0,0,1
92,46,45+,1,2,14,2006.0,1,шахматы,0,0.36111657934386887,0,1,0
93,32,30-45,0,3,5,2019.0,0,путешествия,0,0.7057788853754898,1,0,1
94,62,45+,1,3,23,1983.0,0,вязание,0,0.321744496857357,0,1,1
95,18,<30,1,3,0,2012.0,0,блогинг,1,0.8413588739764747,1,1,1
96,42,30-45,1,3,12,2006.0,1,чтение,0,0.43867273782383165,0,1,1
97,24,<30,0,3,3,2018.0,0,скейтборд,1,0.8382504765984982,1,1,1
98,26,<30,0,4,5,2023.0,0,спорт,0,0.7951020493866476,1,0,0
99,41,30-45,0,1,16,2001.0,0,спорт,0,0.33475543670923136,0,0,0
100,18,<30,1,2,0,2015.0,0,скейтборд,1,0.8186892525225047,1,0,1
101,61,45+,0,3,27,1983.0,1,фотография,0,0.1478939013585958,0,0,1
102,25,<30,1,4,2,2013.0,0,видеоигры,1,0.8793482270112993,1,0,0
103,41,30-45,0,1,9,2008.0,0,путешествия,0,0.43143580269491355,0,0,0
104,28,<30,1,1,9,2016.0,0,программирование,1,0.7574222175187716,1,0,1
105,34,30-45,0,1,8,2016.0,0,спорт,0,0.5256751045519792,1,0,1
106,25,<30,0,1,5,2020.0,0,путешествия,0,0.5804351309092771,1,0,1
107,52,45+,0,4,19,1990.0,1,рыбалка,0,0.26319335691071355,0,1,0
108,52,45+,0,3,26,1980.0,1,садоводство,0,0.1329119044302179,0,0,1
109,50,45+,1,3,18,2008.0,1,вязание,0,0.44206301269278114,0,0,0
110,22,<30,1,3,2,2019.0,0,программирование,1,0.8768118391498794,1,0,1
111,59,45+,1,3,21,1991.0,1,чтение,0,0.25940831225271427,0,0,0
112,56,45+,1,1,16,1993.0,1,фотография,0,0.18407557160407542,0,1,0
113,58,45+,1,2,19,1980.0,1,садоводство,0,0.13892589757773038,0,0,0
114,45,30-45,1,2,14,1994.0,1,путешествия,0,0.2461457655010466,0,0,1
115,24,<30,1,1,5,2019.0,0,чтение,0,0.6312218279589032,1,0,1
116,26,<30,1,2,6,2008.0,0,путешествия,0,0.5792163409536817,1,0,1
117,25,<30,0,2,4,2009.0,0,скейтборд,1,0.715588291435149,1,1,1
118,29,<30,1,1,5,2015.0,0,блогинг,1,0.7585360944935493,1,1,1
119,51,45+,0,1,20,1989.0,0,шахматы,0,0.21630848280118598,0,0,1
120,50,45+,1,3,26,2001.0,1,вязание,0,0.34152561018875793,0,0,1
121,65,45+,1,1,27,1981.0,1,шахматы,0,0.10154420540354452,0,0,0
122,40,30-45,0,4,11,2005.0,0,спорт,0,0.6118571278217922,1,0,1
123,41,30-45,0,1,9,2003.0,1,чтение,0,0.23153579518719955,0,0,0
124,54,45+,1,3,20,1987.0,1,чтение,0,0.228110057480878,0,0,1
125,52,45+,1,3,30,1990.0,0,чтение,0,0.37371492954983265,0,1,1
126,61,45+,0,4,15,1984.0,1,фотография,0,0.22235203194548397,0,0,0
127,57,45+,1,3,17,1982.0,0,шахматы,0,0.3287611231340752,0,1,0
128,39,30-45,1,2,18,2007.0,0,спорт,0,0.529571299767562,1,0,1
129,44,30-45,1,2,20,1997.0,1,фотография,0,0.25734981847567295,0,0,0
130,52,45+,1,2,21,1994.0,0,рыбалка,0,0.3740429469421765,0,1,0
131,18,<30,1,1,0,2019.0,0,программирование,1,0.8009655756451641,1,0,1
132,52,45+,0,1,19,1982.0,1,садоводство,0,0.09199776598054929,0,0,0
133,54,45+,1,3,15,1987.0,1,чтение,0,0.23971148069669887,0,0,1
134,64,45+,1,3,23,1981.0,1,путешествия,0,0.17766591720369906,0,1,0
135,31,30-45,0,3,7,2012.0,0,фотография,0,0.6292412666777559,1,0,0
136,20,<30,0,4,3,2010.0,0,фотография,0,0.6872675593887119,1,0,1
137,18,<30,0,3,0,2022.0,0,скейтборд,1,0.8661150655705121,1,1,1
138,22,<30,1,3,2,2020.0,0,видеоигры,1,0.8816667096179757,1,1,1
139,43,30-45,1,3,11,2002.0,1,фотография,0,0.3973502483042537,0,1,0
140,31,30-45,1,1,9,2009.0,0,путешествия,0,0.5070909328985044,1,1,1
141,56,45+,1,2,30,1991.0,1,рыбалка,0,0.18790674430773197,0,0,0
142,44,30-45,1,4,13,2000.0,1,чтение,0,0.44131971896418204,0,1,0
143,26,<30,0,4,5,2022.0,0,путешествия,0,0.787551459940945,1,1,1
144,32,30-45,0,3,8,2013.0,0,чтение,0,0.6368555917268721,1,0,1
145,32,30-45,0,2,3,2021.0,0,чтение,0,0.6669139420627345,1,0,0
146,43,30-45,0,3,12,1995.0,1,спорт,0,0.2673309801811938,0,1,1
147,59,45+,1,1,29,1992.0,1,путешествия,0,0.15406609484675626,0,1,0
148,30,<30,1,1,4,2022.0,0,фотография,0,0.6654330224963165,1,1,1
149,49,45+,0,2,19,2002.0,1,фотография,0,0.25410778236810366,0,1,0
150,56,45+,1,2,26,1986.0,0,садоводство,0,0.27979092560995794,0,0,1
151,49,45+,1,2,19,2006.0,0,рыбалка,0,0.5149314455712773,1,1,0
152,21,<30,0,2,1,2015.0,0,чтение,0,0.609636343500578,1,0,1
153,47,45+,0,1,20,1996.0,1,садоводство,0,0.15946422083266365,0,1,0
154,54,45+,0,2,17,1988.0,1,спорт,0,0.15562665692123656,0,0,0
155,40,30-45,0,3,8,2000.0,0,чтение,0,0.49181545400800525,0,1,0
156,56,45+,1,3,27,1984.0,0,путешествия,0,0.3204208836085839,0,1,0
157,62,45+,0,1,24,1993.0,1,садоводство,0,0.13573090605851768,0,0,0
158,32,30-45,0,2,8,2018.0,0,путешествия,0,0.6206527731558638,1,0,1
159,60,45+,1,3,29,1987.0,1,фотография,0,0.20824000881549928,0,1,0
160,46,45+,1,3,19,1998.0,1,рыбалка,0,0.33113880309956606,0,1,1
161,53,45+,0,2,24,1993.0,1,путешествия,0,0.17463323604043954,0,0,1
162,30,<30,0,3,11,2017.0,1,путешествия,0,0.5026981632417938,1,0,1
163,49,45+,0,4,29,2002.0,1,рыбалка,0,0.35201672905568593,0,1,0
164,24,<30,0,1,3,2013.0,0,скейтборд,1,0.6943383197235935,1,1,1
165,39,30-45,0,2,8,2001.0,0,фотография,0,0.4292083920578992,0,0,1
166,45,30-45,1,2,19,1996.0,1,чтение,0,0.2511350287472164,0,1,1
167,19,<30,0,3,0,2012.0,1,видеоигры,1,0.671444493763827,1,0,0
168,59,45+,0,1,25,1979.0,1,садоводство,0,0.07555217059568485,0,1,0
169,62,45+,1,1,28,1993.0,1,рыбалка,0,0.16187000010805935,0,0,0
170,23,<30,0,2,4,2012.0,0,чтение,0,0.5670301277238948,1,0,1
171,45,30-45,0,4,22,1999.0,1,спорт,0,0.3414763194511841,0,0,1
172,45,30-45,0,3,19,2007.0,1,чтение,0,0.3658400258604151,0,0,0
173,61,45+,1,3,28,1985.0,1,чтение,0,0.19559201742645324,0,0,0
174,61,45+,0,3,27,1982.0,1,садоводство,0,0.14222330491602875,0,1,0
175,37,30-45,1,1,14,2000.0,0,путешествия,0,0.3898478913669808,0,0,1
176,47,45+,1,3,16,2002.0,0,фотография,0,0.5532341374949721,1,1,1
177,28,<30,0,3,8,2011.0,1,фотография,0,0.44405198710746635,0,1,1
178,45,30-45,1,2,12,1997.0,0,фотография,0,0.4350762641187247,0,1,1
179,42,30-45,0,3,7,2007.0,1,путешествия,0,0.40258619941532303,0,1,0
180,56,45+,0,3,18,1992.0,1,фотография,0,0.22739186104365558,0,0,0
181,50,45+,1,3,26,1999.0,0,вязание,0,0.4867667289989934,0,1,0
182,18,<30,1,1,0,2018.0,0,чтение,0,0.6356386976030833,1,0,1
183,44,30-45,1,4,13,1998.0,1,фотография,0,0.41890581156708234,0,1,0
184,30,<30,0,4,2,2017.0,0,спорт,0,0.7540689347558597,1,1,1
185,58,45+,0,2,35,1990.0,1,путешествия,0,0.1379071525298356,0,0,0
186,20,<30,1,1,5,2020.0,0,блогинг,1,0.7979156761907227,1,0,0
187,56,45+,0,1,16,1986.0,1,садоводство,0,0.11227473253026997,0,0,0
188,23,<30,0,4,5,2017.0,0,фотография,0,0.7467931383415584,1,1,1
189,25,<30,0,3,4,2015.0,0,путешествия,0,0.6692960206012482,1,0,1
190,44,30-45,0,2,15,1996.0,0,путешествия,0,0.35334188711178294,0,0,1
191,26,<30,1,2,3,2014.0,0,чтение,0,0.6531207498340285,1,1,1
192,54,45+,0,2,19,1983.0,0,вязание,0,0.22258477988696102,0,1,0
193,50,45+,1,3,20,2005.0,1,шахматы,0,0.40230194021832416,0,0,0
194,59,45+,0,2,19,1990.0,1,путешествия,0,0.16443722975846234,0,1,0
195,61,45+,1,4,25,1992.0,1,спорт,0,0.31928750604226735,0,1,0
196,41,30-45,0,3,14,2004.0,0,чтение,0,0.5181107527899876,1,1,0
197,32,30-45,0,3,8,2018.0,0,чтение,0,0.6879150309227915,1,0,1
198,49,45+,0,2,19,1993.0,0,вязание,0,0.31144518849573977,0,0,0
199,49,45+,0,1,18,2001.0,1,шахматы,0,0.19660154418721357,0,0,0
200,41,30-45,1,2,13,2007.0,0,чтение,0,0.5456661857606956,1,0,1
201,58,45+,1,2,31,1984.0,1,фотография,0,0.14225004712669864,0,0,0
202,29,<30,1,2,7,2023.0,0,фотография,0,0.729591167335206,1,0,1
203,56,45+,0,4,28,1989.0,0,садоводство,0,0.37831584059293827,0,0,0
204,19,<30,0,2,0,2014.0,1,скейтборд,1,0.624364376107757,1,0,1
205,20,<30,0,1,1,2013.0,0,путешествия,0,0.5140600075684052,1,0,1
206,54,45+,1,1,21,1989.0,0,фотография,0,0.26083586980060164,0,0,1
207,34,30-45,1,2,8,2011.0,1,чтение,0,0.4343385369865687,0,0,0
208,19,<30,1,4,1,2016.0,0,скейтборд,1,0.8943921241952495,1,1,1
209,19,<30,0,2,0,2009.0,0,блогинг,1,0.7260122647740934,1,0,1
210,45,30-45,1,2,11,2005.0,0,путешествия,0,0.5293703823543636,1,0,1
211,40,30-45,0,3,13,1997.0,0,чтение,0,0.4415974488556573,0,0,0
212,54,45+,1,2,35,1987.0,1,рыбалка,0,0.15299009959886165,0,0,0
213,49,45+,1,2,17,2005.0,0,путешествия,0,0.5099773678234985,1,0,1
214,50,45+,1,1,24,2006.0,1,фотография,0,0.26931617726201534,0,0,0
215,18,<30,1,2,0,2012.0,0,блогинг,1,0.7974292166207247,1,0,0
216,36,30-45,0,1,9,1998.0,1,фотография,0,0.193362612570092,0,0,1
217,19,<30,1,1,0,2014.0,0,фотография,0,0.5923204556133561,1,0,1
218,61,45+,0,3,22,1989.0,1,вязание,0,0.19590507007918453,0,0,0
219,43,30-45,1,1,11,1996.0,0,спорт,0,0.3561718390922838,0,0,0
220,49,45+,0,3,18,2002.0,1,вязание,0,0.3173878684160605,0,0,0
221,23,<30,1,3,2,2018.0,0,видеоигры,1,0.8717867526962968,1,0,1
222,49,45+,1,3,22,2000.0,1,фотография,0,0.34289241570057694,0,0,0
223,21,<30,1,2,1,2018.0,0,скейтборд,1,0.8364065379459782,1,1,1
224,28,<30,1,1,4,2013.0,0,путешествия,0,0.5685739885994113,1,0,1
225,34,30-45,1,3,10,2019.0,0,фотография,0,0.7443782060078021,1,0,1
226,55,45+,1,3,20,1981.0,1,чтение,0,0.18341334112462876,0,1,1
227,41,30-45,1,3,11,1999.0,0,путешествия,0,0.5352688201423726,1,1,1
228,22,<30,1,1,3,2011.0,1,спорт,0,0.378130776260156,0,0,0
229,51,45+,0,4,20,1990.0,1,садоводство,0,0.2606897021952454,0,0,1
230,23,<30,1,1,1,2010.0,0,блогинг,1,0.7246856298092945,1,0,1
231,39,30-45,1,2,19,2000.0,0,чтение,0,0.4465466884310296,0,0,1
232,28,<30,1,2,7,2019.0,0,скейтборд,1,0.8319845118528794,1,1,1
233,65,45+,0,1,31,1983.0,1,фотография,0,0.08323697359346835,0,0,1
234,33,30-45,0,2,7,2013.0,0,фотография,0,0.5687180418365334,1,0,0
235,50,45+,1,3,14,1997.0,0,чтение,0,0.5027499427695064,1,1,1
236,26,<30,0,3,5,2022.0,0,спорт,0,0.7334424390538162,1,0,1
237,23,<30,1,3,6,2013.0,0,программирование,1,0.8370446318483132,1,1,1
238,33,30-45,0,2,8,2019.0,0,путешествия,0,0.6313585255768998,1,0,1
239,46,45+,0,3,13,1996.0,0,вязание,0,0.4303530414754494,0,0,1
240,20,<30,1,1,2,2022.0,0,чтение,0,0.6711744276455859,1,1,1
241,37,30-45,1,2,10,2005.0,0,спорт,0,0.5325955294468215,1,0,0
242,53,45+,1,1,18,1995.0,1,путешествия,0,0.1941264526850499,0,1,0
243,36,30-45,1,2,13,2011.0,0,спорт,0,0.5905146203048337,1,0,0
244,43,30-45,0,2,24,2001.0,1,спорт,0,0.23374147933882933,0,1,1
245,20,<30,1,2,3,2011.0,0,чтение,0,0.6214240060164145,1,0,1
246,36,30-45,0,3,11,2008.0,0,спорт,0,0.5730347635745132,1,1,1
247,37,30-45,1,4,16,2010.0,0,чтение,0,0.7063355530156704,1,1,0
248,49,45+,1,2,17,2008.0,0,вязание,0,0.5441604491861313,1,0,1
249,24,<30,0,4,8,2019.0,1,фотография,0,0.6080619179155896,1,0,1
250,58,45+,1,3,25,1991.0,1,спорт,0,0.24958111883189743,0,1,0
251,50,45+,1,3,17,2010.0,1,фотография,0,0.4679479526117856,0,1,1
252,57,45+,0,3,25,1993.0,0,фотография,0,0.36054402231805294,0,0,0
253,56,45+,1,1,22,1983.0,1,рыбалка,0,0.11670885186374884,0,1,0
254,35,30-45,0,3,7,2019.0,1,спорт,0,0.5384373110831235,1,0,0
255,57,45+,0,3,22,1981.0,1,садоводство,0,0.14455977788310517,0,1,1
256,18,<30,1,4,0,2017.0,0,путешествия,0,0.8029705582697458,1,1,1
257,28,<30,1,3,7,2013.0,1,фотография,0,0.534521950297135,1,0,1
258,45,30-45,1,3,13,1997.0,1,фотография,0,0.3382581278926888,0,0,1
259,42,30-45,1,3,12,2001.0,0,чтение,0,0.5547344269404155,1,0,0
260,40,30-45,1,2,7,2006.0,1,спорт,0,0.38228314592392615,0,1,0
261,48,45+,1,2,24,2003.0,0,спорт,0,0.46451059235459363,0,0,1
262,47,45+,0,2,20,2006.0,1,фотография,0,0.28764383978609165,0,1,0
263,59,45+,0,2,19,1989.0,1,путешествия,0,0.158250125349461,0,0,0
264,52,45+,0,2,18,1985.0,1,фотография,0,0.13690072579304075,0,0,0
265,24,<30,0,3,1,2014.0,0,спорт,0,0.6677717909394405,1,1,0
266,33,30-45,1,3,10,2019.0,0,чтение,0,0.7443782060078021,1,0,1
267,43,30-45,0,4,10,1998.0,0,чтение,0,0.5369249485134329,1,0,1
268,65,45+,0,3,32,1991.0,1,чтение,0,0.1899812921592793,0,0,0
269,19,<30,0,3,0,2015.0,0,спорт,0,0.6806594964197553,1,0,1
270,18,<30,1,4,0,2010.0,0,программирование,1,0.8670339986901777,1,0,1
271,65,45+,1,3,34,1990.0,1,чтение,0,0.2204354971469877,0,0,0
272,29,<30,1,3,3,2010.0,0,программирование,1,0.823183058259448,1,0,1
273,22,<30,1,2,2,2013.0,0,путешествия,0,0.6456577141085315,1,0,1
274,54,45+,1,2,26,1985.0,1,рыбалка,0,0.15627030781733872,0,0,0
275,49,45+,1,2,18,2007.0,1,вязание,0,0.35971689719908484,0,0,0
276,26,<30,0,3,10,2018.0,0,путешествия,0,0.6823275759506044,1,1,1
277,58,45+,1,3,27,1993.0,1,спорт,0,0.2620599493236772,0,1,0
278,52,45+,1,2,23,1989.0,1,садоводство,0,0.18778370951365594,0,0,0
279,36,30-45,1,2,9,2002.0,0,чтение,0,0.5015822851026133,1,0,0
280,65,45+,1,4,40,1978.0,1,спорт,0,0.1691706524817816,0,0,0
281,33,30-45,1,3,14,2010.0,0,путешествия,0,0.6469098050073928,1,0,1
282,20,<30,1,2,2,2021.0,0,спорт,0,0.724289971127126,1,0,1
283,37,30-45,1,3,14,1993.0,1,чтение,0,0.29589254559197703,0,0,1
284,41,30-45,0,3,15,1999.0,0,фотография,0,0.4578197088910759,0,1,0
285,50,45+,1,4,18,2000.0,0,фотография,0,0.597355154994493,1,1,0
286,41,30-45,0,2,16,2001.0,1,спорт,0,0.25280627436386455,0,0,1
287,28,<30,1,1,4,2012.0,0,блогинг,1,0.7350567881338508,1,1,1
288,25,<30,1,2,2,2013.0,0,видеоигры,1,0.8006133915822347,1,0,1
289,53,45+,0,2,22,1979.0,1,фотография,0,0.1027116144070536,0,0,0
290,55,45+,1,3,32,1982.0,1,шахматы,0,0.16755359533983893,0,1,0
291,57,45+,0,2,20,1985.0,0,вязание,0,0.23646515517421532,0,0,0
292,37,30-45,1,4,14,2001.0,0,чтение,0,0.6205746139952549,1,0,1
293,52,45+,0,2,25,1987.0,1,шахматы,0,0.13699604549272423,0,0,0
294,65,45+,1,4,20,1988.0,0,фотография,0,0.4550720696456571,0,1,0
295,42,30-45,0,1,14,2000.0,0,фотография,0,0.33035424767020766,0,0,1
296,52,45+,1,3,16,1995.0,1,чтение,0,0.3097311837739762,0,0,0
297,42,30-45,0,4,15,2008.0,0,спорт,0,0.6319315964693425,1,1,1
298,46,45+,1,4,15,2005.0,1,спорт,0,0.49173550346214134,0,1,1
299,35,30-45,1,1,8,2017.0,0,чтение,0,0.6004047788240534,1,1,0
300,63,45+,1,1,28,1984.0,1,путешествия,0,0.11345303394920071,0,1,0
301,35,30-45,1,3,13,2014.0,1,спорт,0,0.5265587767975507,1,0,0
302,19,<30,1,1,0,2009.0,0,чтение,0,0.5361664456987444,1,0,1
303,52,45+,0,1,17,1987.0,1,чтение,0,0.11558355672150805,0,0,0
304,33,30-45,0,2,7,2022.0,1,путешествия,0,0.49829292584674084,0,0,0
305,58,45+,0,3,27,1992.0,1,чтение,0,0.2075675495857519,0,0,0
306,53,45+,1,3,24,1982.0,1,садоводство,0,0.1825056760562796,0,0,0
307,50,45+,1,1,21,1999.0,1,садоводство,0,0.21766085953091607,0,0,0
308,21,<30,0,1,0,2019.0,0,скейтборд,1,0.7565226453488925,1,0,1
309,50,45+,1,2,20,2008.0,1,рыбалка,0,0.36429646254360715,0,0,0
310,31,30-45,1,3,8,2010.0,0,путешествия,0,0.6644492985856735,1,0,1
311,38,30-45,1,1,10,2010.0,0,путешествия,0,0.5152814318009282,1,0,1
312,65,45+,0,2,23,1985.0,1,шахматы,0,0.12942802686048127,0,0,0
313,37,30-45,0,4,10,2009.0,0,чтение,0,0.6572343454121715,1,0,1
314,25,<30,1,4,2,2023.0,0,блогинг,1,0.920089777717512,1,0,1
315,24,<30,1,4,2,2020.0,0,блогинг,1,0.9094039668120626,1,0,1
316,20,<30,0,3,2,2014.0,0,блогинг,1,0.8138616749443917,1,1,1
317,34,30-45,1,2,11,2022.0,1,фотография,0,0.549834462589542,1,0,0
318,50,45+,1,3,25,2007.0,0,спорт,0,0.5807470583841036,1,0,1
319,65,45+,1,2,27,1986.0,1,путешествия,0,0.1606410886302102,0,1,1
320,29,<30,1,3,4,2016.0,0,скейтборд,1,0.858086873071152,1,1,0
321,39,30-45,0,2,14,1996.0,0,путешествия,0,0.356306522293788,0,1,0
322,39,30-45,0,3,13,2007.0,0,путешествия,0,0.5554246920835552,1,1,1
323,63,45+,1,3,30,1983.0,1,вязание,0,0.1777837739085329,0,1,0
324,47,45+,0,1,22,2002.0,0,вязание,0,0.3276733287464324,0,1,0
325,55,45+,0,3,21,1978.0,1,вязание,0,0.12986406042632145,0,0,0
326,55,45+,0,1,23,1991.0,0,вязание,0,0.22535952426554104,0,0,0
327,62,45+,0,2,30,1990.0,1,спорт,0,0.14578742358595856,0,1,0
328,25,<30,0,1,3,2016.0,0,путешествия,0,0.5417879527917737,1,1,1
329,44,30-45,0,2,12,2002.0,0,чтение,0,0.427721478899421,0,1,1
330,44,30-45,0,1,13,1999.0,1,чтение,0,0.1924173130030805,0,1,1
331,51,45+,0,4,29,1988.0,1,шахматы,0,0.22263105338409947,0,1,1
332,38,30-45,1,2,10,1997.0,0,фотография,0,0.4414526362885573,0,1,0
333,47,45+,1,2,9,1997.0,0,путешествия,0,0.44464821348502115,0,0,0
334,50,45+,1,2,30,1998.0,1,фотография,0,0.24166680875723784,0,0,0
335,45,30-45,0,3,21,1995.0,1,фотография,0,0.24512946003235178,0,1,0
336,64,45+,0,3,17,1990.0,1,путешествия,0,0.21389488255702482,0,0,1
337,50,45+,1,3,25,1999.0,1,фотография,0,0.32409593267178494,0,0,1
338,22,<30,1,3,3,2022.0,0,скейтборд,1,0.8896153015399345,1,0,1
339,65,45+,1,4,32,1992.0,1,путешествия,0,0.2999154339964692,0,0,0
340,36,30-45,0,3,9,2006.0,0,чтение,0,0.5569235168081541,1,0,0
341,21,<30,1,3,2,2019.0,0,чтение,0,0.7635881470458953,1,0,0
342,52,45+,0,2,20,1984.0,0,спорт,0,0.22830844305121994,0,0,0
343,34,30-45,0,3,13,2015.0,0,спорт,0,0.6430093208709714,1,1,1
344,61,45+,1,3,32,1982.0,0,фотография,0,0.2873992249935917,0,1,0
345,45,30-45,1,3,16,2000.0,0,чтение,0,0.5305338716897073,1,1,0
346,47,45+,0,3,21,1997.0,1,шахматы,0,0.26244467767573854,0,0,0
347,46,45+,0,3,16,1999.0,1,путешествия,0,0.29378116635322876,0,0,0
348,63,45+,1,3,20,1992.0,0,чтение,0,0.42669466301335124,0,0,0
349,23,<30,0,1,5,2021.0,0,фотография,0,0.5915289050790717,1,0,1
350,52,45+,0,1,18,1995.0,1,рыбалка,0,0.1568243750066518,0,1,0
351,58,45+,0,2,20,1991.0,1,шахматы,0,0.1689906831885079,0,0,0
352,54,45+,1,4,20,1984.0,0,путешествия,0,0.4102055440025087,0,0,1
353,41,30-45,0,3,19,1997.0,0,спорт,0,0.42253304462730734,0,0,1
354,46,45+,1,3,15,2009.0,1,чтение,0,0.46301442645621327,0,1,0
355,63,45+,1,3,20,1994.0,1,шахматы,0,0.28927510400120193,0,1,0
356,48,45+,1,3,13,2000.0,1,спорт,0,0.36961291453805456,0,1,0
357,52,45+,1,4,15,1986.0,1,путешествия,0,0.2886558001230501,0,0,1
358,50,45+,0,3,13,2000.0,1,садоводство,0,0.3116301033598013,0,0,0
359,38,30-45,0,3,16,2007.0,0,путешествия,0,0.5458117778082846,1,0,0
360,49,45+,0,3,24,2005.0,0,фотография,0,0.4971751827482665,0,1,1
361,40,30-45,0,2,15,2005.0,1,путешествия,0,0.2915572929371431,0,1,0
362,50,45+,1,3,15,1994.0,1,садоводство,0,0.3027671344384809,0,0,0
363,20,<30,0,2,1,2023.0,0,фотография,0,0.6924545752747168,1,0,1
364,35,30-45,0,1,5,2016.0,0,фотография,0,0.5353513945660725,1,0,0
365,42,30-45,0,3,19,1999.0,1,чтение,0,0.28578564953398433,0,0,1
366,59,45+,1,3,21,1981.0,1,шахматы,0,0.18148167490788564,0,1,1
367,48,45+,0,4,18,1994.0,0,шахматы,0,0.4654173827745931,0,0,1
368,20,<30,0,2,2,2016.0,0,фотография,0,0.617408490957198,1,0,1
369,57,45+,0,2,29,1995.0,1,рыбалка,0,0.17851622740030346,0,0,0
370,63,45+,1,2,25,1990.0,1,вязание,0,0.1908267534491661,0,1,0
371,41,30-45,1,1,27,1997.0,1,спорт,0,0.19023078016810166,0,1,1
372,49,45+,0,2,25,1994.0,0,шахматы,0,0.30463040778768385,0,0,0
373,64,45+,0,2,29,1988.0,0,спорт,0,0.2402110742729928,0,0,1
374,39,30-45,0,1,8,2007.0,1,спорт,0,0.268196689252056,0,0,0
375,40,30-45,0,2,11,2009.0,0,фотография,0,0.5104742865349323,1,0,0
376,19,<30,1,2,1,2013.0,0,спорт,0,0.6486149275898371,1,0,0
377,44,30-45,1,3,17,2009.0,0,путешествия,0,0.6273588392314862,1,0,0
378,59,45+,0,1,19,1985.0,1,садоводство,0,0.10411704699895688,0,1,0
379,19,<30,1,3,1,2020.0,0,спорт,0,0.7740168148093618,1,0,1
380,43,30-45,0,3,15,1996.0,1,чтение,0,0.2686803762385928,0,0,0
381,34,30-45,1,2,9,2016.0,0,путешествия,0,0.6562308153500964,1,0,0
382,57,45+,1,4,23,1987.0,0,садоводство,0,0.4341894549103596,0,0,0
383,50,45+,0,3,18,1995.0,0,фотография,0,0.40350254048362666,0,0,1
384,26,<30,1,3,5,2014.0,0,программирование,1,0.84489117988246,1,0,1
385,60,45+,0,1,25,1989.0,0,шахматы,0,0.2055335098615107,0,0,0
386,65,45+,0,3,24,1987.0,1,вязание,0,0.17807463353575362,0,1,0
387,56,45+,0,3,21,1987.0,1,вязание,0,0.18383232354293533,0,0,0
388,46,45+,0,2,22,2001.0,0,чтение,0,0.3854718271342723,0,1,0
389,59,45+,1,2,31,1990.0,1,шахматы,0,0.17911584244707263,0,1,0
390,43,30-45,1,2,16,2009.0,0,фотография,0,0.558674205038515,1,0,1
391,52,45+,1,3,27,1985.0,1,вязание,0,0.19763760801090002,0,0,0
392,42,30-45,1,2,15,2000.0,1,фотография,0,0.29778905148492407,0,0,1
393,41,30-45,1,3,8,2003.0,0,фотография,0,0.5897855749802038,1,0,1
394,30,<30,0,1,6,2018.0,0,спорт,0,0.554816419269774,1,0,1
395,24,<30,0,3,5,2012.0,1,скейтборд,1,0.6570045490636871,1,0,1
396,53,45+,0,2,26,1987.0,0,спорт,0,0.2389579407581499,0,0,1
397,62,45+,1,2,23,1995.0,1,вязание,0,0.23324125344438407,0,0,0
398,37,30-45,1,3,8,2006.0,0,фотография,0,0.6225221971893887,1,1,1
399,18,<30,0,1,0,2022.0,0,фотография,0,0.6179298469408482,1,1,0
400,25,<30,1,1,5,2022.0,0,видеоигры,1,0.8122621964181075,1,0,1
401,63,45+,1,2,25,1985.0,1,фотография,0,0.15798542225771028,0,0,0
402,33,30-45,1,3,14,2016.0,0,путешествия,0,0.7067932769719587,1,0,1
403,31,30-45,0,4,6,2019.0,1,чтение,0,0.6142170739704982,1,0,0
404,29,<30,0,3,7,2012.0,0,фотография,0,0.6292412666777559,1,0,1
405,40,30-45,0,2,12,1999.0,1,спорт,0,0.24538883652954543,0,0,0
406,32,30-45,0,1,14,2022.0,0,спорт,0,0.5743118853945872,1,0,0
407,45,30-45,0,3,16,2007.0,0,чтение,0,0.5458117778082846,1,0,0
408,51,45+,1,3,22,1989.0,1,путешествия,0,0.23985849087770283,0,1,0
409,19,<30,0,2,1,2018.0,0,фотография,0,0.6417510581572575,1,0,0
410,49,45+,1,1,19,2007.0,1,фотография,0,0.2916025687987185,0,0,0
411,40,30-45,1,2,13,2001.0,0,спорт,0,0.4772153465850237,0,0,1
412,39,30-45,1,3,12,2008.0,0,путешествия,0,0.6317949874237078,1,1,1
413,42,30-45,0,2,16,2005.0,1,путешествия,0,0.2888896132203798,0,1,1
414,39,30-45,1,3,19,2010.0,0,фотография,0,0.631982576992404,1,1,0
415,39,30-45,1,2,11,1999.0,0,фотография,0,0.4608900442237616,0,0,0
416,59,45+,0,1,23,1990.0,1,садоводство,0,0.12180491979716163,0,0,0
417,23,<30,0,2,4,2018.0,0,видеоигры,1,0.7915423693443602,1,0,1
418,32,30-45,1,2,9,2012.0,0,фотография,0,0.6138735684343145,1,0,0
419,60,45+,0,1,27,1994.0,1,фотография,0,0.13653982309058083,0,1,0
420,54,45+,0,1,22,1979.0,1,спорт,0,0.07831083110935856,0,0,0
421,50,45+,0,1,13,2008.0,0,садоводство,0,0.4187767554760216,0,0,0
422,25,<30,0,1,2,2016.0,0,блогинг,1,0.7252429233666761,1,1,1
423,61,45+,1,2,24,1988.0,1,чтение,0,0.17899729492761995,0,0,0
424,61,45+,0,4,22,1988.0,1,садоводство,0,0.23871332916534904,0,1,0
425,22,<30,1,3,2,2012.0,0,блогинг,1,0.8378711566037347,1,1,1
426,56,45+,1,3,28,1984.0,1,рыбалка,0,0.18849713147982325,0,1,0
427,21,<30,1,2,3,2016.0,0,блогинг,1,0.8197080278004398,1,1,1
428,23,<30,1,2,4,2013.0,0,видеоигры,1,0.7964466082931358,1,0,1
429,62,45+,1,1,30,1993.0,1,рыбалка,0,0.15838679838384928,0,0,0
430,49,45+,0,3,19,2010.0,0,путешествия,0,0.5700609667731871,1,0,0
431,47,45+,1,2,19,2003.0,0,фотография,0,0.48064843476481933,0,0,1
432,64,45+,1,1,23,1979.0,1,рыбалка,0,0.0979828708671749,0,0,0
433,52,45+,1,3,18,1985.0,0,вязание,0,0.35673684373892117,0,0,0
434,57,45+,1,2,25,1978.0,1,садоводство,0,0.1198975130500236,0,0,0
435,33,30-45,0,2,11,2008.0,0,чтение,0,0.4990434459922751,0,0,1
436,30,<30,0,1,7,2013.0,1,спорт,0,0.3281721516006026,0,0,0
437,59,45+,1,3,25,1979.0,1,спорт,0,0.16116281020981668,0,1,0
438,47,45+,0,3,16,2001.0,1,путешествия,0,0.3131075474907352,0,1,0
439,36,30-45,1,2,13,2002.0,0,фотография,0,0.48863388839579625,0,1,0
440,34,30-45,0,2,8,2018.0,0,путешествия,0,0.6206527731558638,1,0,0
441,36,30-45,0,3,8,2006.0,0,фотография,0,0.560116745419761,1,1,0
442,45,30-45,0,1,9,2006.0,0,путешествия,0,0.4091562463161267,0,0,0
443,43,30-45,0,3,21,2009.0,1,путешествия,0,0.38117903527720226,0,1,0
444,54,45+,1,3,19,1988.0,1,чтение,0,0.2386066190825477,0,0,0
445,43,30-45,0,1,14,1996.0,0,фотография,0,0.291212757068419,0,0,0
446,40,30-45,1,1,11,2005.0,1,спорт,0,0.29411747184410114,0,0,1
447,26,<30,1,3,2,2020.0,0,фотография,0,0.771743570194914,1,1,0
448,29,<30,0,2,7,2018.0,0,фотография,0,0.6236970444669075,1,0,1
449,18,<30,1,1,0,2011.0,0,видеоигры,1,0.7362376000956766,1,0,0
450,18,<30,1,3,0,2014.0,0,спорт,0,0.725060969309637,1,0,1
451,64,45+,1,2,32,1992.0,0,чтение,0,0.321077577457652,0,1,0
452,51,45+,0,2,22,1986.0,1,вязание,0,0.13618485190752563,0,0,0
453,49,45+,1,2,19,2002.0,0,рыбалка,0,0.469245263589328,0,1,0
454,65,45+,1,3,30,1988.0,1,чтение,0,0.21369619779273558,0,1,0
455,42,30-45,0,2,7,2002.0,0,фотография,0,0.4436400942291108,0,1,0
456,57,45+,0,4,24,1987.0,1,садоводство,0,0.22594053819748783,0,1,0
457,62,45+,1,3,22,1981.0,1,шахматы,0,0.17956587897029133,0,1,1
458,18,<30,0,1,0,2012.0,0,программирование,1,0.692876547259715,1,0,0
459,33,30-45,1,2,15,2011.0,0,чтение,0,0.5842372763752899,1,0,1
460,56,45+,0,2,23,1984.0,0,шахматы,0,0.22153585586384433,0,1,0
461,22,<30,1,3,2,2012.0,0,чтение,0,0.7010591772354386,1,0,0
462,39,30-45,1,3,12,1997.0,0,путешествия,0,0.5092241040628759,1,0,0
463,46,45+,0,3,16,2007.0,1,садоводство,0,0.37489960084463725,0,0,0
464,20,<30,0,1,1,2015.0,0,чтение,0,0.5368614636730221,1,0,0
465,29,<30,1,3,8,2018.0,0,чтение,0,0.7405869533405591,1,0,0
466,43,30-45,1,1,20,1997.0,0,спорт,0,0.3401014181039975,0,0,0
467,33,30-45,1,3,13,2022.0,0,чтение,0,0.7626362981784509,1,0,1
468,54,45+,0,3,22,1989.0,0,вязание,0,0.3280383774427775,0,1,0
469,39,30-45,0,2,17,2002.0,1,чтение,0,0.2590481154855163,0,1,1
470,46,45+,0,2,17,1997.0,1,рыбалка,0,0.2176235373717718,0,0,0
471,31,30-45,1,3,8,2016.0,0,спорт,0,0.7226335099770967,1,0,0
472,45,30-45,0,3,15,2005.0,1,спорт,0,0.3566893151717446,0,0,0
473,22,<30,0,2,3,2021.0,1,путешествия,0,0.4998109053454142,0,1,0
474,64,45+,1,2,32,1994.0,1,рыбалка,0,0.2054812803143364,0,0,0
475,47,45+,1,3,9,2008.0,0,шахматы,0,0.6407857506493481,1,0,1
476,63,45+,0,1,30,1992.0,1,вязание,0,0.12189121313783186,0,0,0
477,22,<30,0,1,4,2014.0,0,фотография,0,0.5157780788708439,1,0,0
478,29,<30,1,1,6,2010.0,1,скейтборд,1,0.5518271874085272,1,0,1
479,33,30-45,1,1,9,2018.0,1,чтение,0,0.43657220798537716,0,1,0
480,43,30-45,0,3,27,1995.0,0,спорт,0,0.3757925640937979,0,0,1
481,43,30-45,1,4,17,1998.0,1,путешествия,0,0.4063516559025283,0,0,0
482,65,45+,1,3,23,1984.0,1,фотография,0,0.19860224669770643,0,0,0
483,38,30-45,0,1,5,2007.0,0,чтение,0,0.4329258600675987,0,0,0
484,56,45+,0,3,25,1987.0,1,рыбалка,0,0.17618706198590856,0,1,0
485,53,45+,1,2,20,1991.0,0,садоводство,0,0.3454388728439596,0,0,0
486,50,45+,1,1,20,1998.0,1,садоводство,0,0.21213075238874743,0,1,0
487,47,45+,0,4,21,1997.0,0,садоводство,0,0.4899477854066475,0,0,0
488,54,45+,1,2,28,1980.0,1,путешествия,0,0.12556074874147377,0,1,0
489,40,30-45,1,4,12,1994.0,0,путешествия,0,0.5492849747551334,1,0,0
490,27,<30,0,2,7,2014.0,0,чтение,0,0.5798973951389088,1,1,1
491,22,<30,1,3,0,2016.0,0,блогинг,1,0.864278691872031,1,0,0
492,53,45+,1,1,24,1993.0,1,вязание,0,0.16902146671733098,0,0,0
493,51,45+,0,2,16,1988.0,1,садоводство,0,0.15733602441781613,0,1,0
494,48,45+,0,2,19,1995.0,0,садоводство,0,0.33138832342561825,0,0,0
495,27,<30,0,3,5,2018.0,0,видеоигры,1,0.8347078468399005,1,1,0
496,36,30-45,1,3,11,2008.0,0,чтение,0,0.6348024556651088,1,1,1
497,49,45+,1,3,17,2008.0,1,чтение,0,0.4452594860509251,0,0,1
498,18,<30,0,3,0,2014.0,0,скейтборд,1,0.8177535416345784,1,1,1
499,22,<30,1,3,2,2016.0,0,скейтборд,1,0.8612117450804762,1,1,1
500,62,45+,1,2,25,1985.0,1,садоводство,0,0.15798542225771028,0,0,1
501,21,<30,1,2,2,2023.0,0,путешествия,0,0.7421744492144953,1,0,1
502,33,30-45,0,3,7,2020.0,1,спорт,0,0.5497802091616878,1,1,1
503,41,30-45,0,3,20,1996.0,0,фотография,0,0.4082840862426983,0,0,1
504,33,30-45,0,3,6,2009.0,1,чтение,0,0.4279325246653143,0,0,0
505,19,<30,1,2,0,2022.0,0,скейтборд,1,0.8614754118897463,1,0,1
506,45,30-45,0,1,13,2002.0,0,фотография,0,0.35384648971223503,0,0,1
507,49,45+,1,4,28,2000.0,0,фотография,0,0.5658535393640782,1,0,1
508,44,30-45,0,3,18,2000.0,0,спорт,0,0.45952756372786735,0,1,1
509,37,30-45,0,1,11,2006.0,1,фотография,0,0.25192501647890153,0,1,0
510,41,30-45,1,3,24,1997.0,0,чтение,0,0.47040869089095905,0,0,1
511,29,<30,1,4,7,2017.0,0,фотография,0,0.788233874650342,1,0,1
512,52,45+,0,1,28,1983.0,1,садоводство,0,0.08625005229150488,0,0,0
513,50,45+,0,3,22,1996.0,1,шахматы,0,0.2512454929306636,0,1,1
514,50,45+,1,4,7,1994.0,1,шахматы,0,0.3935336697325084,0,0,1
515,60,45+,0,4,23,1982.0,1,садоводство,0,0.1904522947870679,0,1,0
516,54,45+,0,4,23,1993.0,1,спорт,0,0.28008309035098766,0,0,0
517,29,<30,1,3,10,2012.0,0,программирование,1,0.8233004117711991,1,0,1
518,20,<30,0,2,0,2014.0,0,скейтборд,1,0.7690813116835149,1,1,0
519,18,<30,0,1,0,2009.0,0,чтение,0,0.4716024013672868,0,0,1
520,50,45+,0,1,19,2006.0,1,фотография,0,0.23290596399433838,0,0,0
521,57,45+,0,2,22,1996.0,1,чтение,0,0.19939966989608918,0,0,1
522,27,<30,0,2,7,2013.0,0,путешествия,0,0.5687180418365334,1,0,0
523,60,45+,0,1,22,1984.0,1,садоводство,0,0.09648766100396712,0,0,0
524,61,45+,0,2,27,1990.0,1,вязание,0,0.1506925681792723,0,0,0
525,46,45+,0,1,12,1997.0,1,садоводство,0,0.18051125051982816,0,0,0
526,30,<30,1,3,4,2011.0,1,фотография,0,0.5214118821971412,1,0,0
527,29,<30,0,2,5,2012.0,0,спорт,0,0.5638480062668185,1,0,0
528,48,45+,0,3,24,1999.0,1,рыбалка,0,0.27275432325916404,0,0,0
529,63,45+,1,3,25,1984.0,1,фотография,0,0.19451206200624285,0,0,0
530,19,<30,1,1,0,2010.0,0,программирование,1,0.7272619063302136,1,0,1
531,52,45+,0,4,19,1996.0,1,фотография,0,0.31971984927158753,0,0,0
532,40,30-45,1,3,9,1999.0,0,фотография,0,0.5417055430126476,1,1,1
533,34,30-45,0,2,10,2011.0,1,фотография,0,0.36616517245108354,0,1,0
534,43,30-45,0,1,11,1998.0,0,путешествия,0,0.3188218909028514,0,1,1
535,25,<30,1,2,8,2021.0,0,скейтборд,1,0.8426748231716241,1,1,1
536,46,45+,1,1,17,2003.0,0,фотография,0,0.41347597164089833,0,0,1
537,43,30-45,0,2,15,2003.0,0,чтение,0,0.4294059795959819,0,0,1
538,27,<30,0,3,13,2011.0,1,спорт,0,0.42812996540323867,0,1,0
539,43,30-45,1,3,13,2004.0,1,фотография,0,0.41314969577334615,0,1,1
540,51,45+,0,3,17,1982.0,1,чтение,0,0.15876555048904134,0,0,0
541,58,45+,1,1,21,1987.0,1,шахматы,0,0.13846427954776475,0,0,0
542,24,<30,0,1,5,2018.0,0,видеоигры,1,0.7356007476780962,1,0,1
543,21,<30,1,2,4,2021.0,0,программирование,1,0.8494210840037074,1,1,1
544,62,45+,1,1,20,1982.0,1,вязание,0,0.11468022942598108,0,1,0
545,28,<30,1,1,9,2021.0,0,фотография,0,0.6404043573375513,1,0,0
546,46,45+,1,3,15,2002.0,0,чтение,0,0.5564327780681687,1,0,1
547,53,45+,1,1,18,1993.0,0,фотография,0,0.3057934710047946,0,0,0
548,42,30-45,0,3,13,1998.0,0,фотография,0,0.45290206786337245,0,0,1
549,38,30-45,0,1,12,2000.0,1,фотография,0,0.20170063590807022,0,0,1
550,53,45+,0,4,24,1987.0,1,путешествия,0,0.22594053819748783,0,1,0
551,27,<30,1,3,9,2015.0,0,путешествия,0,0.7107198294163907,1,1,1
552,54,45+,1,3,34,1981.0,1,рыбалка,0,0.157799112306162,0,1,0
553,26,<30,0,1,7,2016.0,0,спорт,0,0.5289030392302446,1,1,0
554,41,30-45,0,3,13,2000.0,1,спорт,0,0.3116301033598013,0,0,1
555,52,45+,0,3,18,1989.0,1,рыбалка,0,0.20419387458714017,0,1,0
556,52,45+,1,3,16,1991.0,1,фотография,0,0.2720405268150946,0,0,0
557,65,45+,0,3,24,1983.0,1,спорт,0,0.15285723761642026,0,1,0
558,53,45+,1,3,24,1984.0,1,вязание,0,0.19654911766387714,0,0,0
559,35,30-45,1,1,9,2022.0,1,чтение,0,0.4819659742984717,0,1,0
560,56,45+,0,3,23,1985.0,1,рыбалка,0,0.1668726621025309,0,1,0
561,49,45+,0,3,17,2004.0,1,фотография,0,0.3404267924082617,0,0,0
562,41,30-45,0,2,12,2005.0,1,спорт,0,0.2996465384625286,0,0,0
563,40,30-45,0,1,11,1997.0,0,спорт,0,0.3089739189031393,0,1,1
564,49,45+,0,2,18,2007.0,0,шахматы,0,0.46500524926530107,0,0,0
565,54,45+,0,3,25,1981.0,1,чтение,0,0.13982139526191395,0,0,1
566,29,<30,1,1,4,2009.0,0,чтение,0,0.5232625524478917,1,0,1
567,30,<30,0,2,3,2015.0,0,чтение,0,0.6034552867036194,1,1,0
568,40,30-45,0,1,15,2000.0,0,чтение,0,0.32749568494782233,0,1,1
569,42,30-45,1,3,8,2002.0,0,путешествия,0,0.5786781769785532,1,1,0
570,52,45+,1,1,15,1987.0,1,путешествия,0,0.14799650469964393,0,0,0
571,58,45+,0,3,19,1991.0,1,чтение,0,0.21724788167517564,0,1,0
572,47,45+,1,2,17,2003.0,1,рыбалка,0,0.3215711619718382,0,0,0
573,34,30-45,0,3,13,2010.0,0,чтение,0,0.5889925178756672,1,1,1
574,37,30-45,1,4,13,1997.0,1,путешествия,0,0.407817219854113,0,1,1
575,65,45+,1,1,27,1982.0,1,фотография,0,0.10579291992267174,0,0,0
576,42,30-45,1,2,11,2000.0,1,спорт,0,0.3087334825850976,0,0,0
577,39,30-45,0,3,15,2009.0,1,путешествия,0,0.39966895288261517,0,0,0
578,30,<30,1,2,7,2020.0,0,чтение,0,0.7016904888245444,1,0,0
579,36,30-45,0,2,7,2007.0,1,чтение,0,0.3334169828769365,0,1,0
580,53,45+,0,3,18,1987.0,0,рыбалка,0,0.31935703563699525,0,0,0
581,29,<30,0,4,7,2015.0,1,скейтборд,1,0.7425627804931132,1,0,1
582,58,45+,0,3,20,1993.0,1,шахматы,0,0.2308942932946715,0,1,0
583,36,30-45,0,2,15,1997.0,1,путешествия,0,0.22206572636378794,0,0,0
584,29,<30,1,2,3,2019.0,0,спорт,0,0.7029599154857031,1,0,0
585,26,<30,1,1,2,2022.0,0,скейтборд,1,0.8181149478345344,1,1,1
586,24,<30,0,3,1,2021.0,0,блогинг,1,0.8591632073113185,1,1,0
587,45,30-45,0,3,15,1997.0,1,фотография,0,0.2777602876914653,0,1,1
588,31,30-45,0,3,7,2014.0,0,чтение,0,0.6503145681977313,1,1,1
589,48,45+,0,1,17,1993.0,0,рыбалка,0,0.2562520157353557,0,1,0
590,36,30-45,0,3,15,1995.0,1,спорт,0,0.25979051822616334,0,0,1
591,64,45+,1,2,34,1991.0,1,путешествия,0,0.18012943220902392,0,0,0
592,33,30-45,0,2,13,2015.0,0,спорт,0,0.5720890477958215,1,0,0
593,22,<30,0,3,3,2019.0,0,видеоигры,1,0.8443552910934806,1,1,1
594,52,45+,0,1,16,1985.0,0,фотография,0,0.19490838242802472,0,1,0
595,29,<30,1,3,14,2021.0,1,блогинг,1,0.7691677151453805,1,0,1
596,42,30-45,1,3,16,2001.0,0,чтение,0,0.5419057513909201,1,0,0
597,38,30-45,1,4,10,2000.0,1,спорт,0,0.45091938822468247,0,0,1
598,53,45+,1,3,23,1984.0,1,садоводство,0,0.19860224669770643,0,0,0
599,40,30-45,0,3,7,1999.0,0,чтение,0,0.4836257960058625,0,0,1
600,33,30-45,0,3,3,2024.0,0,спорт,0,0.7557500523938774,1,0,0
601,56,45+,1,1,20,1985.0,1,фотография,0,0.12936186835212488,0,0,0
602,62,45+,0,2,35,1981.0,1,фотография,0,0.09583812836913759,0,0,0
603,59,45+,1,3,28,1983.0,1,чтение,0,0.18160150385142748,0,0,1
604,56,45+,0,3,27,1978.0,1,чтение,0,0.12133340027792672,0,0,0
605,31,30-45,0,3,7,2016.0,0,путешествия,0,0.6708167045103643,1,0,1
606,48,45+,1,2,19,2003.0,1,шахматы,0,0.31594688577619423,0,1,1
607,22,<30,1,2,2,2012.0,1,фотография,0,0.46487300085615213,0,1,1
608,52,45+,1,1,21,1996.0,0,фотография,0,0.32705788204825326,0,0,0
609,40,30-45,0,3,18,1999.0,1,фотография,0,0.2884362924909782,0,1,0
610,46,45+,1,3,15,1995.0,1,шахматы,0,0.31250674237475123,0,1,0
611,60,45+,0,3,26,1992.0,0,вязание,0,0.3471288906417484,0,1,0
612,28,<30,0,2,8,2014.0,0,чтение,0,0.5767392512792162,1,0,1
613,35,30-45,0,2,9,2020.0,0,чтение,0,0.638954317511209,1,0,0
614,64,45+,0,3,37,1992.0,1,садоводство,0,0.1870712292541139,0,1,0
615,29,<30,0,3,7,2018.0,1,блогинг,1,0.7106308772114295,1,0,1
616,26,<30,0,2,8,2013.0,1,фотография,0,0.3938054046698334,0,0,0
617,27,<30,0,3,7,2020.0,1,скейтборд,1,0.7290699506836695,1,0,0
618,61,45+,0,2,21,1990.0,1,шахматы,0,0.16090939095602175,0,0,0
619,34,30-45,0,3,9,2021.0,0,фотография,0,0.7139462547473007,1,0,1
620,55,45+,0,3,29,1984.0,0,фотография,0,0.2618508896120744,0,0,1
621,24,<30,0,3,4,2013.0,0,чтение,0,0.6487487656220206,1,0,0
622,63,45+,1,3,27,1983.0,1,садоводство,0,0.18353415952197968,0,1,0
623,30,<30,0,2,8,2017.0,0,чтение,0,0.6098282504931709,1,0,0
624,57,45+,0,3,25,1983.0,1,шахматы,0,0.15118779930549822,0,1,1
625,59,45+,0,3,23,1992.0,1,чтение,0,0.21621711283569564,0,1,0
626,26,<30,1,3,4,2021.0,0,видеоигры,1,0.8837198508111069,1,1,1
627,44,30-45,1,3,17,1999.0,0,фотография,0,0.5158965894076656,1,0,0
628,19,<30,1,1,1,2015.0,0,чтение,0,0.6002112754399931,1,1,0
629,22,<30,1,4,0,2013.0,0,скейтборд,1,0.8820692745111799,1,0,1
630,46,45+,0,3,19,2008.0,1,спорт,0,0.37651293876739145,0,1,0
631,54,45+,1,2,23,1979.0,0,шахматы,0,0.2267500004301948,0,0,0
632,55,45+,1,3,24,1989.0,1,вязание,0,0.2351679720517399,0,0,0
633,36,30-45,0,1,11,2003.0,1,путешествия,0,0.22695943555488765,0,0,0
634,25,<30,0,1,5,2017.0,0,блогинг,1,0.7266114295778373,1,0,1
635,65,45+,0,2,34,1985.0,1,рыбалка,0,0.11420611446590896,0,0,0
636,62,45+,1,3,30,1993.0,1,путешествия,0,0.25461649636418315,0,1,0
637,18,<30,1,3,0,2017.0,0,блогинг,1,0.8695540121634466,1,1,1
638,39,30-45,1,3,14,2000.0,0,путешествия,0,0.5369794464037624,1,1,1
639,34,30-45,0,3,9,2023.0,0,фотография,0,0.7322536644315328,1,0,1
640,24,<30,0,2,3,2011.0,0,видеоигры,1,0.7363516297553951,1,1,1
641,42,30-45,0,1,13,1998.0,0,спорт,0,0.3132234992157868,0,0,1
642,62,45+,0,1,28,1988.0,1,шахматы,0,0.10605761850629956,0,0,0
643,21,<30,1,3,2,2023.0,0,программирование,1,0.8952472811772624,1,1,1
644,53,45+,1,4,26,1981.0,0,шахматы,0,0.3593914522442248,0,0,0
645,23,<30,0,2,1,2011.0,0,видеоигры,1,0.7413490694056895,1,1,1
646,48,45+,1,3,16,2009.0,1,путешествия,0,0.45979613803429753,0,0,0
647,36,30-45,0,4,9,2005.0,1,чтение,0,0.4467055962471114,0,0,0
648,61,45+,1,1,29,1985.0,0,вязание,0,0.2094656230231553,0,0,0
649,56,45+,0,3,29,1981.0,1,спорт,0,0.13370662013501713,0,0,1
650,44,30-45,0,3,11,2001.0,0,чтение,0,0.49353468723717536,0,0,1
651,27,<30,0,3,8,2024.0,0,программирование,1,0.8647005916803152,1,1,1
652,43,30-45,0,2,12,1999.0,0,спорт,0,0.3945223027088068,0,0,1
653,36,30-45,0,3,12,1997.0,0,спорт,0,0.4447932395426414,0,1,0
654,56,45+,1,3,24,1983.0,1,спорт,0,0.1894276895400932,0,0,0
655,20,<30,1,1,0,2012.0,0,спорт,0,0.5700627975785706,1,0,0
656,62,45+,1,3,28,1983.0,1,фотография,0,0.18160150385142748,0,0,0
657,30,<30,0,1,8,2019.0,0,фотография,0,0.5597085533040161,1,0,0
658,45,30-45,1,3,16,2000.0,1,чтение,0,0.3606073951673035,0,1,0
659,37,30-45,0,3,6,1997.0,0,спорт,0,0.4640548967713264,0,1,0
660,45,30-45,0,3,24,1998.0,0,фотография,0,0.4178985927827556,0,1,1
661,25,<30,1,2,3,2015.0,0,видеоигры,1,0.8128507537966182,1,0,1
662,58,45+,1,1,19,1993.0,1,чтение,0,0.17831192745921232,0,1,0
663,56,45+,0,1,25,1982.0,0,шахматы,0,0.15813531520698193,0,1,0
664,18,<30,0,2,0,2017.0,1,путешествия,0,0.4638573270964218,0,0,0
665,20,<30,1,2,0,2013.0,0,скейтборд,1,0.8047157937364128,1,1,1
666,30,<30,0,3,8,2013.0,0,путешествия,0,0.6368555917268721,1,1,1
667,45,30-45,0,1,14,2003.0,1,спорт,0,0.22021544599145254,0,0,1
668,42,30-45,1,3,14,1998.0,0,путешествия,0,0.5141785425273633,1,1,1
669,50,45+,0,2,20,1995.0,0,садоводство,0,0.3285252026126566,0,0,1
670,55,45+,0,3,20,1982.0,1,рыбалка,0,0.1536451636550352,0,0,0
671,23,<30,0,3,4,2022.0,0,программирование,1,0.8599934535800291,1,1,1
672,61,45+,1,3,32,1985.0,1,путешествия,0,0.18757008693058128,0,0,0
673,62,45+,1,4,22,1989.0,1,спорт,0,0.29830435282552653,0,1,0
674,49,45+,1,1,17,2001.0,1,спорт,0,0.2430390139812229,0,0,0
675,62,45+,1,2,29,1987.0,1,чтение,0,0.16333273628466222,0,0,1
676,64,45+,1,2,35,1987.0,1,спорт,0,0.15299009959886165,0,0,0
677,38,30-45,0,2,10,2005.0,1,фотография,0,0.30511007111652555,0,1,0
678,33,30-45,0,3,10,2016.0,0,чтение,0,0.6621813227039027,1,0,1
679,38,30-45,1,2,18,2003.0,0,путешествия,0,0.48388194033665327,0,0,0
680,28,<30,1,3,5,2015.0,0,скейтборд,1,0.8507899719757018,1,1,0
681,54,45+,1,2,23,1990.0,1,путешествия,0,0.19485819067270096,0,1,0
682,53,45+,1,4,19,1983.0,1,вязание,0,0.25144669893430305,0,0,1
683,52,45+,0,4,18,1992.0,1,садоводство,0,0.2839346786523997,0,0,0
684,36,30-45,0,2,9,1995.0,1,чтение,0,0.2196982879481999,0,0,1
685,37,30-45,0,1,16,2007.0,1,путешествия,0,0.24835704039044834,0,0,1
686,35,30-45,0,3,12,2021.0,0,фотография,0,0.7059463254472065,1,0,1
687,64,45+,0,4,29,1996.0,1,садоводство,0,0.29223307272001064,0,1,0
688,58,45+,1,2,27,1993.0,0,садоводство,0,0.3456212475170294,0,1,1
689,31,30-45,1,2,8,2015.0,1,путешествия,0,0.4796977887524392,0,1,1
690,32,30-45,0,4,12,2015.0,0,фотография,0,0.7108405581247733,1,0,1
691,48,45+,0,3,22,1997.0,0,садоводство,0,0.41308305469146395,0,0,0
692,18,<30,0,2,0,2010.0,1,скейтборд,1,0.5805901682507482,1,0,0
693,20,<30,0,3,1,2016.0,0,путешествия,0,0.68774186499532,1,0,1
694,33,30-45,1,4,10,2013.0,0,фотография,0,0.7488603366369433,1,1,0
695,40,30-45,1,3,10,2008.0,0,путешествия,0,0.637799441834441,1,1,1
696,28,<30,1,3,4,2011.0,0,спорт,0,0.6858345041468107,1,1,1
697,29,<30,1,3,7,2017.0,0,фотография,0,0.7342400086405129,1,0,1
698,27,<30,1,1,5,2009.0,0,путешествия,0,0.5200310420258024,1,1,1
699,49,45+,0,3,18,1996.0,1,вязание,0,0.26111541737179034,0,0,0
700,33,30-45,0,2,5,2023.0,0,путешествия,0,0.6813143051484071,1,1,1
701,25,<30,0,4,6,2017.0,1,скейтборд,1,0.7620117897775406,1,0,1
702,55,45+,1,2,25,1989.0,1,чтение,0,0.18386521246221943,0,0,0
703,29,<30,0,3,8,2012.0,0,скейтборд,1,0.7868663841341021,1,1,1
704,41,30-45,0,2,9,2011.0,1,чтение,0,0.3691759750675566,0,1,0
705,45,30-45,1,3,14,2009.0,0,спорт,0,0.6363955836505203,1,1,1
706,25,<30,1,1,5,2014.0,1,путешествия,0,0.40463193875608483,0,0,0
707,45,30-45,1,3,16,2003.0,1,чтение,0,0.39280412356576033,0,1,1
708,53,45+,0,3,19,1985.0,1,спорт,0,0.1741992106445119,0,0,1
709,43,30-45,0,3,15,2007.0,1,чтение,0,0.3779393986650968,0,0,0
710,25,<30,0,3,2,2014.0,0,спорт,0,0.664892503868519,1,0,1
711,45,30-45,0,1,16,2007.0,1,фотография,0,0.24835704039044834,0,0,0
712,45,30-45,0,4,14,2006.0,0,чтение,0,0.6134894066371664,1,0,1
713,54,45+,0,3,19,1991.0,1,чтение,0,0.21724788167517564,0,0,0
714,58,45+,1,3,23,1988.0,1,путешествия,0,0.22932344493540957,0,0,0
715,53,45+,0,3,23,1981.0,1,рыбалка,0,0.14296566729036778,0,0,0
716,44,30-45,1,3,14,2010.0,1,чтение,0,0.4776316505702662,0,0,1
717,34,30-45,1,2,6,2024.0,0,спорт,0,0.7410108658697191,1,0,0
718,26,<30,0,3,3,2011.0,0,путешествия,0,0.630656716142602,1,1,1
719,50,45+,1,3,20,2008.0,0,вязание,0,0.6073823338622026,1,1,0
720,37,30-45,0,3,14,1998.0,0,фотография,0,0.44969520524123335,0,1,1
721,30,<30,0,3,4,2016.0,0,спорт,0,0.679338240234442,1,1,1
722,45,30-45,1,1,23,2001.0,0,чтение,0,0.37313863297483024,0,1,1
723,65,45+,0,2,22,1990.0,1,садоводство,0,0.15916853394019392,0,1,0
724,46,45+,1,1,14,1998.0,0,чтение,0,0.3683246935337396,0,1,0
725,30,<30,0,1,7,2020.0,1,фотография,0,0.402187845187451,0,0,1
726,63,45+,1,3,22,1988.0,1,рыбалка,0,0.23162023553314134,0,1,1
727,52,45+,0,3,20,1994.0,1,путешествия,0,0.23911476346708524,0,0,1
728,23,<30,0,1,2,2016.0,1,фотография,0,0.3741337086633549,0,0,1
729,35,30-45,0,2,7,2012.0,1,чтение,0,0.3860081206147611,0,0,0
730,22,<30,1,4,1,2019.0,0,фотография,0,0.8150966613903662,1,1,1
731,64,45+,1,3,26,1990.0,1,вязание,0,0.23875316445748793,0,0,0
732,42,30-45,1,3,12,1994.0,1,путешествия,0,0.31103084952444837,0,0,1
733,19,<30,0,3,0,2013.0,0,спорт,0,0.660460098003291,1,0,1
734,27,<30,1,3,8,2018.0,1,чтение,0,0.5875884382449421,1,1,0
735,47,45+,1,1,20,2006.0,1,шахматы,0,0.27963087428768274,0,0,1
736,62,45+,1,1,27,1996.0,1,садоводство,0,0.18328605613995985,0,0,0
737,22,<30,0,1,3,2009.0,0,блогинг,1,0.65420224709718,1,1,0
738,50,45+,1,2,21,2009.0,1,садоводство,0,0.3719208365952974,0,0,0
739,18,<30,1,4,0,2014.0,0,спорт,0,0.7803618647648677,1,0,1
740,35,30-45,0,3,7,2022.0,0,спорт,0,0.7283482116861358,1,1,0
741,49,45+,1,2,19,2005.0,0,вязание,0,0.5035034548912027,1,0,0
742,64,45+,1,2,22,1992.0,1,путешествия,0,0.21176201187554003,0,0,0
743,28,<30,0,2,8,2013.0,0,путешествия,0,0.5655388206939682,1,0,0
744,38,30-45,0,3,16,1998.0,0,путешествия,0,0.4432942664897293,0,1,1
745,43,30-45,0,3,9,1998.0,1,фотография,0,0.3031870711749318,0,0,0
746,42,30-45,1,2,15,1995.0,0,чтение,0,0.40336119645719215,0,0,1
747,39,30-45,1,1,14,2007.0,0,путешествия,0,0.4680821704842457,0,0,1
748,44,30-45,0,3,17,2008.0,0,чтение,0,0.5539248582065238,1,0,1
749,30,<30,1,3,9,2019.0,0,спорт,0,0.7468345831880034,1,1,1
750,50,45+,1,2,17,2009.0,1,чтение,0,0.3840995105216239,0,1,0
751,51,45+,0,3,14,1979.0,0,путешествия,0,0.25525806443946136,0,0,1
752,58,45+,1,3,18,1984.0,1,шахматы,0,0.20910949325609768,0,1,0
753,52,45+,1,2,23,1991.0,1,путешествия,0,0.2021328647937812,0,0,0
754,18,<30,1,2,0,2010.0,0,блогинг,1,0.7822530557734577,1,0,1
755,38,30-45,1,2,15,2002.0,1,путешествия,0,0.31726064561593575,0,1,1
756,65,45+,1,3,36,1985.0,1,спорт,0,0.17980362372551556,0,0,0
757,23,<30,1,4,1,2021.0,0,блогинг,1,0.914123764369144,1,1,1
758,45,30-45,0,3,14,2008.0,1,спорт,0,0.3918306142168521,0,1,0
759,34,30-45,1,3,11,2009.0,0,путешествия,0,0.6453370713154287,1,0,1
760,22,<30,1,3,4,2020.0,0,программирование,1,0.8789376484571358,1,0,1
761,48,45+,1,3,17,2005.0,1,чтение,0,0.4116782906449705,0,0,0
762,22,<30,0,4,1,2021.0,0,скейтборд,1,0.8915262997758062,1,1,1
763,55,45+,1,2,16,1984.0,0,шахматы,0,0.2875210462665508,0,0,1
764,20,<30,0,3,4,2013.0,0,чтение,0,0.6487487656220206,1,0,0
765,40,30-45,1,3,14,2003.0,0,чтение,0,0.5708639381612108,1,1,0
766,54,45+,0,3,24,1990.0,1,вязание,0,0.19904746849805688,0,0,0
767,54,45+,0,2,18,1988.0,0,вязание,0,0.2671621496121237,0,1,0
768,27,<30,0,3,5,2018.0,0,чтение,0,0.6961944029580985,1,0,1
769,27,<30,0,3,7,2018.0,1,блогинг,1,0.7106308772114295,1,1,1
770,36,30-45,1,2,12,1998.0,0,чтение,0,0.4463473834683994,0,1,0
771,34,30-45,1,3,9,2011.0,0,путешествия,0,0.6717177862114733,1,1,1
772,38,30-45,1,2,14,2007.0,1,спорт,0,0.3717324677785657,0,1,0
773,31,30-45,0,4,8,2015.0,0,фотография,0,0.7213707865374087,1,0,0
774,26,<30,0,3,5,2015.0,0,фотография,0,0.666423344587698,1,0,1
775,63,45+,1,3,25,1989.0,1,чтение,0,0.23284666223331968,0,0,0
776,18,<30,1,1,0,2008.0,1,программирование,1,0.548422557348819,1,0,1
777,62,45+,0,1,20,1988.0,1,фотография,0,0.11628855726515137,0,0,0
778,30,<30,0,3,7,2008.0,0,фотография,0,0.5856582300186538,1,1,0
779,21,<30,0,2,3,2012.0,0,видеоигры,1,0.7451330170441072,1,1,1
780,18,<30,1,3,0,2019.0,0,чтение,0,0.7682318160564299,1,0,1
781,57,45+,1,1,21,1990.0,1,чтение,0,0.1556554620302491,0,1,0
782,49,45+,0,3,20,2008.0,0,шахматы,0,0.5443061207934693,1,0,0
783,51,45+,0,3,19,1984.0,1,садоводство,0,0.16771852969390647,0,0,0
784,45,30-45,1,1,17,1995.0,0,спорт,0,0.3283956632148077,0,1,0
785,48,45+,0,3,15,2005.0,1,спорт,0,0.3566893151717446,0,0,1
786,25,<30,0,3,6,2009.0,0,спорт,0,0.5998223818513935,1,1,0
787,56,45+,1,3,22,1992.0,1,чтение,0,0.26575518268468373,0,0,0
788,43,30-45,0,2,17,2010.0,0,путешествия,0,0.5024826323897539,1,1,0
789,51,45+,0,3,14,1994.0,1,садоводство,0,0.2535369096995308,0,1,0
790,20,<30,1,2,1,2021.0,0,спорт,0,0.7268685546316975,1,0,1
791,29,<30,1,2,7,2019.0,1,видеоигры,1,0.7119228358433688,1,0,1
792,18,<30,1,2,0,2018.0,0,чтение,0,0.701521650004638,1,0,1
793,61,45+,1,3,23,1988.0,0,путешествия,0,0.3735261924623524,0,0,0
794,22,<30,1,1,2,2015.0,0,путешествия,0,0.5970997421604036,1,0,0
795,47,45+,1,4,18,2004.0,1,садоводство,0,0.4706234780630131,0,0,0
796,47,45+,0,2,19,1997.0,0,путешествия,0,0.3519557386510158,0,1,0
797,34,30-45,1,2,7,2023.0,0,путешествия,0,0.729591167335206,1,0,1
798,65,45+,1,2,30,1981.0,1,рыбалка,0,0.12775406694666586,0,0,0
799,64,45+,0,2,31,1989.0,1,садоводство,0,0.13863062695424158,0,0,0
800,40,30-45,0,3,14,2006.0,0,спорт,0,0.540891890763919,1,0,0
801,32,30-45,0,2,12,2015.0,0,фотография,0,0.5752563358897126,1,1,1
802,54,45+,0,1,25,1989.0,1,спорт,0,0.11434794324956653,0,1,0
803,38,30-45,0,2,16,2007.0,0,чтение,0,0.4714541953486718,0,0,0
804,31,30-45,1,2,11,2015.0,0,чтение,0,0.6398957971829137,1,1,1
805,19,<30,1,1,1,2008.0,0,чтение,0,0.5215464028601103,1,1,1
806,28,<30,0,3,8,2020.0,1,фотография,0,0.5465726879755133,1,1,1
807,56,45+,0,3,21,1991.0,1,шахматы,0,0.21287569603882153,0,0,1
808,55,45+,0,3,27,1984.0,0,рыбалка,0,0.2668878983338151,0,0,0
809,51,45+,1,3,17,1989.0,1,спорт,0,0.2518624621249012,0,1,0
810,55,45+,0,3,14,1985.0,1,фотография,0,0.1837113530317849,0,0,0
811,51,45+,0,4,26,1986.0,0,спорт,0,0.35251771715445307,0,1,1
812,35,30-45,0,1,12,2013.0,1,фотография,0,0.31405795370765693,0,0,1
813,47,45+,0,1,18,1998.0,1,путешествия,0,0.1758298508581942,0,0,0
814,32,30-45,0,1,11,2017.0,0,чтение,0,0.5273898646136617,1,1,0
815,44,30-45,1,1,18,1998.0,0,путешествия,0,0.3563567952932356,0,1,1
816,51,45+,1,1,17,1992.0,1,рыбалка,0,0.17542518709591456,0,0,1
817,55,45+,1,3,21,1992.0,0,вязание,0,0.4235297127193104,0,0,1
818,50,45+,0,2,15,2003.0,0,спорт,0,0.4294059795959819,0,0,0
819,41,30-45,1,4,16,2008.0,0,спорт,0,0.687013447304097,1,0,0
820,32,30-45,1,2,9,2019.0,0,чтение,0,0.686483589174942,1,0,0
821,47,45+,0,2,13,2005.0,0,спорт,0,0.45836775569294214,0,1,0
822,59,45+,1,4,29,1983.0,1,чтение,0,0.2278634297546984,0,1,1
823,34,30-45,0,3,8,2011.0,0,путешествия,0,0.6154508218956666,1,1,1
824,22,<30,1,2,3,2014.0,0,чтение,0,0.6531207498340285,1,0,0
825,46,45+,0,3,16,2005.0,0,фотография,0,0.523059503742321,1,1,0
826,21,<30,1,3,3,2012.0,1,путешествия,0,0.5360323788387488,1,1,1
827,27,<30,0,2,2,2013.0,0,путешествия,0,0.5845243689539332,1,1,0
828,34,30-45,1,2,10,2011.0,1,чтение,0,0.4279861842924816,0,0,0
829,27,<30,1,3,7,2014.0,0,фотография,0,0.7066261187514372,1,1,1
830,34,30-45,1,3,8,2017.0,0,фотография,0,0.7317053303496217,1,0,1
831,37,30-45,0,1,11,2004.0,1,спорт,0,0.23508263403273946,0,1,1
832,41,30-45,0,3,13,2008.0,1,путешествия,0,0.3949209629987152,0,0,0
833,22,<30,1,2,3,2014.0,1,спорт,0,0.4844472153621274,0,0,0
834,51,45+,0,3,18,1985.0,0,путешествия,0,0.29981327803847474,0,0,1
835,23,<30,0,1,3,2018.0,0,путешествия,0,0.5643908535782823,1,0,1
836,19,<30,1,3,0,2015.0,1,видеоигры,1,0.7522308321017334,1,0,1
837,30,<30,1,3,7,2022.0,0,путешествия,0,0.7764140138056386,1,1,1
838,60,45+,0,2,23,1984.0,1,рыбалка,0,0.12436212113504273,0,0,0
839,60,45+,0,1,32,1980.0,1,шахматы,0,0.07247377982458589,0,1,0
840,65,45+,0,3,26,1984.0,1,вязание,0,0.15544261511162402,0,1,0
841,28,<30,1,4,5,2013.0,1,спорт,0,0.6135545803641788,1,1,0
842,64,45+,1,2,28,1979.0,1,садоводство,0,0.12062523770910548,0,0,1
843,40,30-45,1,2,12,2003.0,0,чтение,0,0.5033018463703129,1,1,0
844,33,30-45,1,3,7,2018.0,0,фотография,0,0.7430671873227297,1,0,1
845,48,45+,0,3,23,2001.0,1,путешествия,0,0.2939485158651172,0,0,0
846,28,<30,0,1,10,2021.0,0,скейтборд,1,0.749446773215222,1,0,0
847,33,30-45,0,3,6,2012.0,0,спорт,0,0.632257452555874,1,1,1
848,25,<30,0,3,6,2021.0,0,блогинг,1,0.8511444366164421,1,0,1
849,21,<30,1,2,2,2020.0,1,путешествия,0,0.556037621102466,1,0,1
850,57,45+,1,2,17,1981.0,1,фотография,0,0.147718344838184,0,0,0
851,21,<30,0,2,3,2019.0,0,спорт,0,0.6462968992888611,1,0,1
852,42,30-45,0,3,15,2006.0,0,чтение,0,0.5376742966053693,1,1,0
853,20,<30,1,3,2,2016.0,0,скейтборд,1,0.8612117450804762,1,1,1
854,49,45+,1,3,14,2008.0,1,садоводство,0,0.45487507847155495,0,0,0
855,20,<30,0,2,3,2010.0,0,путешествия,0,0.5476637432033709,1,0,1
856,44,30-45,1,2,23,2003.0,1,путешествия,0,0.3048595162049781,0,0,0
857,46,45+,1,3,20,2000.0,1,шахматы,0,0.3487518092629778,0,0,1
858,49,45+,0,2,22,2006.0,1,садоводство,0,0.282365980389363,0,0,0
859,36,30-45,1,3,11,1995.0,1,спорт,0,0.3237427053126147,0,1,0
860,38,30-45,0,3,6,2005.0,1,путешествия,0,0.38385690195172345,0,1,0
861,22,<30,1,2,5,2022.0,0,программирование,1,0.8535658522796423,1,1,1
862,35,30-45,1,2,7,2015.0,0,чтение,0,0.6517438503745333,1,1,0
863,45,30-45,1,1,14,2010.0,1,путешествия,0,0.33499628685906413,0,1,0
864,59,45+,1,1,29,1987.0,1,вязание,0,0.1265617593380274,0,1,0
865,39,30-45,0,3,13,1995.0,1,чтение,0,0.26480211138772397,0,0,0
866,38,30-45,1,2,12,2006.0,0,спорт,0,0.5375283062646502,1,0,1
867,23,<30,1,1,2,2017.0,0,видеоигры,1,0.7815941279560273,1,1,1
868,18,<30,1,3,0,2022.0,0,видеоигры,1,0.8933731198233407,1,1,1
869,22,<30,1,1,3,2011.0,0,видеоигры,1,0.7286241192811769,1,0,1
870,58,45+,1,3,23,1987.0,0,садоводство,0,0.3628886667134367,0,0,0
871,29,<30,1,2,3,2014.0,0,видеоигры,1,0.8057944599081142,1,1,1
872,43,30-45,0,1,25,2001.0,1,спорт,0,0.18267558739877193,0,1,0
873,63,45+,1,2,19,1986.0,0,шахматы,0,0.2984172041790746,0,0,0
874,51,45+,1,1,21,1982.0,1,рыбалка,0,0.1133719431711661,0,1,0
875,31,30-45,1,3,10,2009.0,0,спорт,0,0.6482955031046091,1,1,1
876,43,30-45,1,3,15,2008.0,1,спорт,0,0.4516657789639272,0,0,1
877,62,45+,0,1,27,1987.0,0,рыбалка,0,0.1870305685627698,0,0,0
878,44,30-45,0,2,10,1995.0,0,спорт,0,0.35770034785531263,0,1,0
879,26,<30,1,2,4,2022.0,0,чтение,0,0.7282319980553068,1,0,0
880,43,30-45,1,1,15,1998.0,1,фотография,0,0.22315443564663998,0,0,1
881,64,45+,0,2,34,1981.0,1,путешествия,0,0.09696620694626984,0,0,0
882,39,30-45,1,3,19,2000.0,0,чтение,0,0.5208470500992304,1,0,0
883,64,45+,0,3,22,1992.0,0,рыбалка,0,0.35895971553025424,0,0,1
884,47,45+,1,2,12,2003.0,1,вязание,0,0.33585768836766383,0,0,0
885,60,45+,0,3,29,1985.0,0,путешествия,0,0.2707854599959117,0,0,0
886,65,45+,0,3,29,1983.0,1,садоводство,0,0.14465953654586153,0,0,0
887,34,30-45,0,2,5,2013.0,1,спорт,0,0.40311728747333303,0,1,1
888,43,30-45,0,3,14,1996.0,0,спорт,0,0.42718117487279633,0,0,1
889,53,45+,0,3,23,1980.0,0,вязание,0,0.2420292043116056,0,1,1
890,18,<30,0,2,0,2019.0,0,путешествия,0,0.6551268501072742,1,1,0
891,25,<30,0,4,9,2020.0,0,видеоигры,1,0.8762181998880895,1,1,1
892,52,45+,1,2,10,1983.0,1,спорт,0,0.17214538799419354,0,0,0
893,32,30-45,1,2,7,2016.0,0,путешествия,0,0.6620499366861994,1,0,1
894,64,45+,0,3,27,1989.0,1,вязание,0,0.18590535497312752,0,1,0
895,39,30-45,1,2,13,2002.0,1,фотография,0,0.32289726915041567,0,0,1
896,31,30-45,0,2,8,2010.0,0,чтение,0,0.5315788746282342,1,0,1
897,43,30-45,1,1,13,2005.0,1,чтение,0,0.2887689812818657,0,1,1
898,45,30-45,1,3,11,1999.0,1,путешествия,0,0.3650048899953128,0,1,1
899,40,30-45,0,3,18,1997.0,0,спорт,0,0.42569604694452123,0,1,1
900,31,30-45,0,3,5,2009.0,0,фотография,0,0.6029268713154312,1,1,1
901,41,30-45,0,4,17,1996.0,0,фотография,0,0.4914652459355079,0,0,1
902,19,<30,0,2,2,2012.0,0,чтение,0,0.5733775602104215,1,0,1
903,62,45+,1,2,34,1983.0,1,шахматы,0,0.13223884378565892,0,0,0
904,43,30-45,0,3,15,2004.0,1,фотография,0,0.3462662552137687,0,0,0
905,31,30-45,0,3,11,2011.0,0,фотография,0,0.6062156316404805,1,1,0
906,24,<30,0,2,3,2019.0,0,видеоигры,1,0.8010591835427091,1,0,1
907,20,<30,0,1,3,2010.0,0,чтение,0,0.47331678654612924,0,0,1
908,64,45+,1,3,28,1985.0,1,чтение,0,0.19559201742645324,0,1,0
909,40,30-45,0,4,12,2005.0,0,спорт,0,0.6087771542724861,1,0,0
910,63,45+,1,3,26,1990.0,1,вязание,0,0.23875316445748793,0,1,0
911,60,45+,0,2,27,1985.0,1,фотография,0,0.12370241626711585,0,0,0
912,64,45+,0,4,32,1995.0,1,вязание,0,0.2750512056684737,0,0,1
913,62,45+,1,3,32,1991.0,1,фотография,0,0.23299075253344342,0,0,1
914,35,30-45,0,3,7,2019.0,0,фотография,0,0.7003719541716081,1,0,1
915,55,45+,1,3,25,1980.0,1,садоводство,0,0.16744113935288668,0,0,0
916,52,45+,1,3,19,1995.0,1,спорт,0,0.30148688897272047,0,0,1
917,32,30-45,0,4,8,2012.0,0,спорт,0,0.6929788553330525,1,0,1
918,42,30-45,0,3,10,1998.0,0,фотография,0,0.46254509007149985,0,0,1
919,54,45+,0,3,28,1986.0,1,шахматы,0,0.164244795414208,0,0,1
920,45,30-45,0,3,13,2001.0,1,путешествия,0,0.3215233449362985,0,0,0
921,27,<30,0,2,7,2012.0,0,скейтборд,1,0.7351711446562422,1,1,1
922,56,45+,0,3,18,1990.0,1,шахматы,0,0.21172542745200496,0,0,0
923,34,30-45,0,3,13,2018.0,0,путешествия,0,0.6738473413905839,1,0,1
924,56,45+,1,4,27,1983.0,1,путешествия,0,0.23245253620214582,0,0,0
925,39,30-45,1,2,16,2001.0,1,фотография,0,0.3046886355237285,0,1,0
926,43,30-45,1,3,13,1997.0,0,фотография,0,0.5059872744073757,1,1,0
927,61,45+,0,2,34,1990.0,1,спорт,0,0.1394540370317248,0,0,1
928,42,30-45,0,3,14,2006.0,0,спорт,0,0.540891890763919,1,1,0
929,34,30-45,1,3,8,2015.0,1,спорт,0,0.5539927738899565,1,1,1
930,30,<30,1,1,5,2014.0,0,путешествия,0,0.5765958826025587,1,0,1
931,37,30-45,1,3,9,1995.0,0,спорт,0,0.49607325315801837,0,0,0
932,42,30-45,0,1,17,1997.0,1,фотография,0,0.17113006520559182,0,0,1
933,21,<30,1,1,0,2015.0,0,программирование,1,0.7701966952183343,1,1,1
934,27,<30,1,3,7,2010.0,1,блогинг,1,0.6880987412018353,1,0,1
935,20,<30,0,2,1,2012.0,0,фотография,0,0.5765423704842695,1,0,0
936,58,45+,0,2,21,1984.0,1,чтение,0,0.12721016099327892,0,1,0
937,62,45+,1,1,29,1983.0,1,рыбалка,0,0.10768345327650435,0,0,0
938,35,30-45,0,1,9,2012.0,1,спорт,0,0.31257806572656366,0,0,0
939,64,45+,0,3,31,1986.0,1,фотография,0,0.15898109219522413,0,1,0
940,53,45+,1,2,15,1981.0,0,чтение,0,0.26275612051102093,0,1,0
941,64,45+,1,3,26,1986.0,1,вязание,0,0.20710819820291088,0,0,0
942,39,30-45,0,2,11,2002.0,0,чтение,0,0.4308943394898859,0,0,1
943,51,45+,0,2,23,1988.0,0,садоводство,0,0.25467721183280667,0,1,0
944,64,45+,0,2,25,1988.0,1,вязание,0,0.1424928473648986,0,0,0
945,25,<30,1,3,6,2013.0,0,путешествия,0,0.6997850967017957,1,0,1
946,57,45+,0,3,23,1979.0,1,шахматы,0,0.13212119189154348,0,0,1
947,61,45+,1,4,27,1993.0,1,фотография,0,0.3236125077774792,0,1,1
948,36,30-45,0,3,9,2006.0,1,фотография,0,0.3854850157239553,0,1,1
949,59,45+,0,2,22,1993.0,1,фотография,0,0.17839799048903937,0,1,0
950,58,45+,1,3,25,1983.0,1,рыбалка,0,0.18744722168806818,0,1,1
951,54,45+,1,4,24,1991.0,1,спорт,0,0.3122057737246995,0,0,0
952,23,<30,0,2,3,2024.0,0,спорт,0,0.6966611453228652,1,0,1
953,43,30-45,0,2,15,2004.0,1,фотография,0,0.28220258938524695,0,0,0
954,51,45+,1,3,23,1982.0,1,рыбалка,0,0.18444578553544444,0,1,0
955,62,45+,0,2,29,1987.0,1,рыбалка,0,0.13098601521815176,0,1,0
956,23,<30,1,4,4,2010.0,0,скейтборд,1,0.8609476574159267,1,1,1
957,54,45+,0,2,26,1984.0,0,садоводство,0,0.21490822251346212,0,0,0
958,50,45+,1,1,29,1996.0,1,фотография,0,0.17944067731182942,0,0,1
959,39,30-45,1,4,6,2007.0,0,чтение,0,0.7047389865735034,1,1,1
960,38,30-45,0,3,15,2004.0,0,чтение,0,0.5148766970751064,1,0,0
961,23,<30,1,1,5,2020.0,0,фотография,0,0.6418014495374991,1,1,0
962,23,<30,0,4,2,2015.0,0,чтение,0,0.7367168430294176,1,0,1
963,65,45+,0,2,25,1993.0,1,спорт,0,0.17277447490305436,0,0,0
964,21,<30,1,2,0,2013.0,0,путешествия,0,0.6515607800895122,1,0,1
965,47,45+,0,4,24,1999.0,0,спорт,0,0.5030983693748788,1,1,0
966,28,<30,1,3,5,2019.0,0,фотография,0,0.7565030345546162,1,1,1
967,47,45+,0,1,26,2008.0,1,фотография,0,0.23305007984354809,0,1,0
968,48,45+,0,2,17,1996.0,1,садоводство,0,0.20993805301740392,0,0,0
969,41,30-45,0,3,18,2002.0,0,путешествия,0,0.4823109558949591,0,0,1
970,26,<30,0,1,4,2015.0,1,фотография,0,0.3575178528523972,0,0,1
971,20,<30,0,3,3,2019.0,0,фотография,0,0.7111284893719375,1,1,0
972,48,45+,1,3,24,2001.0,1,спорт,0,0.34737399461259605,0,0,0
973,57,45+,1,2,27,1992.0,1,вязание,0,0.2011553818262277,0,0,0
974,54,45+,1,3,22,1983.0,0,путешествия,0,0.3245770883176404,0,1,0
975,53,45+,0,3,18,1981.0,1,вязание,0,0.15108433389703071,0,0,0
976,41,30-45,0,2,18,2004.0,0,фотография,0,0.43109211698379496,0,0,0
977,48,45+,0,2,26,2007.0,1,вязание,0,0.2811372168245968,0,0,0
978,23,<30,0,2,2,2015.0,0,спорт,0,0.6065500795449899,1,1,1
979,19,<30,1,3,3,2018.0,0,блогинг,1,0.8703322484248206,1,0,1
980,37,30-45,0,3,14,2003.0,0,путешествия,0,0.5066859066152511,1,1,0
981,45,30-45,0,2,13,1994.0,1,чтение,0,0.2034359369822933,0,1,1
982,28,<30,1,2,12,2018.0,0,путешествия,0,0.6679992971762148,1,0,0
983,21,<30,0,2,2,2015.0,0,путешествия,0,0.6065500795449899,1,1,1
984,32,30-45,0,3,7,2020.0,0,фотография,0,0.7098795643911434,1,0,1
985,23,<30,0,2,1,2011.0,0,программирование,1,0.7413490694056895,1,1,1
986,47,45+,0,3,18,1997.0,1,чтение,0,0.27003407320436457,0,1,1
987,55,45+,1,2,26,1991.0,1,фотография,0,0.19593960036600716,0,0,0
988,19,<30,0,3,1,2018.0,0,путешествия,0,0.7070381779867824,1,1,1
989,32,30-45,0,3,10,2011.0,0,фотография,0,0.6093028292014052,1,0,0
990,28,<30,0,3,7,2021.0,0,блогинг,1,0.8494961849292784,1,0,0
991,25,<30,0,1,7,2020.0,0,скейтборд,1,0.7481529548401885,1,0,0
992,43,30-45,0,3,18,1999.0,0,путешествия,0,0.44819304805971455,0,1,0
993,62,45+,1,1,23,1990.0,1,фотография,0,0.15228169065884214,0,0,0
994,61,45+,1,1,25,1986.0,1,спорт,0,0.12723449901137984,0,0,0
995,22,<30,1,3,0,2022.0,0,скейтборд,1,0.8933731198233407,1,1,0
996,23,<30,0,3,4,2017.0,0,фотография,0,0.6892171144937477,1,1,1
997,43,30-45,1,1,13,1998.0,0,чтение,0,0.37134284979478405,0,1,1
998,21,<30,1,1,1,2015.0,0,фотография,0,0.6002112754399931,1,1,0
999,36,30-45,0,3,4,2005.0,0,фотография,0,0.5616122369074252,1,1,0
1000,37,30-45,1,3,11,2000.0,1,фотография,0,0.3756678718028003,0,1,1
1001,50,45+,0,2,19,2000.0,1,садоводство,0,0.23716573598945434,0,1,0
1002,37,30-45,0,3,8,1998.0,0,спорт,0,0.4689898267479029,0,0,0
1003,29,<30,1,2,5,2011.0,0,программирование,1,0.7789955337212977,1,1,1
1004,64,45+,0,3,29,1993.0,1,шахматы,0,0.21084796566660055,0,1,0
1005,18,<30,1,3,0,2021.0,0,программирование,1,0.8889380292914172,1,1,1
1006,43,30-45,0,1,20,2011.0,0,чтение,0,0.4301446567973812,0,0,0
1007,31,30-45,1,3,6,2015.0,0,спорт,0,0.718641651198786,1,1,1
1008,55,45+,1,2,23,1980.0,1,рыбалка,0,0.13284423684385577,0,1,0
1009,54,45+,1,3,23,1986.0,0,вязание,0,0.3523836820915816,0,0,0
1010,28,<30,0,3,1,2011.0,1,путешествия,0,0.4665299722671592,0,1,1
1011,53,45+,0,4,23,1990.0,1,спорт,0,0.2532718113149059,0,0,1
1012,30,<30,0,1,9,2015.0,0,спорт,0,0.5110259552168882,1,0,1
1013,60,45+,0,1,23,1985.0,0,рыбалка,0,0.18107532688138053,0,0,0
1014,20,<30,0,1,1,2020.0,0,блогинг,1,0.7625095580145006,1,0,1
1015,50,45+,1,4,17,1995.0,0,чтение,0,0.544571326896033,1,1,0
1016,23,<30,1,3,4,2013.0,0,путешествия,0,0.7051981604150058,1,1,1
1017,27,<30,1,3,4,2021.0,0,блогинг,1,0.8837198508111069,1,1,1
1018,22,<30,0,1,3,2018.0,0,скейтборд,1,0.7406074064604111,1,1,1
1019,40,30-45,0,3,15,2006.0,1,спорт,0,0.3672498678118448,0,0,0
1020,27,<30,0,3,4,2017.0,0,видеоигры,1,0.830135532340106,1,0,1
1021,61,45+,1,3,18,1992.0,0,вязание,0,0.43304235850075423,0,1,1
1022,19,<30,1,2,0,2014.0,0,спорт,0,0.6618694733373743,1,0,1
1023,30,<30,1,1,7,2013.0,0,чтение,0,0.5590196586486796,1,1,1
1024,57,45+,1,3,22,1989.0,1,садоводство,0,0.23985849087770283,0,1,0
1025,19,<30,1,3,1,2012.0,0,скейтборд,1,0.839622685085279,1,0,0
1026,37,30-45,0,1,8,2007.0,1,путешествия,0,0.268196689252056,0,0,0
1027,18,<30,0,3,0,2018.0,0,спорт,0,0.7097134430298244,1,0,0
1028,54,45+,1,2,27,1990.0,1,вязание,0,0.1868593657151552,0,1,0
1029,26,<30,0,3,5,2009.0,0,видеоигры,1,0.7699097667276675,1,1,1
1030,34,30-45,0,3,8,2015.0,0,фотография,0,0.6577315164408027,1,0,1
1031,26,<30,1,1,7,2021.0,0,программирование,1,0.8010941118934706,1,0,1
1032,28,<30,1,3,3,2014.0,0,видеоигры,1,0.8482552323596321,1,1,1
1033,32,30-45,1,2,5,2020.0,0,чтение,0,0.7070835776282061,1,1,1
1034,41,30-45,1,1,8,1999.0,1,спорт,0,0.24768534629288447,0,0,0
1035,55,45+,1,3,20,1986.0,1,чтение,0,0.22015844807888224,0,0,0
1036,52,45+,0,1,23,1989.0,1,чтение,0,0.11699728909597101,0,0,0
1037,47,45+,0,2,12,1999.0,1,чтение,0,0.24538883652954543,0,0,0
1038,48,45+,1,1,21,2010.0,1,садоводство,0,0.3151123216834216,0,0,1
1039,22,<30,1,1,4,2020.0,0,чтение,0,0.6447731396304669,1,0,1
1040,61,45+,0,2,23,1983.0,1,садоводство,0,0.11946728848615493,0,0,0
1041,31,30-45,1,1,7,2008.0,0,фотография,0,0.5021342012938439,1,0,1
1042,28,<30,0,3,4,2019.0,0,чтение,0,0.7084609082856835,1,1,1
1043,26,<30,0,1,4,2020.0,0,спорт,0,0.5835856088699861,1,1,1
1044,51,45+,1,3,6,1981.0,1,рыбалка,0,0.2121380411826103,0,0,0
1045,29,<30,0,1,7,2011.0,0,путешествия,0,0.47180337346238943,0,0,1
1046,52,45+,0,1,24,1992.0,0,чтение,0,0.23113332523882685,0,0,0
1047,52,45+,0,2,12,1981.0,1,вязание,0,0.12493664608840908,0,0,0
1048,18,<30,1,3,0,2017.0,0,видеоигры,1,0.8695540121634466,1,1,1
1049,57,45+,0,3,25,1985.0,1,чтение,0,0.16330278522410802,0,0,0
1050,39,30-45,1,3,9,1994.0,1,чтение,0,0.3194167852431976,0,0,0
1051,46,45+,1,1,15,2007.0,0,путешествия,0,0.46485915080156204,0,0,0
1052,25,<30,0,3,7,2013.0,0,блогинг,1,0.7965418016420241,1,0,1
1053,28,<30,1,1,6,2009.0,0,спорт,0,0.5167978546249701,1,1,1
1054,58,45+,0,2,33,1979.0,1,рыбалка,0,0.09030586049458249,0,0,0
1055,54,45+,1,3,17,1984.0,1,вязание,0,0.2112593276730342,0,1,1
1056,31,30-45,1,2,4,2011.0,0,спорт,0,0.6183725976486224,1,0,1
1057,47,45+,1,4,15,1999.0,0,чтение,0,0.5956996427321608,1,1,1
1058,52,45+,0,1,19,1987.0,0,спорт,0,0.20329626206278886,0,0,0
1059,38,30-45,0,4,17,1998.0,0,путешествия,0,0.5143252439155814,1,0,0
1060,54,45+,0,3,16,1987.0,1,рыбалка,0,0.19374706939500383,0,1,1
1061,22,<30,0,3,5,2020.0,0,блогинг,1,0.8469434207277547,1,0,1
1062,36,30-45,1,1,6,2004.0,0,спорт,0,0.4597297224591855,0,0,0
1063,31,30-45,0,2,3,2015.0,0,чтение,0,0.6034552867036194,1,0,0
1064,43,30-45,1,4,14,2001.0,1,спорт,0,0.4494164813543602,0,1,0
1065,21,<30,0,2,1,2012.0,0,спорт,0,0.5765423704842695,1,1,0
1066,42,30-45,0,3,10,2000.0,0,чтение,0,0.48534374250240064,0,1,0
1067,62,45+,1,4,28,1983.0,1,чтение,0,0.23014996441808558,0,0,0
1068,59,45+,0,2,23,1986.0,1,чтение,0,0.13466855571817932,0,1,0
1069,42,30-45,1,3,19,2005.0,0,путешествия,0,0.5773938742498534,1,0,0
1070,35,30-45,1,3,5,2015.0,1,чтение,0,0.5635709880127013,1,0,0
1071,57,45+,1,1,18,1989.0,1,спорт,0,0.15475359323815358,0,0,0
1072,25,<30,0,1,4,2019.0,0,чтение,0,0.5724320371787125,1,0,1
1073,56,45+,1,2,18,1988.0,1,вязание,0,0.19070225570724075,0,0,0
1074,57,45+,1,2,27,1986.0,1,вязание,0,0.1606410886302102,0,0,0
1075,31,30-45,1,3,8,2017.0,0,чтение,0,0.7317053303496217,1,0,1
1076,49,45+,0,1,14,2001.0,0,садоводство,0,0.34054784532983223,0,0,0
1077,55,45+,1,4,24,1993.0,1,путешествия,0,0.332174116477633,0,1,0
1078,50,45+,1,1,19,1995.0,1,спорт,0,0.19210850217203376,0,0,0
1079,40,30-45,1,3,13,2007.0,1,фотография,0,0.44675977150431306,0,0,1
1080,32,30-45,0,3,10,2015.0,0,путешествия,0,0.6518771362820531,1,1,0
1081,50,45+,0,1,12,2004.0,1,шахматы,0,0.23276191021793255,0,1,0
1082,42,30-45,1,1,17,2005.0,0,путешествия,0,0.4358172453032977,0,0,0
1083,34,30-45,0,3,9,2012.0,0,спорт,0,0.623178759128296,1,1,1
1084,50,45+,1,3,21,1997.0,1,фотография,0,0.31546994279326646,0,0,0
1085,64,45+,0,2,27,1990.0,1,спорт,0,0.1506925681792723,0,0,1
1086,19,<30,1,2,1,2020.0,0,путешествия,0,0.7176962873078302,1,1,1
1087,31,30-45,0,2,5,2014.0,1,спорт,0,0.41416746390316955,0,0,1
1088,57,45+,0,1,27,1981.0,1,фотография,0,0.08026034923031786,0,0,0
1089,57,45+,1,3,20,1980.0,0,чтение,0,0.30067119494810507,0,0,1
1090,56,45+,1,3,27,1993.0,1,рыбалка,0,0.2620599493236772,0,1,0
1091,23,<30,1,2,6,2012.0,0,путешествия,0,0.6230408393233847,1,1,1
1092,23,<30,0,4,2,2014.0,0,скейтборд,1,0.8548763061189718,1,1,1
1093,20,<30,1,1,1,2012.0,0,видеоигры,1,0.7425535653150553,1,0,0
1094,24,<30,1,3,0,2008.0,0,программирование,1,0.8153952212387925,1,1,1
1095,25,<30,1,2,6,2009.0,0,программирование,1,0.7604982427300999,1,0,1
1096,59,45+,0,2,22,1987.0,1,фотография,0,0.14165444810422465,0,0,1
1097,32,30-45,1,2,7,2010.0,1,фотография,0,0.4263030920433902,0,0,0
1098,64,45+,1,2,29,1986.0,1,чтение,0,0.15717937199212012,0,0,0
1099,46,45+,1,3,13,2004.0,1,садоводство,0,0.41314969577334615,0,1,0
1100,50,45+,0,3,20,1998.0,0,фотография,0,0.43055075848104085,0,1,1
1101,47,45+,1,2,17,1996.0,1,чтение,0,0.25603740516112594,0,0,0
1102,56,45+,1,3,23,1986.0,1,вязание,0,0.213560717578046,0,0,0
1103,44,30-45,0,2,11,2002.0,1,фотография,0,0.27423921129586765,0,1,1
1104,53,45+,0,3,20,1986.0,0,шахматы,0,0.30399229088534535,0,0,1
1105,46,45+,0,1,16,2009.0,1,чтение,0,0.2658199615419193,0,0,0
1106,55,45+,0,1,27,1993.0,0,шахматы,0,0.23235795339695056,0,0,0
1107,50,45+,0,2,22,2005.0,0,чтение,0,0.4296035896334762,0,0,0
1108,54,45+,1,3,25,1988.0,1,фотография,0,0.22477802247005169,0,0,1
1109,44,30-45,1,3,13,2007.0,0,спорт,0,0.6180418708885518,1,1,0
1110,50,45+,1,2,11,2010.0,0,спорт,0,0.5857114179441006,1,1,0
1111,21,<30,1,1,0,2017.0,0,программирование,1,0.7859832465948875,1,0,1
1112,39,30-45,0,2,10,1998.0,0,фотография,0,0.3897957549647926,0,0,1
1113,19,<30,0,3,1,2019.0,0,чтение,0,0.7164199074680749,1,0,1
1114,27,<30,1,3,4,2019.0,0,спорт,0,0.7588806399746717,1,0,0
1115,22,<30,0,1,1,2016.0,0,путешествия,0,0.548210593794233,1,1,0
1116,27,<30,0,1,3,2012.0,0,фотография,0,0.49615623645131096,0,0,1
1117,50,45+,0,3,23,2003.0,1,рыбалка,0,0.313281022418301,0,0,0
1118,55,45+,0,1,27,1995.0,1,фотография,0,0.14202133203380865,0,0,0
1119,30,<30,1,1,5,2019.0,0,чтение,0,0.6312218279589032,1,0,1
1120,48,45+,0,1,18,1995.0,1,чтение,0,0.1568243750066518,0,1,0
1121,64,45+,0,2,27,1996.0,1,фотография,0,0.18926356304273498,0,0,0
1122,53,45+,0,3,17,1984.0,1,вязание,0,0.17136516634854929,0,0,0
1123,62,45+,1,3,29,1987.0,1,путешествия,0,0.20824000881549928,0,0,1
1124,41,30-45,0,2,14,2002.0,0,фотография,0,0.4213938083881577,0,1,0
1125,32,30-45,1,3,8,2019.0,0,спорт,0,0.7492753065310351,1,1,1
1126,46,45+,0,1,15,2005.0,1,садоводство,0,0.23399254115923637,0,1,0
1127,25,<30,0,3,4,2017.0,0,скейтборд,1,0.830135532340106,1,1,1
1128,22,<30,1,3,4,2019.0,0,спорт,0,0.7588806399746717,1,0,1
1129,46,45+,0,3,19,2004.0,0,шахматы,0,0.5019307193253946,1,1,0
1130,64,45+,0,2,32,1987.0,1,фотография,0,0.1266266940862734,0,0,1
1131,21,<30,0,1,3,2019.0,0,видеоигры,1,0.749295306522916,1,0,1
1132,29,<30,1,2,13,2019.0,1,спорт,0,0.5092271191562426,1,1,0
1133,62,45+,0,3,17,1993.0,1,спорт,0,0.23786555867874412,0,1,1
1134,19,<30,1,1,0,2015.0,0,чтение,0,0.6033147431771645,1,0,1
1135,44,30-45,0,4,15,1996.0,1,фотография,0,0.3310902576821101,0,0,0
1136,48,45+,0,4,18,1998.0,1,фотография,0,0.34284303040680103,0,0,0
1137,53,45+,0,3,18,1982.0,1,шахматы,0,0.15704354643805982,0,0,1
1138,53,45+,1,4,21,1983.0,0,вязание,0,0.3960871603794625,0,1,1
1139,43,30-45,0,1,10,2006.0,0,путешествия,0,0.40602925267741763,0,1,0
1140,60,45+,0,1,28,1982.0,1,путешествия,0,0.08271359386235974,0,1,0
1141,44,30-45,0,1,26,1998.0,1,фотография,0,0.16131677248272933,0,0,1
1142,22,<30,0,3,2,2016.0,0,блогинг,1,0.8273211347205511,1,0,1
1143,37,30-45,0,1,12,1994.0,1,спорт,0,0.16109867070888634,0,0,0
1144,28,<30,1,4,8,2020.0,0,фотография,0,0.808230085968482,1,1,1
1145,27,<30,0,1,5,2010.0,0,фотография,0,0.46686486718745723,0,1,0
1146,57,45+,0,2,15,1992.0,1,вязание,0,0.18507783750268678,0,0,0
1147,55,45+,1,3,20,1992.0,0,спорт,0,0.42669466301335124,0,0,0
1148,23,<30,0,2,7,2021.0,0,блогинг,1,0.8073037705028386,1,1,1
1149,25,<30,0,2,4,2021.0,0,скейтборд,1,0.8132755664551936,1,1,1
1150,40,30-45,0,3,8,2006.0,1,путешествия,0,0.3885572922061529,0,0,0
1151,64,45+,1,2,30,1983.0,1,рыбалка,0,0.13829720950166272,0,1,0
1152,43,30-45,0,2,12,2004.0,0,спорт,0,0.45024160283834647,0,0,0
1153,63,45+,0,2,25,1985.0,0,вязание,0,0.22497435479847736,0,0,1
1154,60,45+,0,2,15,1982.0,1,садоводство,0,0.12569058805102434,0,1,0
1155,29,<30,1,4,6,2012.0,0,фотография,0,0.7500005518848774,1,1,1
1156,43,30-45,0,3,21,2006.0,1,путешествия,0,0.34938688390124795,0,1,0
1157,30,<30,1,2,9,2020.0,0,спорт,0,0.6962407610828666,1,0,1
1158,57,45+,1,2,25,1994.0,1,садоводство,0,0.22067638297791542,0,0,0
1159,35,30-45,1,2,11,2010.0,0,спорт,0,0.5857114179441006,1,0,0
1160,42,30-45,0,4,14,1996.0,1,чтение,0,0.333964614834209,0,1,0
1161,50,45+,0,1,11,2007.0,1,вязание,0,0.2606404954017846,0,1,0
1162,64,45+,0,2,25,1979.0,1,спорт,0,0.09918588680549095,0,0,0
1163,57,45+,0,3,26,1995.0,1,вязание,0,0.23334629940257626,0,0,0
1164,60,45+,0,4,23,1982.0,1,фотография,0,0.1904522947870679,0,0,0
1165,29,<30,1,1,2,2019.0,0,фотография,0,0.6402186167357486,1,0,1
1166,61,45+,0,2,31,1992.0,1,садоводство,0,0.15583872665734266,0,0,0
1167,53,45+,0,2,21,1985.0,1,вязание,0,0.13237454335716994,0,0,0
1168,65,45+,1,1,29,1992.0,1,спорт,0,0.15406609484675626,0,0,0
1169,21,<30,1,3,1,2014.0,0,спорт,0,0.7224718364021161,1,1,1
1170,22,<30,0,3,4,2017.0,0,чтение,0,0.6892171144937477,1,0,1
1171,54,45+,1,3,23,1992.0,1,путешествия,0,0.26323586477023636,0,1,0
1172,25,<30,0,1,2,2010.0,0,чтение,0,0.47654622689669185,0,0,1
1173,59,45+,1,1,26,1994.0,1,спорт,0,0.1718247880827319,0,0,0
1174,45,30-45,1,2,19,2001.0,1,чтение,0,0.296520903671566,0,0,0
1175,48,45+,1,2,24,2003.0,0,рыбалка,0,0.46451059235459363,0,0,0
1176,26,<30,1,3,8,2010.0,0,скейтборд,1,0.8135602463425856,1,1,1
1177,46,45+,0,1,15,2007.0,0,шахматы,0,0.4014499766609363,0,0,0
1178,31,30-45,0,1,11,2022.0,0,фотография,0,0.5837815790538041,1,0,0
1179,57,45+,1,2,21,1982.0,1,чтение,0,0.14695553540384804,0,1,1
1180,58,45+,0,2,24,1991.0,1,вязание,0,0.16184026539139934,0,0,0
1181,39,30-45,1,2,14,2010.0,1,фотография,0,0.4042944221313742,0,0,0
1182,28,<30,0,3,7,2015.0,0,скейтборд,1,0.8109627495724698,1,1,1
1183,40,30-45,0,1,10,2004.0,0,спорт,0,0.38417518847002957,0,1,0
1184,18,<30,0,3,0,2018.0,0,фотография,0,0.7097134430298244,1,1,1
1185,63,45+,0,2,26,1992.0,1,спорт,0,0.1645480670102488,0,1,0
1186,54,45+,1,2,21,1990.0,1,рыбалка,0,0.1989538559895562,0,0,0
1187,38,30-45,1,4,10,2000.0,1,чтение,0,0.45091938822468247,0,0,1
1188,43,30-45,1,2,10,2003.0,1,чтение,0,0.34165937424583265,0,0,0
1189,63,45+,1,3,19,1990.0,1,спорт,0,0.2556171048955858,0,0,0
1190,53,45+,1,2,27,1992.0,1,фотография,0,0.2011553818262277,0,0,0
1191,40,30-45,1,3,14,1997.0,0,чтение,0,0.5027499427695064,1,0,0
1192,18,<30,0,3,0,2008.0,0,путешествия,0,0.6074718905992562,1,1,1
1193,57,45+,1,3,20,1989.0,1,чтение,0,0.24461264294678428,0,0,0
1194,32,30-45,0,3,3,2013.0,1,фотография,0,0.482876112717116,0,0,1
1195,38,30-45,0,3,10,2003.0,0,фотография,0,0.5196265759700907,1,1,1
1196,64,45+,1,2,21,1991.0,1,путешествия,0,0.20634224790624298,0,0,1
1197,26,<30,0,3,4,2022.0,0,чтение,0,0.7359666281316024,1,0,0
1198,26,<30,0,3,4,2020.0,0,фотография,0,0.7178152604596639,1,0,0
1199,27,<30,0,1,10,2017.0,0,блогинг,1,0.7135617360905449,1,1,1
1200,43,30-45,0,2,16,2000.0,0,фотография,0,0.393072803068002,0,1,1
1201,58,45+,1,3,19,1983.0,1,садоводство,0,0.19957042256039403,0,0,0
1202,52,45+,0,2,32,1993.0,0,фотография,0,0.2765327044871354,0,1,0
1203,42,30-45,0,2,11,2003.0,0,фотография,0,0.44214191256981605,0,1,0
1204,43,30-45,0,3,15,1994.0,1,спорт,0,0.25109380899678513,0,0,0
1205,28,<30,0,1,2,2021.0,0,чтение,0,0.6008817637455414,1,0,0
1206,55,45+,1,2,33,1993.0,0,путешествия,0,0.3282645027597331,0,1,0
1207,19,<30,0,3,0,2021.0,0,программирование,1,0.8607229475029395,1,0,1
1208,24,<30,1,2,2,2017.0,1,спорт,0,0.5219627676438546,1,0,0
1209,35,30-45,1,3,9,2016.0,1,спорт,0,0.5620769681597156,1,0,0
1210,44,30-45,1,1,17,1996.0,0,фотография,0,0.3385593804967632,0,0,0
1211,51,45+,1,2,15,1989.0,1,чтение,0,0.2040984584685327,0,0,0
1212,44,30-45,1,1,20,2004.0,0,чтение,0,0.4151450677787252,0,1,0
1213,34,30-45,0,4,9,2019.0,1,чтение,0,0.6049712720837579,1,0,1
1214,60,45+,0,2,23,1989.0,1,путешествия,0,0.1514713311987131,0,1,0
1215,61,45+,0,2,32,1991.0,1,чтение,0,0.14827415385547382,0,0,0
1216,41,30-45,1,1,10,2004.0,0,путешествия,0,0.44689301666747744,0,1,0
1217,42,30-45,0,1,13,1996.0,1,фотография,0,0.17199305817843555,0,0,0
1218,24,<30,0,2,5,2021.0,0,чтение,0,0.6611357053721953,1,1,0
1219,23,<30,0,1,5,2018.0,0,видеоигры,1,0.7356007476780962,1,1,1
1220,41,30-45,0,3,16,2010.0,1,фотография,0,0.4075590139295942,0,0,1
1221,50,45+,0,2,16,2004.0,0,фотография,0,0.4374553139777269,0,0,0
1222,46,45+,1,3,14,2006.0,1,вязание,0,0.4323054409765758,0,0,0
1223,60,45+,0,3,25,1983.0,1,фотография,0,0.15118779930549822,0,1,0
1224,39,30-45,1,2,11,2006.0,0,фотография,0,0.5407460486124915,1,0,1
1225,43,30-45,1,2,19,2004.0,0,чтение,0,0.49207180247766774,0,1,0
1226,45,30-45,0,3,20,2010.0,0,путешествия,0,0.5668841060042198,1,0,1
1227,38,30-45,0,3,20,1997.0,0,фотография,0,0.4193763822670384,0,0,1
1228,24,<30,0,1,2,2014.0,0,программирование,1,0.7066481888562034,1,0,1
1229,34,30-45,0,4,14,2009.0,0,спорт,0,0.6454714754228369,1,0,1
1230,37,30-45,1,1,16,1995.0,1,фотография,0,0.19821052412882748,0,0,1
1231,58,45+,0,1,20,1994.0,1,рыбалка,0,0.14758377687267293,0,0,0
1232,37,30-45,0,1,16,1994.0,1,спорт,0,0.1542202121935402,0,1,0
1233,39,30-45,1,4,23,1999.0,0,чтение,0,0.5705206346425814,1,1,1
1234,45,30-45,1,3,12,1994.0,0,фотография,0,0.47494902047424714,0,0,1
1235,57,45+,1,3,20,1986.0,1,путешествия,0,0.22015844807888224,0,0,0
1236,24,<30,1,2,2,2015.0,0,блогинг,1,0.8148128427970782,1,0,1
1237,18,<30,1,2,0,2011.0,0,фотография,0,0.6305199105803229,1,0,0
1238,49,45+,0,2,18,2003.0,1,спорт,0,0.26538933114277014,0,1,0
1239,30,<30,1,3,9,2016.0,0,путешествия,0,0.720030344264211,1,0,1
1240,47,45+,0,1,19,2007.0,1,чтение,0,0.24117559630320642,0,0,0
1241,40,30-45,1,2,10,2001.0,1,чтение,0,0.32139524494504795,0,0,1
1242,36,30-45,1,1,12,2000.0,0,путешествия,0,0.3960260866452383,0,0,1
1243,49,45+,0,3,15,1998.0,0,рыбалка,0,0.44649251815946545,0,0,1
1244,47,45+,1,2,27,1998.0,0,садоводство,0,0.39898518116990767,0,0,1
1245,46,45+,1,2,15,2005.0,1,фотография,0,0.3476917274314629,0,0,0
1246,62,45+,0,2,26,1987.0,0,чтение,0,0.2389579407581499,0,0,0
1247,46,45+,1,4,24,2002.0,1,спорт,0,0.4287867906098634,0,1,0
1248,47,45+,0,3,13,2000.0,1,рыбалка,0,0.3116301033598013,0,0,0
1249,33,30-45,1,3,7,2018.0,0,спорт,0,0.7430671873227297,1,0,0
1250,57,45+,0,2,13,1991.0,1,чтение,0,0.18210583760455748,0,1,0
1251,36,30-45,1,1,12,2005.0,1,чтение,0,0.29143600358378674,0,0,0
1252,35,30-45,1,4,10,2016.0,0,путешествия,0,0.7737716259052934,1,0,1
1253,18,<30,1,2,0,2013.0,0,путешествия,0,0.6515607800895122,1,0,0
1254,31,30-45,1,2,10,2013.0,1,спорт,0,0.45050927376386407,0,1,1
1255,64,45+,0,2,29,1990.0,1,путешествия,0,0.14740758599161566,0,0,0
1256,19,<30,1,4,0,2017.0,0,блогинг,1,0.8998078325164072,1,0,1
1257,45,30-45,0,2,18,2003.0,0,путешествия,0,0.4199140512292963,0,0,0
1258,47,45+,1,3,17,2008.0,0,спорт,0,0.6166074668388634,1,0,1
1259,55,45+,0,3,17,1991.0,1,путешествия,0,0.2216845753895291,0,1,0
1260,21,<30,0,2,0,2013.0,0,спорт,0,0.5908004142259027,1,1,1
1261,18,<30,1,2,0,2014.0,0,фотография,0,0.6618694733373743,1,0,0
1262,25,<30,0,4,5,2021.0,0,программирование,1,0.8864141908543636,1,1,1
1263,46,45+,0,4,12,2003.0,0,спорт,0,0.5867911841647934,1,1,0
1264,56,45+,0,3,20,1991.0,0,шахматы,0,0.3544098361596333,0,0,1
1265,20,<30,0,3,1,2022.0,0,блогинг,1,0.864606212026955,1,0,1
1266,49,45+,0,2,19,2006.0,1,садоводство,0,0.29030471203827424,0,0,0
1267,27,<30,0,4,7,2019.0,0,скейтборд,1,0.8740514808438453,1,1,1
1268,27,<30,0,2,5,2014.0,0,скейтборд,1,0.7573819428659965,1,0,0
1269,36,30-45,0,3,17,2006.0,0,спорт,0,0.5312299505722281,1,0,0
1270,63,45+,1,4,23,1992.0,1,путешествия,0,0.3249430011297847,0,0,0
1271,51,45+,0,3,17,1987.0,1,спорт,0,0.19173212430413225,0,1,1
1272,50,45+,1,3,18,1995.0,0,садоводство,0,0.4669829776077749,0,0,1
1273,40,30-45,1,3,19,2008.0,0,путешествия,0,0.610466262072749,1,0,1
1274,45,30-45,0,1,20,2009.0,1,фотография,0,0.2558337811839882,0,0,0
1275,49,45+,1,3,16,2002.0,0,садоводство,0,0.5532341374949721,1,0,1
1276,24,<30,1,1,2,2011.0,1,скейтборд,1,0.5758077265769863,1,0,1
1277,46,45+,1,3,15,2004.0,1,шахматы,0,0.4068843281685314,0,1,0
1278,25,<30,1,1,1,2017.0,0,фотография,0,0.6219432406894265,1,0,1
1279,18,<30,0,2,0,2021.0,0,спорт,0,0.6754876340251879,1,1,1
1280,20,<30,1,3,3,2017.0,0,скейтборд,1,0.8650835173852304,1,1,1
1281,41,30-45,1,4,8,2003.0,1,путешествия,0,0.4915339420390497,0,0,0
1282,40,30-45,1,2,9,1998.0,1,путешествия,0,0.2949203755713792,0,0,0
1283,25,<30,0,3,10,2022.0,0,видеоигры,1,0.8503734945357855,1,0,1
1284,64,45+,1,3,31,1986.0,1,рыбалка,0,0.1966765048359812,0,0,0
1285,54,45+,1,4,30,1987.0,1,шахматы,0,0.25913920596598555,0,1,0
1286,20,<30,0,2,1,2016.0,0,блогинг,1,0.7827287578000814,1,0,1
1287,50,45+,0,3,16,2003.0,1,садоводство,0,0.33310563342266475,0,1,1
1288,45,30-45,0,4,16,2002.0,0,фотография,0,0.562960284804747,1,0,1
1289,64,45+,1,2,24,1991.0,1,фотография,0,0.20005234786163908,0,0,1
1290,25,<30,1,4,2,2010.0,0,видеоигры,1,0.8640195185816089,1,1,1
1291,51,45+,1,4,14,1988.0,1,вязание,0,0.31055795847783085,0,0,1
1292,52,45+,0,4,19,1994.0,1,путешествия,0,0.3001636800998122,0,0,1
1293,49,45+,1,2,13,2003.0,1,шахматы,0,0.33297518354993155,0,0,1
1294,41,30-45,0,2,17,2007.0,0,спорт,0,0.468228395604074,0,0,0
1295,31,30-45,0,3,3,2017.0,0,фотография,0,0.6919842220619197,1,0,1
1296,49,45+,1,2,18,2003.0,1,спорт,0,0.3187524232554172,0,0,0
1297,63,45+,1,3,21,1988.0,1,шахматы,0,0.233933047107946,0,1,1
1298,60,45+,1,1,22,1985.0,1,рыбалка,0,0.1264726357011319,0,0,0
1299,33,30-45,1,1,12,2020.0,1,фотография,0,0.4495528604395659,0,1,0
1300,21,<30,0,2,4,2012.0,0,скейтборд,1,0.7426658188453187,1,1,1
1301,54,45+,0,3,16,1987.0,1,спорт,0,0.19374706939500383,0,0,0
1302,38,30-45,1,2,12,2006.0,0,фотография,0,0.5375283062646502,1,0,0
1303,31,30-45,1,3,6,2018.0,0,фотография,0,0.7455318559201095,1,0,1
1304,48,45+,0,3,24,1998.0,0,спорт,0,0.4178985927827556,0,1,0
1305,65,45+,0,3,20,1990.0,1,путешествия,0,0.20743492981601988,0,0,0
1306,35,30-45,0,3,14,2018.0,1,путешествия,0,0.5044176784576122,1,1,0
1307,24,<30,1,2,5,2013.0,0,чтение,0,0.636719759621293,1,1,0
1308,27,<30,0,2,4,2008.0,0,фотография,0,0.5216929490330737,1,1,1
1309,24,<30,0,1,6,2022.0,0,путешествия,0,0.5994246845380898,1,0,1
1310,50,45+,0,3,17,2001.0,1,садоводство,0,0.3103290614590981,0,1,0
1311,40,30-45,0,3,14,2001.0,0,спорт,0,0.4838272002887963,0,0,1
1312,38,30-45,1,2,7,2005.0,1,фотография,0,0.3715441379290872,0,1,0
1313,36,30-45,0,2,13,2003.0,1,чтение,0,0.2782033896235211,0,0,0
1314,65,45+,1,3,23,1981.0,1,садоводство,0,0.17766591720369906,0,0,0
1315,36,30-45,1,1,13,2002.0,0,фотография,0,0.41494927021173467,0,0,0
1316,53,45+,1,4,17,1996.0,1,чтение,0,0.38449147171130393,0,0,0
1317,46,45+,0,1,20,2000.0,0,путешествия,0,0.31339700907483015,0,0,1
1318,35,30-45,1,4,13,2019.0,0,фотография,0,0.790521076744431,1,1,1
1319,19,<30,1,2,2,2020.0,0,скейтборд,1,0.8468672756037836,1,0,1
1320,18,<30,1,2,0,2011.0,0,программирование,1,0.7899417281874469,1,0,1
1321,64,45+,1,2,26,1984.0,1,путешествия,0,0.15033520393175687,0,0,1
1322,22,<30,0,1,2,2020.0,0,программирование,1,0.7601564268651776,1,0,1
1323,37,30-45,0,2,11,2000.0,1,спорт,0,0.2564163641204108,0,0,0
1324,28,<30,0,1,7,2020.0,0,путешествия,0,0.5741147092694743,1,1,1
1325,59,45+,1,3,23,1980.0,1,шахматы,0,0.1710829845857178,0,0,0
1326,19,<30,0,2,1,2017.0,0,блогинг,1,0.7904051336862202,1,1,1
1327,20,<30,0,3,4,2012.0,0,блогинг,1,0.7954247911920612,1,1,0
1328,40,30-45,0,2,11,1996.0,0,спорт,0,0.3652659932872518,0,1,0
1329,29,<30,0,4,9,2022.0,0,спорт,0,0.7787552881388796,1,0,1
1330,37,30-45,0,3,17,2007.0,0,фотография,0,0.5425995059906483,1,1,1
1331,22,<30,0,1,4,2017.0,0,блогинг,1,0.7291764198674664,1,1,1
1332,54,45+,0,2,23,1992.0,1,путешествия,0,0.1699588391184272,0,0,0
1333,55,45+,0,2,21,1984.0,1,садоводство,0,0.12721016099327892,0,0,0
1334,47,45+,0,1,13,1993.0,1,чтение,0,0.15332514916779294,0,0,0
1335,26,<30,0,3,6,2014.0,0,блогинг,1,0.8058863471262108,1,0,1
1336,51,45+,1,3,9,1984.0,1,фотография,0,0.22903850722193686,0,0,1
1337,61,45+,1,4,18,1990.0,1,спорт,0,0.3191122506747728,0,0,1
1338,52,45+,0,3,14,1985.0,1,фотография,0,0.1837113530317849,0,0,0
1339,39,30-45,0,4,12,2005.0,1,фотография,0,0.43712421823066794,0,1,1
1340,61,45+,1,4,26,1993.0,1,спорт,0,0.32645362939520084,0,0,0
1341,41,30-45,1,3,12,2005.0,1,фотография,0,0.4274457956407577,0,1,0
1342,34,30-45,1,2,6,2011.0,0,путешествия,0,0.6122418865605037,1,0,1
1343,27,<30,1,1,6,2017.0,0,чтение,0,0.606602387075969,1,1,1
1344,47,45+,0,2,20,2001.0,1,садоводство,0,0.24314707330193583,0,0,0
1345,63,45+,0,3,25,1989.0,1,путешествия,0,0.18985721658674926,0,0,0
1346,40,30-45,0,2,9,1993.0,1,спорт,0,0.2044216661026668,0,1,0
1347,49,45+,1,1,18,2000.0,0,спорт,0,0.37759869642743,0,0,0
1348,34,30-45,1,2,12,2015.0,1,спорт,0,0.46678524706557434,0,0,1
1349,34,30-45,1,1,10,2018.0,0,чтение,0,0.6051524688953794,1,1,0
1350,31,30-45,0,3,6,2019.0,0,путешествия,0,0.7030825297669673,1,0,0
1351,26,<30,1,1,4,2015.0,0,скейтборд,1,0.7609001225699171,1,1,1
1352,57,45+,0,3,19,1993.0,1,спорт,0,0.23320205607239522,0,0,0
1353,19,<30,0,3,1,2016.0,1,фотография,0,0.5236241131569244,1,0,1
1354,62,45+,0,1,22,1992.0,1,чтение,0,0.13342158731989445,0,0,0
1355,42,30-45,1,3,10,2006.0,0,фотография,0,0.61641679689274,1,0,0
1356,56,45+,0,3,21,1987.0,0,спорт,0,0.3109719518264582,0,0,0
1357,26,<30,1,2,4,2017.0,1,блогинг,1,0.7010144467846467,1,0,0
1358,39,30-45,0,1,11,1999.0,1,чтение,0,0.19647419369237418,0,0,0
1359,60,45+,1,2,21,1991.0,1,вязание,0,0.20634224790624298,0,1,1
1360,63,45+,1,3,26,1991.0,1,фотография,0,0.24716351496910724,0,0,0
1361,21,<30,0,3,4,2013.0,0,скейтборд,1,0.8027656354290417,1,1,1
1362,43,30-45,1,1,7,2002.0,0,путешествия,0,0.43392862161804496,0,0,1
1363,46,45+,1,2,14,1995.0,0,садоводство,0,0.4064817041176718,0,0,0
1364,62,45+,1,2,33,1984.0,0,путешествия,0,0.24460235559516372,0,1,1
1365,51,45+,1,3,19,1992.0,1,садоводство,0,0.27340482416736056,0,1,0
1366,40,30-45,1,2,12,2008.0,0,чтение,0,0.5601707497396853,1,0,1
1367,54,45+,0,3,21,1982.0,1,чтение,0,0.15196866368418313,0,0,0
1368,28,<30,1,2,5,2022.0,0,путешествия,0,0.7256614283433045,1,1,1
1369,23,<30,0,3,3,2010.0,0,скейтборд,1,0.7823530729411655,1,1,1
1370,35,30-45,0,3,11,2019.0,0,чтение,0,0.6893898317980175,1,0,1
1371,38,30-45,0,3,9,2008.0,1,спорт,0,0.40736430216452,0,1,0
1372,59,45+,1,2,36,1981.0,1,чтение,0,0.11934300037338567,0,0,0
1373,53,45+,1,3,21,1986.0,0,шахматы,0,0.35831682355047184,0,0,0
1374,58,45+,0,2,19,1988.0,1,садоводство,0,0.15225339730754456,0,0,0
1375,55,45+,1,2,21,1987.0,1,фотография,0,0.17798869270626422,0,1,0
1376,51,45+,1,3,21,1981.0,1,вязание,0,0.18148167490788564,0,1,1
1377,34,30-45,0,3,6,2020.0,0,фотография,0,0.7125394317458663,1,0,0
1378,54,45+,0,3,24,1991.0,1,чтение,0,0.2064384409181918,0,1,0
1379,42,30-45,1,2,16,2002.0,0,путешествия,0,0.47893164191960275,0,0,0
1380,55,45+,0,3,27,1983.0,1,рыбалка,0,0.1478939013585958,0,0,0
1381,29,<30,1,3,6,2019.0,0,путешествия,0,0.7541095808195627,1,1,1
1382,40,30-45,0,4,11,2005.0,1,путешествия,0,0.44031316292325273,0,1,0
1383,59,45+,0,3,22,1981.0,0,садоводство,0,0.2529563635407807,0,1,0
1384,39,30-45,1,3,12,1998.0,1,фотография,0,0.35151501906204086,0,1,0
1385,38,30-45,1,2,11,2004.0,0,чтение,0,0.5179641231869264,1,1,0
1386,44,30-45,1,3,19,2000.0,0,путешествия,0,0.5208470500992304,1,0,1
1387,48,45+,1,3,22,1999.0,1,садоводство,0,0.33266404076321276,0,0,1
1388,23,<30,1,4,2,2021.0,0,видеоигры,1,0.9131016743120625,1,1,1
1389,44,30-45,1,2,12,1994.0,0,фотография,0,0.4017069365465341,0,0,0
1390,57,45+,0,1,21,1987.0,1,вязание,0,0.11039273349520544,0,0,0
1391,51,45+,1,1,18,1989.0,1,фотография,0,0.15475359323815358,0,0,0
1392,29,<30,0,3,8,2020.0,1,видеоигры,1,0.7265043302334466,1,1,0
1393,62,45+,1,4,32,1992.0,1,шахматы,0,0.2999154339964692,0,0,0
1394,24,<30,0,1,2,2011.0,0,чтение,0,0.4879637023130715,0,0,0
1395,27,<30,1,3,5,2017.0,0,фотография,0,0.7392633011565423,1,1,0
1396,62,45+,0,3,24,1988.0,1,шахматы,0,0.18486659249609316,0,1,0
1397,34,30-45,1,3,10,2023.0,0,чтение,0,0.7776058037969144,1,1,1
1398,43,30-45,1,2,18,2003.0,0,фотография,0,0.48388194033665327,0,0,0
1399,38,30-45,0,3,5,2007.0,0,путешествия,0,0.5808384978646267,1,1,1
1400,45,30-45,1,1,18,2005.0,1,путешествия,0,0.27565412347976576,0,0,1
1401,63,45+,0,3,27,1996.0,1,путешествия,0,0.23926152285882024,0,1,0
1402,19,<30,1,2,1,2013.0,1,скейтборд,1,0.6699737493622704,1,0,0
1403,60,45+,1,2,29,1983.0,1,фотография,0,0.13984775947378308,0,1,0
1404,18,<30,0,3,0,2012.0,1,блогинг,1,0.671444493763827,1,0,0
1405,53,45+,1,2,14,1985.0,0,вязание,0,0.3024150064869829,0,1,1
1406,43,30-45,0,1,16,2004.0,1,фотография,0,0.2236393382672544,0,0,1
1407,46,45+,0,3,13,2006.0,0,вязание,0,0.544106078925043,1,0,0
1408,38,30-45,1,3,9,1999.0,0,путешествия,0,0.5417055430126476,1,0,1
1409,28,<30,0,3,5,2018.0,0,путешествия,0,0.6961944029580985,1,0,1
1410,57,45+,1,2,20,1990.0,1,рыбалка,0,0.20102581963505994,0,0,0
1411,28,<30,1,1,5,2014.0,0,спорт,0,0.5765958826025587,1,1,0
1412,53,45+,0,2,27,1984.0,1,спорт,0,0.11883002556385605,0,0,1
1413,56,45+,1,1,25,1991.0,1,шахматы,0,0.1548591130440448,0,0,0
1414,57,45+,0,4,21,1993.0,1,путешествия,0,0.28533524511375075,0,0,0
1415,52,45+,0,1,26,1988.0,1,спорт,0,0.1085384242584903,0,0,0
1416,51,45+,0,2,19,1991.0,0,садоводство,0,0.29217776992193406,0,1,0
1417,64,45+,0,1,22,1993.0,0,фотография,0,0.24410709705221897,0,0,0
1418,41,30-45,0,1,17,2002.0,1,чтение,0,0.20603523594072543,0,0,1
1419,39,30-45,0,3,10,2001.0,0,фотография,0,0.4967719618215468,0,0,0
1420,22,<30,1,3,2,2017.0,0,блогинг,1,0.8665878725194103,1,0,1
1421,50,45+,1,1,22,1998.0,1,вязание,0,0.2078342066653164,0,0,0
1422,53,45+,1,1,25,1990.0,1,чтение,0,0.1489681429519753,0,1,0
1423,64,45+,1,1,28,1987.0,0,фотография,0,0.22727892292473958,0,0,1
1424,37,30-45,1,3,6,1998.0,0,спорт,0,0.5399974197464975,1,1,1
1425,36,30-45,0,3,5,2004.0,0,спорт,0,0.5471167775135163,1,0,0
1426,52,45+,1,1,26,1984.0,0,шахматы,0,0.20832890379083382,0,0,1
1427,60,45+,1,2,29,1987.0,1,путешествия,0,0.16333273628466222,0,0,0
1428,34,30-45,0,3,8,2020.0,1,путешествия,0,0.5465726879755133,1,0,1
1429,62,45+,1,3,28,1983.0,1,фотография,0,0.18160150385142748,0,1,0
1430,60,45+,1,4,29,1980.0,0,чтение,0,0.34015872466392877,0,0,1
1431,51,45+,1,2,30,1992.0,1,путешествия,0,0.19498474788600462,0,0,1
1432,26,<30,1,1,8,2013.0,0,программирование,1,0.7338726007328702,1,1,1
1433,43,30-45,0,2,10,2000.0,0,чтение,0,0.41175576965366584,0,1,1
1434,19,<30,0,3,2,2022.0,0,фотография,0,0.7409687983118575,1,0,1
1435,26,<30,0,4,6,2018.0,0,скейтборд,1,0.8703985112288791,1,0,1
1436,26,<30,1,2,5,2020.0,1,путешествия,0,0.5464271371477789,1,0,0
1437,57,45+,0,2,20,1992.0,0,вязание,0,0.29900270254430106,0,0,0
1438,34,30-45,1,2,8,2024.0,0,спорт,0,0.7360092186297819,1,0,1
1439,18,<30,0,2,0,2017.0,0,блогинг,1,0.7925424851788052,1,1,0
1440,42,30-45,0,2,13,2003.0,0,чтение,0,0.4357633518085729,0,1,0
1441,60,45+,0,3,30,1986.0,1,чтение,0,0.1607202909871924,0,0,1
1442,57,45+,1,1,29,1984.0,1,рыбалка,0,0.1121569740987966,0,1,0
1443,59,45+,0,2,19,1989.0,1,чтение,0,0.158250125349461,0,1,0
1444,42,30-45,0,3,11,2007.0,0,спорт,0,0.5618107834719261,1,0,0
1445,56,45+,0,1,27,1992.0,1,спорт,0,0.12611104820503988,0,0,0
1446,52,45+,0,1,25,1991.0,1,садоводство,0,0.12394192961959499,0,0,1
1447,20,<30,0,2,2,2021.0,1,путешествия,0,0.503048457668703,1,0,1
1448,54,45+,1,3,20,1981.0,1,спорт,0,0.18341334112462876,0,0,0
1449,61,45+,1,3,32,1984.0,1,садоводство,0,0.18070082095859524,0,0,1
1450,61,45+,0,1,27,1995.0,1,шахматы,0,0.14202133203380865,0,0,0
1451,47,45+,1,3,22,2003.0,0,шахматы,0,0.545318779691243,1,0,1
1452,55,45+,1,2,27,1992.0,0,фотография,0,0.3353530147383446,0,0,0
1453,51,45+,1,3,18,1987.0,1,шахматы,0,0.23270263400877178,0,1,0
1454,29,<30,1,3,9,2020.0,0,спорт,0,0.7553828034874475,1,0,1
1455,36,30-45,1,3,12,1997.0,1,спорт,0,0.3411629748996435,0,0,1
1456,54,45+,1,2,16,1980.0,0,вязание,0,0.2515481783689998,0,0,0
1457,61,45+,1,4,22,1987.0,0,рыбалка,0,0.4373736259172186,0,0,1
1458,34,30-45,0,4,14,2017.0,1,чтение,0,0.5670957736275104,1,1,0
1459,27,<30,1,3,6,2022.0,0,блогинг,1,0.88574198548859,1,1,1
1460,64,45+,1,3,24,1987.0,1,путешествия,0,0.21911773534578663,0,0,0
1461,29,<30,0,2,8,2012.0,1,спорт,0,0.3829433765341456,0,1,1
1462,33,30-45,0,2,8,2023.0,0,чтение,0,0.6728199916535959,1,1,0
1463,41,30-45,1,1,12,2008.0,1,фотография,0,0.32055303323697587,0,0,1
1464,36,30-45,1,2,8,1995.0,0,фотография,0,0.42535533877145587,0,0,0
1465,25,<30,0,3,2,2019.0,0,чтение,0,0.7137815230895378,1,0,1
1466,48,45+,1,3,19,1994.0,0,рыбалка,0,0.45240939841667477,0,0,1
1467,38,30-45,0,4,11,2009.0,1,чтение,0,0.48576054867150426,0,0,0
1468,34,30-45,0,1,8,2020.0,0,спорт,0,0.5709452575832121,1,0,1
1469,40,30-45,1,1,13,2001.0,0,чтение,0,0.40389261569280727,0,0,1
1470,54,45+,0,3,22,1987.0,1,путешествия,0,0.1818972276276597,0,0,0
1471,33,30-45,0,2,7,2020.0,0,путешествия,0,0.6449076398550377,1,0,1
1472,23,<30,1,1,1,2017.0,0,скейтборд,1,0.7837967527612811,1,1,1
1473,25,<30,0,4,4,2013.0,0,спорт,0,0.713330283723494,1,0,1
1474,42,30-45,0,3,17,2007.0,0,фотография,0,0.5425995059906483,1,1,0
1475,35,30-45,1,2,10,2014.0,1,чтение,0,0.4618533382623185,0,0,1
1476,42,30-45,1,3,14,2003.0,1,чтение,0,0.3989985319159844,0,1,0
1477,29,<30,1,3,4,2019.0,0,чтение,0,0.7588806399746717,1,0,1
1478,32,30-45,1,3,10,2022.0,0,путешествия,0,0.7695973018247135,1,0,1
1479,43,30-45,0,3,14,2005.0,0,путешествия,0,0.5295166939011005,1,1,0
1480,58,45+,1,1,25,1982.0,1,фотография,0,0.10826828396459973,0,0,0
1481,62,45+,1,3,27,1985.0,1,садоводство,0,0.19763760801090002,0,1,1
1482,43,30-45,1,1,13,2005.0,0,чтение,0,0.448593835688618,0,0,0
1483,64,45+,1,1,22,1980.0,1,рыбалка,0,0.10329286830746327,0,0,0
1484,49,45+,1,4,16,2006.0,1,чтение,0,0.4999295348934531,0,0,0
1485,27,<30,0,3,7,2012.0,0,фотография,0,0.6292412666777559,1,1,0
1486,33,30-45,0,3,9,2014.0,0,чтение,0,0.6444019120859529,1,0,1
1487,24,<30,1,3,0,2021.0,0,путешествия,0,0.7841155122504267,1,0,1
1488,34,30-45,1,4,5,2012.0,0,спорт,0,0.7524208710458635,1,1,1
1489,40,30-45,1,3,10,2000.0,0,путешествия,0,0.5498314764293691,1,1,0
1490,43,30-45,0,2,14,1999.0,0,чтение,0,0.38835248266591116,0,0,0
1491,38,30-45,1,2,16,2003.0,0,фотография,0,0.49035273137075713,0,0,0
1492,39,30-45,1,1,11,1998.0,0,путешествия,0,0.37740917990347966,0,0,0
1493,24,<30,1,2,2,2015.0,0,программирование,1,0.8148128427970782,1,1,1
1494,31,30-45,1,2,6,2014.0,0,фотография,0,0.6442673259676142,1,1,1
1495,32,30-45,1,3,10,2020.0,0,чтение,0,0.752981933921848,1,0,1
1496,24,<30,1,3,2,2015.0,0,скейтборд,1,0.8556550605733588,1,1,0
1497,26,<30,1,4,6,2022.0,1,блогинг,1,0.8390288617677898,1,1,1
1498,65,45+,1,3,30,1993.0,1,вязание,0,0.25461649636418315,0,0,0
1499,25,<30,1,3,8,2011.0,0,видеоигры,1,0.8203972680494283,1,0,1
1500,40,30-45,1,2,13,1999.0,1,фотография,0,0.29365933534152733,0,0,1
1501,46,45+,1,1,18,2007.0,1,вязание,0,0.29428493309959924,0,1,0
1502,35,30-45,1,2,14,2021.0,1,спорт,0,0.5288233335402656,1,0,0
1503,48,45+,1,3,22,2000.0,1,шахматы,0,0.34289241570057694,0,1,0
1504,47,45+,0,2,24,2005.0,1,садоводство,0,0.26807997490501406,0,0,0
1505,56,45+,0,3,26,1983.0,0,шахматы,0,0.2605235744729675,0,1,0
1506,52,45+,1,3,18,1982.0,1,садоводство,0,0.19438573751233165,0,0,0
1507,35,30-45,1,1,17,2015.0,0,чтение,0,0.549621057911671,1,0,1
1508,59,45+,1,2,28,1981.0,1,рыбалка,0,0.1306681945459383,0,1,0
1509,56,45+,1,2,18,1986.0,1,вязание,0,0.1769845485550393,0,0,0
1510,34,30-45,1,2,11,2012.0,0,фотография,0,0.60771643208028,1,0,1
1511,31,30-45,1,3,5,2012.0,0,чтение,0,0.692853891398434,1,1,0
1512,48,45+,1,3,13,1998.0,0,фотография,0,0.5174128901234887,1,1,0
1513,41,30-45,1,3,19,2006.0,0,фотография,0,0.5885110544614894,1,1,1
1514,52,45+,0,3,21,1995.0,1,садоводство,0,0.24512946003235178,0,0,0
1515,61,45+,0,3,25,1996.0,0,чтение,0,0.39273856798173534,0,0,0
1516,62,45+,0,4,17,1978.0,0,вязание,0,0.2979093497780911,0,1,0
1517,51,45+,0,2,16,1985.0,1,путешествия,0,0.13999000746993018,0,1,0
1518,20,<30,1,3,1,2021.0,0,видеоигры,1,0.8876530218675845,1,1,0
1519,54,45+,0,2,14,1984.0,0,фотография,0,0.24228635326958986,0,0,0
1520,60,45+,0,2,32,1984.0,0,путешествия,0,0.20208853970774823,0,0,0
1521,57,45+,0,1,27,1979.0,1,фотография,0,0.07376292966301279,0,0,0
1522,43,30-45,0,3,11,2009.0,0,чтение,0,0.5841840335530036,1,0,0
1523,40,30-45,1,2,13,2007.0,0,фотография,0,0.5456661857606956,1,0,0
1524,61,45+,1,2,33,1992.0,1,путешествия,0,0.18895862938702784,0,0,0
1525,56,45+,1,4,22,1992.0,1,рыбалка,0,0.3277901428758089,0,0,0
1526,32,30-45,0,3,7,2015.0,1,путешествия,0,0.49278430224269176,0,0,1
1527,21,<30,0,3,2,2019.0,0,фотография,0,0.7137815230895378,1,0,1
1528,46,45+,0,3,14,1998.0,0,шахматы,0,0.44969520524123335,0,0,0
1529,39,30-45,1,4,13,2005.0,0,путешествия,0,0.6654898645875973,1,0,0
1530,42,30-45,0,3,17,2007.0,0,чтение,0,0.5425995059906483,1,1,1
1531,30,<30,1,2,4,2019.0,0,фотография,0,0.7002486977612165,1,0,1
1532,35,30-45,0,3,6,2019.0,0,спорт,0,0.7030825297669673,1,0,1
1533,50,45+,1,3,23,2003.0,1,садоводство,0,0.371405274351777,0,1,0
1534,33,30-45,0,2,6,2019.0,0,спорт,0,0.6373660122452657,1,1,0
1535,62,45+,0,2,23,1991.0,1,спорт,0,0.16360465793136697,0,0,0
1536,59,45+,1,2,27,1995.0,1,вязание,0,0.2241053822243836,0,0,0
1537,61,45+,0,4,27,1980.0,1,фотография,0,0.16933685481391245,0,0,1
1538,19,<30,0,2,0,2014.0,0,чтение,0,0.6018081367491144,1,0,0
1539,52,45+,1,4,23,1987.0,1,садоводство,0,0.2769192751491225,0,1,1
1540,59,45+,1,4,35,1981.0,1,вязание,0,0.19947543252613037,0,0,0
1541,51,45+,1,3,17,1984.0,0,рыбалка,0,0.34925065518416076,0,1,0
1542,47,45+,0,3,19,1999.0,1,вязание,0,0.28578564953398433,0,0,0
1543,30,<30,0,2,7,2012.0,0,фотография,0,0.5574682184385203,1,0,0
1544,30,<30,0,1,9,2021.0,0,спорт,0,0.5789557111158756,1,1,1
1545,35,30-45,0,1,8,2010.0,0,чтение,0,0.4572083986248231,0,1,0
1546,49,45+,1,3,15,1998.0,1,чтение,0,0.34271072683768067,0,1,0
1547,49,45+,1,2,19,2007.0,0,вязание,0,0.5263438433800285,1,0,0
1548,52,45+,0,1,19,1993.0,0,путешествия,0,0.2513469184283338,0,0,0
1549,56,45+,1,2,22,1987.0,1,фотография,0,0.17610183694107545,0,0,0
1550,63,45+,0,4,33,1985.0,1,рыбалка,0,0.19163997184750525,0,1,0
1551,46,45+,1,2,17,2008.0,0,спорт,0,0.5441604491861313,1,0,0
1552,46,45+,0,4,17,1997.0,1,садоводство,0,0.3354963396559845,0,1,0
1553,61,45+,0,2,19,1982.0,1,чтение,0,0.12010750310514,0,0,0
1554,33,30-45,1,3,10,2010.0,0,чтение,0,0.6586501901033468,1,0,1
1555,61,45+,1,1,25,1990.0,1,шахматы,0,0.1489681429519753,0,0,0
1556,64,45+,1,3,29,1990.0,1,спорт,0,0.23176379617710177,0,1,0
1557,27,<30,0,3,6,2016.0,0,спорт,0,0.6736700725898916,1,1,1
1558,47,45+,0,2,16,2007.0,0,путешествия,0,0.4714541953486718,0,0,0
1559,42,30-45,0,3,20,1998.0,1,путешествия,0,0.27396041102185853,0,0,0
1560,56,45+,0,3,16,1984.0,1,садоводство,0,0.17321194041893562,0,0,0
1561,37,30-45,1,3,17,2001.0,0,чтение,0,0.5386892026600394,1,0,1
1562,22,<30,0,3,2,2012.0,0,чтение,0,0.6442170891830084,1,1,1
1563,18,<30,0,2,0,2020.0,1,путешествия,0,0.4980913106243997,0,1,0
1564,47,45+,1,3,14,2010.0,0,чтение,0,0.6469098050073928,1,1,1
1565,20,<30,0,4,0,2016.0,0,блогинг,1,0.8688387494125621,1,1,1
1566,62,45+,1,3,28,1980.0,1,чтение,0,0.16209486748626709,0,0,0
1567,31,30-45,1,4,7,2010.0,1,чтение,0,0.5742443401619008,1,0,0
1568,47,45+,0,2,21,2008.0,0,чтение,0,0.46671683496136834,0,0,1
1569,21,<30,1,3,1,2015.0,0,видеоигры,1,0.8572471974148153,1,0,1
1570,35,30-45,1,3,13,2020.0,0,чтение,0,0.7456848246321931,1,0,0
1571,54,45+,0,1,24,1984.0,1,садоводство,0,0.09425317148933895,0,0,1
1572,42,30-45,0,3,11,1998.0,0,путешествия,0,0.4593272734300178,0,1,1
1573,65,45+,0,3,37,1989.0,1,чтение,0,0.1670970238899244,0,1,1
1574,18,<30,1,1,0,2019.0,0,чтение,0,0.6461626365652515,1,0,0
1575,63,45+,1,1,30,1993.0,1,фотография,0,0.15838679838384928,0,0,0
1576,32,30-45,1,3,8,2009.0,0,чтение,0,0.6541781622361925,1,1,1
1577,26,<30,1,1,2,2017.0,0,видеоигры,1,0.7815941279560273,1,1,0
1578,32,30-45,1,1,14,2021.0,0,чтение,0,0.6253613772861378,1,1,0
1579,41,30-45,1,2,12,2003.0,0,путешествия,0,0.5033018463703129,1,0,0
1580,21,<30,0,1,1,2013.0,0,спорт,0,0.5140600075684052,1,0,1
1581,29,<30,1,4,7,2015.0,0,чтение,0,0.7725652985111756,1,0,1
1582,54,45+,0,2,16,1984.0,1,путешествия,0,0.1345746029195149,0,0,0
1583,54,45+,1,3,29,1995.0,1,спорт,0,0.27493411811999496,0,1,0
1584,60,45+,0,4,25,1985.0,1,вязание,0,0.2082038721403901,0,1,0
1585,23,<30,0,3,6,2014.0,0,чтение,0,0.6532537891335233,1,0,0
1586,56,45+,0,2,26,1984.0,0,путешествия,0,0.21490822251346212,0,0,0
1587,63,45+,0,3,23,1993.0,0,рыбалка,0,0.36653679704373576,0,1,0
1588,41,30-45,1,2,22,2001.0,0,путешествия,0,0.44824725756611966,0,0,0
1589,28,<30,0,2,6,2018.0,0,программирование,1,0.7872363971318643,1,1,1
1590,30,<30,1,3,3,2008.0,0,чтение,0,0.6584688478417714,1,0,1
1591,51,45+,0,3,22,1984.0,1,садоводство,0,0.16236512821984123,0,0,0
1592,42,30-45,1,3,16,2008.0,1,чтение,0,0.4484604945806391,0,1,0
1593,24,<30,0,4,5,2012.0,0,видеоигры,1,0.8379509190667805,1,1,1
1594,21,<30,0,3,4,2021.0,0,программирование,1,0.8543962388052451,1,1,1
1595,25,<30,1,3,5,2017.0,1,чтение,0,0.5859206053994204,1,0,0
1596,37,30-45,0,3,17,2005.0,1,спорт,0,0.35076839131214976,0,1,0
1597,46,45+,0,1,19,1996.0,1,шахматы,0,0.1612076918002367,0,0,0
1598,62,45+,0,2,22,1990.0,0,спорт,0,0.27499789104265865,0,0,1
1599,63,45+,0,3,22,1991.0,1,рыбалка,0,0.21071380728714026,0,0,0
1600,27,<30,1,3,7,2015.0,1,путешествия,0,0.5571903303478402,1,0,0
1601,60,45+,0,1,34,1983.0,1,фотография,0,0.08031990199973266,0,1,0
1602,51,45+,1,2,18,1994.0,1,фотография,0,0.23666044523121826,0,0,0
1603,43,30-45,1,2,14,2004.0,0,фотография,0,0.5082583373748705,1,1,0
1604,58,45+,0,3,28,1983.0,1,садоводство,0,0.1462693108403247,0,0,0
1605,20,<30,1,3,2,2019.0,0,чтение,0,0.7635881470458953,1,1,1
1606,23,<30,1,4,3,2018.0,1,программирование,1,0.8186092196451441,1,1,1
1607,22,<30,1,3,0,2009.0,0,фотография,0,0.6772273638753864,1,0,0
1608,22,<30,1,3,6,2012.0,0,блогинг,1,0.8307105640698922,1,1,1
1609,64,45+,1,2,26,1986.0,1,фотография,0,0.16239494068496346,0,0,0
1610,40,30-45,1,2,11,1999.0,0,спорт,0,0.4608900442237616,0,0,1
1611,26,<30,0,2,7,2017.0,0,блогинг,1,0.7772422153424114,1,0,1
1612,52,45+,0,3,22,1984.0,1,вязание,0,0.16236512821984123,0,0,0
1613,37,30-45,0,1,12,2007.0,0,чтение,0,0.4108201186986527,0,0,1
1614,59,45+,0,3,28,1992.0,0,фотография,0,0.3412824748493956,0,0,0
1615,52,45+,0,3,23,1991.0,0,чтение,0,0.3455716758909452,0,1,0
1616,35,30-45,0,2,7,2014.0,0,спорт,0,0.5798973951389088,1,0,0
1617,34,30-45,0,4,5,2013.0,1,фотография,0,0.5507365103899579,1,0,1
1618,41,30-45,1,3,11,2005.0,0,путешествия,0,0.6024507134538397,1,1,1
1619,20,<30,1,2,0,2017.0,0,блогинг,1,0.8318717480218455,1,0,1
1620,49,45+,1,2,23,2005.0,0,вязание,0,0.49055427573074245,0,0,1
1621,52,45+,0,3,30,1987.0,1,путешествия,0,0.16698481286811645,0,0,0
1622,55,45+,1,2,27,1990.0,1,чтение,0,0.1868593657151552,0,1,0
1623,30,<30,1,1,10,2022.0,1,чтение,0,0.47873339612521926,0,0,1
1624,64,45+,0,3,29,1994.0,1,спорт,0,0.21855754564702698,0,1,0
1625,42,30-45,0,4,17,1999.0,0,путешествия,0,0.5257387681899475,1,0,0
1626,26,<30,1,2,8,2012.0,1,видеоигры,1,0.6391517306102819,1,1,1
1627,21,<30,1,4,0,2016.0,0,скейтборд,1,0.8956091157596988,1,0,1
1628,31,30-45,0,3,8,2017.0,0,спорт,0,0.6780141034052976,1,1,1
1629,54,45+,0,1,22,1981.0,0,чтение,0,0.15722175358546783,0,0,0
1630,51,45+,0,3,20,1984.0,0,чтение,0,0.2849951040420571,0,0,1
1631,28,<30,1,2,6,2016.0,1,спорт,0,0.4975941932336239,0,0,1
1632,58,45+,1,2,31,1991.0,1,вязание,0,0.18593853027902005,0,1,0
1633,20,<30,0,3,1,2022.0,0,путешествия,0,0.7434466462010239,1,1,1
1634,45,30-45,0,3,14,2000.0,1,спорт,0,0.30885883284474036,0,0,0
1635,46,45+,1,1,20,1998.0,0,путешествия,0,0.3504383843296887,0,0,0
1636,26,<30,1,4,8,2022.0,0,программирование,1,0.910531004701944,1,0,0
1637,20,<30,0,3,3,2015.0,0,программирование,1,0.8187764107843254,1,1,1
1638,42,30-45,1,4,17,2010.0,1,чтение,0,0.5423199465871088,1,0,1
1639,51,45+,0,2,16,1992.0,0,путешествия,0,0.30997204867192873,0,0,0
1640,29,<30,0,4,7,2019.0,0,путешествия,0,0.7589880851034567,1,1,1
1641,59,45+,1,2,28,1987.0,1,садоводство,0,0.1651101945865221,0,0,1
1642,26,<30,0,1,5,2013.0,0,скейтборд,1,0.6888138433136733,1,0,1
1643,32,30-45,1,3,8,2016.0,0,чтение,0,0.7226335099770967,1,0,1
1644,57,45+,1,3,16,1985.0,1,вязание,0,0.2212027035422931,0,1,0
1645,42,30-45,1,3,12,1999.0,1,фотография,0,0.36200858323561175,0,0,0
1646,22,<30,0,2,3,2013.0,0,программирование,1,0.7537197449888717,1,0,1
1647,28,<30,0,1,5,2010.0,0,путешествия,0,0.46686486718745723,0,1,0
1648,51,45+,0,3,21,1984.0,1,вязание,0,0.1641341223088366,0,1,1
1649,41,30-45,1,2,13,2006.0,0,фотография,0,0.5343074347614233,1,1,1
1650,32,30-45,1,3,9,2012.0,0,фотография,0,0.6817214373333237,1,1,1
1651,55,45+,1,2,28,1991.0,1,чтение,0,0.19189112206078499,0,0,0
1652,25,<30,1,4,5,2012.0,0,скейтборд,1,0.8700828973385524,1,1,1
1653,22,<30,1,3,4,2011.0,0,скейтборд,1,0.8279037187205077,1,0,1
1654,65,45+,1,3,27,1984.0,1,чтение,0,0.19048609164773533,0,1,0
1655,43,30-45,0,4,16,2000.0,0,спорт,0,0.5403436092096671,1,0,0
1656,35,30-45,0,3,14,2015.0,1,фотография,0,0.47015618711098156,0,0,0
1657,23,<30,1,1,1,2012.0,0,путешествия,0,0.5668859400594615,1,0,0
1658,54,45+,0,1,22,1985.0,1,рыбалка,0,0.10054848193431237,0,1,0
1659,65,45+,0,3,26,1982.0,1,путешествия,0,0.1438105269200721,0,0,1
1660,30,<30,1,2,6,2015.0,0,спорт,0,0.6546774370404793,1,1,1
1661,45,30-45,1,3,18,1997.0,0,чтение,0,0.489801024944372,0,0,1
1662,22,<30,0,2,3,2014.0,0,программирование,1,0.7621095375732206,1,0,1
1663,30,<30,1,2,3,2019.0,0,чтение,0,0.7029599154857031,1,1,1
1664,34,30-45,1,3,11,2017.0,1,путешествия,0,0.5669515911286376,1,1,1
1665,57,45+,0,4,27,1984.0,0,садоводство,0,0.3290687663363802,0,0,1
1666,62,45+,0,3,23,1984.0,1,чтение,0,0.16061153639880862,0,0,1
1667,49,45+,0,4,26,2002.0,1,путешествия,0,0.36092881503861285,0,0,0
1668,46,45+,1,4,9,2007.0,0,путешествия,0,0.696590990931162,1,0,0
1669,20,<30,1,2,2,2016.0,0,видеоигры,1,0.8216140018207496,1,1,1
1670,57,45+,1,2,22,1982.0,1,рыбалка,0,0.14533949453363917,0,0,0
1671,51,45+,1,3,24,1992.0,1,вязание,0,0.26073194878430705,0,0,0
1672,57,45+,0,3,18,1982.0,1,путешествия,0,0.15704354643805982,0,0,0
1673,44,30-45,0,3,15,2008.0,0,чтение,0,0.5603154390304033,1,1,1
1674,30,<30,1,4,8,2012.0,1,спорт,0,0.5933177702595942,1,1,1
1675,62,45+,0,1,30,1978.0,1,вязание,0,0.06818850721543467,0,0,0
1676,50,45+,0,2,29,2001.0,1,рыбалка,0,0.22234449125144756,0,0,0
1677,23,<30,0,3,6,2014.0,0,спорт,0,0.6532537891335233,1,1,1
1678,41,30-45,0,2,15,2009.0,1,путешествия,0,0.3307234843129112,0,0,1
1679,36,30-45,0,1,10,1993.0,0,чтение,0,0.2739072279442844,0,1,0
1680,33,30-45,0,2,10,2020.0,0,фотография,0,0.6359614329871991,1,1,0
1681,57,45+,0,1,17,1982.0,1,чтение,0,0.09418434594146284,0,0,0
1682,45,30-45,0,3,16,2005.0,0,путешествия,0,0.523059503742321,1,1,1
1683,50,45+,1,3,13,2007.0,1,садоводство,0,0.44675977150431306,0,1,0
1684,65,45+,1,3,24,1980.0,0,спорт,0,0.28989271155376983,0,1,1
1685,58,45+,0,3,35,1996.0,0,спорт,0,0.3623176808125415,0,0,0
1686,30,<30,1,2,5,2017.0,0,путешествия,0,0.6778858797417859,1,1,1
1687,60,45+,0,3,23,1985.0,1,путешествия,0,0.1668726621025309,0,0,0
1688,62,45+,1,1,26,1986.0,1,садоводство,0,0.1258033436545508,0,0,0
1689,42,30-45,1,2,13,1999.0,1,спорт,0,0.29365933534152733,0,0,0
1690,59,45+,1,1,20,1993.0,1,садоводство,0,0.1764223805148124,0,0,0
1691,53,45+,1,3,28,1980.0,1,садоводство,0,0.16209486748626709,0,0,1
1692,44,30-45,0,4,14,1996.0,0,чтение,0,0.5011771850149654,1,1,1
1693,55,45+,0,3,25,1987.0,0,вязание,0,0.29998260410685146,0,0,1
1694,24,<30,1,3,5,2012.0,0,блогинг,1,0.8325239881120142,1,0,1
1695,22,<30,0,1,4,2017.0,0,спорт,0,0.5499136390756121,1,0,1
1696,60,45+,0,3,31,1987.0,0,рыбалка,0,0.2839233591586615,0,0,0
1697,62,45+,1,3,34,1981.0,0,шахматы,0,0.27295542580082705,0,1,0
1698,48,45+,1,2,16,1997.0,1,шахматы,0,0.26737391380094677,0,0,0
1699,40,30-45,1,2,23,2006.0,1,спорт,0,0.3346842030979452,0,0,0
1700,59,45+,0,3,25,1985.0,1,спорт,0,0.16330278522410802,0,0,0
1701,27,<30,1,3,8,2021.0,0,скейтборд,1,0.8782900675398551,1,0,1
1702,49,45+,0,3,13,2003.0,0,спорт,0,0.5099225923387849,1,0,0
1703,60,45+,0,3,19,1985.0,1,шахматы,0,0.1741992106445119,0,0,1
1704,47,45+,1,4,22,1998.0,0,спорт,0,0.5624709794564426,1,1,0
1705,56,45+,0,1,24,1987.0,1,чтение,0,0.10663467446337542,0,0,0
1706,48,45+,0,1,16,1999.0,1,чтение,0,0.1864521645265845,0,0,0
1707,35,30-45,1,2,6,2015.0,0,чтение,0,0.6546774370404793,1,0,0
1708,53,45+,0,1,19,1989.0,1,рыбалка,0,0.12245591941994888,0,0,0
1709,19,<30,0,3,2,2014.0,0,скейтборд,1,0.8138616749443917,1,0,1
1710,31,30-45,0,3,6,2021.0,0,спорт,0,0.721814305299095,1,0,0
1711,30,<30,0,3,3,2013.0,1,путешествия,0,0.482876112717116,0,0,1
1712,46,45+,0,2,16,1999.0,0,рыбалка,0,0.38221824091926687,0,0,0
1713,29,<30,1,4,4,2014.0,1,видеоигры,1,0.7876946198689546,1,0,1
1714,56,45+,1,1,23,1987.0,0,садоводство,0,0.23885115563578677,0,0,0
1715,19,<30,0,2,2,2018.0,0,скейтборд,1,0.795783802361504,1,1,1
1716,49,45+,1,3,20,2008.0,1,вязание,0,0.43568470121313335,0,0,1
1717,30,<30,0,3,3,2017.0,0,путешествия,0,0.6919842220619197,1,0,1
1718,63,45+,0,2,19,1991.0,1,фотография,0,0.17081714292071168,0,0,0
1719,44,30-45,1,1,16,1993.0,1,путешествия,0,0.18407557160407542,0,0,0
1720,58,45+,0,3,17,1982.0,1,шахматы,0,0.15876555048904134,0,1,0
1721,34,30-45,1,1,5,2017.0,0,фотография,0,0.6096885047551276,1,1,1
1722,57,45+,0,1,26,1984.0,1,путешествия,0,0.09206515607944792,0,1,0
1723,48,45+,1,3,17,1997.0,1,фотография,0,0.3267618077505336,0,1,0
1724,51,45+,0,2,18,1989.0,1,вязание,0,0.15998284875373472,0,0,0
1725,41,30-45,0,2,14,1996.0,0,фотография,0,0.356306522293788,0,0,0
1726,62,45+,0,2,20,1983.0,1,чтение,0,0.12361502118579148,0,0,0
1727,52,45+,1,4,26,1991.0,0,чтение,0,0.4698587363302727,0,1,1
1728,65,45+,1,4,32,1988.0,0,чтение,0,0.41687818036328966,0,1,1
1729,23,<30,1,2,3,2022.0,0,видеоигры,1,0.8567736589799023,1,0,1
1730,36,30-45,0,2,6,1997.0,0,путешествия,0,0.3912409600941292,0,1,0
1731,47,45+,0,2,23,1999.0,0,садоводство,0,0.3610531675407457,0,1,0
1732,24,<30,0,2,1,2008.0,0,видеоигры,1,0.7141863111321151,1,0,1
1733,27,<30,1,3,5,2010.0,0,спорт,0,0.6730553302041028,1,0,1
1734,58,45+,1,3,28,1994.0,0,спорт,0,0.423726626706551,0,0,0
1735,49,45+,0,2,25,1996.0,1,чтение,0,0.193269863836401,0,0,0
1736,51,45+,1,2,20,1990.0,1,путешествия,0,0.20102581963505994,0,0,0
1737,45,30-45,0,2,21,1998.0,1,путешествия,0,0.21659147935950046,0,0,0
1738,32,30-45,1,2,11,2020.0,0,спорт,0,0.6907353539443699,1,0,1
1739,47,45+,1,2,11,2008.0,0,садоводство,0,0.5633589239300955,1,0,0
1740,54,45+,0,3,22,1980.0,1,вязание,0,0.13899616645917415,0,0,0
1741,46,45+,0,3,14,1994.0,1,садоводство,0,0.2535369096995308,0,0,1
1742,39,30-45,1,3,12,2009.0,0,путешествия,0,0.6423674821540687,1,0,1
1743,21,<30,1,2,1,2014.0,0,видеоигры,1,0.8098155839038033,1,0,1
1744,37,30-45,1,3,7,2008.0,0,фотография,0,0.6467255709911475,1,1,0
1745,49,45+,1,2,23,1998.0,1,садоводство,0,0.2586666200610891,0,0,0
1746,53,45+,0,1,21,1990.0,1,чтение,0,0.12460273018635282,0,0,1
1747,21,<30,1,3,1,2012.0,1,путешествия,0,0.5424675658271049,1,1,1
1748,44,30-45,1,2,22,2001.0,1,спорт,0,0.28848128104879145,0,0,0
1749,34,30-45,1,3,12,2010.0,0,спорт,0,0.6528032287985678,1,0,1
1750,29,<30,0,3,12,2019.0,1,спорт,0,0.5223105231838941,1,1,1
1751,39,30-45,0,4,10,1995.0,0,путешествия,0,0.5026951472093284,1,1,1
1752,34,30-45,0,4,11,2010.0,0,путешествия,0,0.6645802243914049,1,0,1
1753,27,<30,0,1,4,2015.0,0,видеоигры,1,0.7107417176225451,1,1,1
1754,18,<30,0,4,0,2022.0,0,программирование,1,0.8970720585403994,1,1,1
1755,39,30-45,0,3,11,2006.0,1,чтение,0,0.3793679745523566,0,1,1
1756,43,30-45,0,3,6,2009.0,0,фотография,0,0.5998223818513935,1,0,0
1757,35,30-45,0,1,7,2012.0,0,чтение,0,0.48321211308632533,0,1,0
1758,31,30-45,1,3,6,2019.0,0,путешествия,0,0.7541095808195627,1,1,1
1759,64,45+,0,1,33,1985.0,1,вязание,0,0.08837826274848509,0,0,0
1760,46,45+,0,3,25,1997.0,0,путешествия,0,0.40369666377294317,0,1,0
1761,29,<30,0,1,4,2020.0,1,скейтборд,1,0.6064991451987395,1,0,0
1762,53,45+,0,3,22,1989.0,0,рыбалка,0,0.3280383774427775,0,0,1
1763,52,45+,1,2,23,1981.0,0,вязание,0,0.24318519169747763,0,1,1
1764,29,<30,0,2,8,2017.0,0,фотография,0,0.6098282504931709,1,1,1
1765,24,<30,1,1,6,2019.0,0,фотография,0,0.6282021429273745,1,1,1
1766,46,45+,1,2,19,2006.0,1,садоводство,0,0.34631587374970213,0,1,0
1767,28,<30,1,1,6,2019.0,0,чтение,0,0.6282021429273745,1,0,1
1768,50,45+,1,2,23,2004.0,1,фотография,0,0.31463605906115955,0,0,1
1769,23,<30,1,3,1,2015.0,0,путешествия,0,0.731546980230165,1,1,1
1770,64,45+,1,3,29,1990.0,1,рыбалка,0,0.23176379617710177,0,0,0
1771,32,30-45,0,3,6,2015.0,0,спорт,0,0.6635382593770612,1,1,1
1772,49,45+,0,1,19,1997.0,1,садоводство,0,0.16748742026850266,0,0,0
1773,28,<30,1,2,2,2020.0,0,чтение,0,0.7150650551397079,1,1,1
1774,40,30-45,0,2,18,2002.0,1,путешествия,0,0.25657016182533365,0,0,0
1775,43,30-45,0,4,13,2009.0,1,фотография,0,0.4792933668524349,0,0,0
1776,51,45+,1,3,21,1987.0,1,чтение,0,0.2258378440280727,0,1,0
1777,63,45+,1,2,27,1991.0,1,путешествия,0,0.19390733722067605,0,0,0
1778,51,45+,0,1,18,1985.0,1,рыбалка,0,0.10533122161539825,0,0,0
1779,46,45+,1,3,16,1999.0,1,садоводство,0,0.35013215692080163,0,0,0
1780,21,<30,0,3,2,2019.0,0,скейтборд,1,0.8460496404502669,1,0,1
1781,34,30-45,1,3,4,2018.0,0,путешествия,0,0.7504142656715748,1,0,1
1782,52,45+,0,3,28,1978.0,1,путешествия,0,0.11995949818893756,0,1,0
1783,30,<30,0,2,10,2020.0,0,спорт,0,0.6359614329871991,1,0,1
1784,58,45+,1,1,19,1989.0,1,вязание,0,0.15306718600302524,0,0,0
1785,56,45+,0,2,18,1988.0,1,путешествия,0,0.1539324682524636,0,0,0
1786,32,30-45,1,2,11,2017.0,0,спорт,0,0.6606900670541141,1,0,1
1787,46,45+,0,2,12,2007.0,0,вязание,0,0.4843785661781407,0,0,0
1788,46,45+,0,3,17,2004.0,0,вязание,0,0.5084051172820708,1,0,1
1789,28,<30,1,2,6,2021.0,0,скейтборд,1,0.8460781875406738,1,1,1
1790,49,45+,0,2,21,2004.0,0,рыбалка,0,0.4215904555713473,0,0,1
1791,19,<30,0,2,0,2017.0,0,чтение,0,0.6341804180897079,1,1,0
1792,64,45+,0,1,30,1988.0,1,рыбалка,0,0.10362692391434432,0,0,0
1793,31,30-45,1,2,4,2009.0,0,фотография,0,0.5965685195767747,1,1,1
1794,37,30-45,1,3,11,2007.0,0,чтение,0,0.6241371771276976,1,0,0
1795,39,30-45,1,3,15,2003.0,1,чтение,0,0.3958971522433357,0,0,0
1796,28,<30,0,2,9,2015.0,1,чтение,0,0.4126949830948041,0,0,0
1797,44,30-45,0,3,7,2008.0,1,спорт,0,0.4136319063217275,0,0,1
1798,20,<30,0,1,1,2011.0,1,чтение,0,0.32514631169467645,0,0,0
1799,34,30-45,1,3,12,2019.0,0,фотография,0,0.7394187210073279,1,0,1
1800,61,45+,0,2,17,1994.0,1,шахматы,0,0.1951703537758693,0,1,0
1801,45,30-45,1,2,11,1999.0,0,фотография,0,0.4608900442237616,0,1,1
1802,46,45+,0,3,18,1998.0,0,путешествия,0,0.4369121014808647,0,1,0
1803,38,30-45,1,2,13,2007.0,0,спорт,0,0.5456661857606956,1,1,0
1804,64,45+,1,1,29,1988.0,1,рыбалка,0,0.13170379056300155,0,1,0
1805,33,30-45,1,2,11,2012.0,0,чтение,0,0.60771643208028,1,0,1
1806,54,45+,0,2,17,1979.0,1,путешествия,0,0.10883464253779546,0,0,0
1807,37,30-45,0,2,14,1996.0,0,спорт,0,0.356306522293788,0,0,0
1808,23,<30,0,3,3,2009.0,0,видеоигры,1,0.7744659399534893,1,0,1
1809,36,30-45,0,3,8,1996.0,0,фотография,0,0.44629321787811227,0,0,0
1810,22,<30,0,3,1,2017.0,0,путешествия,0,0.6974771342780793,1,0,1
1811,20,<30,1,2,1,2010.0,0,программирование,1,0.7800391176601783,1,0,0
1812,18,<30,0,2,0,2012.0,0,путешествия,0,0.579700912814321,1,0,0
1813,55,45+,1,2,24,1982.0,0,спорт,0,0.24926873332872745,0,1,0
1814,32,30-45,1,2,9,2019.0,0,путешествия,0,0.686483589174942,1,0,1
1815,51,45+,0,3,23,1979.0,1,спорт,0,0.13212119189154348,0,1,1
1816,52,45+,1,2,32,1989.0,1,рыбалка,0,0.1706497861797029,0,0,0
1817,42,30-45,0,3,12,2005.0,0,фотография,0,0.5359640190623145,1,0,0
1818,41,30-45,0,2,10,2001.0,0,спорт,0,0.4228749787709846,0,0,1
1819,29,<30,0,1,4,2010.0,0,видеоигры,1,0.6615796475762546,1,1,1
1820,35,30-45,1,1,5,2017.0,0,путешествия,0,0.6096885047551276,1,0,0
1821,32,30-45,0,1,5,2008.0,0,фотография,0,0.4441850730776469,0,0,1
1822,61,45+,0,2,35,1981.0,0,рыбалка,0,0.17518287086638973,0,1,0
1823,33,30-45,1,1,12,2014.0,0,чтение,0,0.5543252143474752,1,0,1
1824,44,30-45,0,1,16,2004.0,0,чтение,0,0.36596510147141653,0,0,1
1825,25,<30,1,3,4,2022.0,0,программирование,1,0.8883371459504257,1,0,1
1826,63,45+,1,3,25,1984.0,1,шахматы,0,0.19451206200624285,0,0,0
1827,42,30-45,1,1,11,1997.0,0,спорт,0,0.36672580462876203,0,0,0
1828,34,30-45,0,2,12,2020.0,1,спорт,0,0.45933026959376877,0,0,0
1829,46,45+,0,3,7,1999.0,0,садоводство,0,0.4836257960058625,0,1,0
1830,25,<30,0,4,5,2018.0,0,спорт,0,0.7553422996074929,1,0,0
1831,32,30-45,0,3,8,2020.0,1,путешествия,0,0.5465726879755133,1,1,0
1832,44,30-45,0,2,11,1998.0,1,путешествия,0,0.23936979380481865,0,0,0
1833,63,45+,0,3,31,1991.0,1,путешествия,0,0.1919822078341558,0,0,1
1834,24,<30,1,3,8,2021.0,1,спорт,0,0.6203875436228561,1,0,1
1835,20,<30,1,2,1,2014.0,0,скейтборд,1,0.8098155839038033,1,0,1
1836,46,45+,0,3,13,2001.0,1,вязание,0,0.3215233449362985,0,0,0
1837,61,45+,0,2,26,1994.0,1,фотография,0,0.17750974978641568,0,0,0
1838,41,30-45,0,4,15,2003.0,0,путешествия,0,0.5773403890571301,1,0,0
1839,20,<30,0,3,1,2020.0,0,программирование,1,0.853538453495422,1,0,1
1840,37,30-45,1,3,13,2001.0,0,спорт,0,0.5515334100274133,1,0,1
1841,63,45+,1,3,17,1981.0,1,садоводство,0,0.1893038910255345,0,0,1
1842,32,30-45,1,2,9,2015.0,0,путешествия,0,0.6458422000531707,1,1,1
1843,42,30-45,1,3,9,1996.0,0,чтение,0,0.5075049830277576,1,0,1
1844,47,45+,1,3,14,2007.0,1,садоводство,0,0.4435611395761136,0,0,0
1845,31,30-45,1,3,8,2016.0,0,фотография,0,0.7226335099770967,1,0,1
1846,24,<30,0,3,1,2023.0,0,спорт,0,0.7520712854111983,1,0,0
1847,34,30-45,1,3,18,2012.0,0,чтение,0,0.655914641348317,1,1,1
1848,61,45+,0,4,29,1991.0,0,чтение,0,0.3969489563568307,0,1,0
1849,37,30-45,0,3,9,1996.0,0,чтение,0,0.4430952509821892,0,0,0
1850,53,45+,0,3,31,1990.0,0,садоводство,0,0.3126209676686233,0,1,0
1851,26,<30,0,1,6,2023.0,0,блогинг,1,0.7753767271240035,1,0,0
1852,55,45+,1,3,19,1991.0,1,шахматы,0,0.2644151661100553,0,0,1
1853,65,45+,0,2,23,1982.0,1,садоводство,0,0.11473986895465539,0,0,0
1854,39,30-45,0,2,10,2007.0,1,путешествия,0,0.32483892180945817,0,0,0
1855,19,<30,0,2,2,2021.0,0,видеоигры,1,0.8171769349369647,1,1,1
1856,41,30-45,1,3,13,1999.0,1,фотография,0,0.35902296625503227,0,1,0
1857,25,<30,0,3,1,2015.0,0,видеоигры,1,0.8225879182476814,1,0,1
1858,28,<30,1,3,6,2019.0,0,видеоигры,1,0.8711065299743496,1,0,1
1859,30,<30,1,2,6,2018.0,0,фотография,0,0.6850012943589019,1,0,1
1860,34,30-45,1,3,14,2008.0,0,путешествия,0,0.625749401473188,1,0,1
1861,25,<30,1,3,7,2008.0,0,видеоигры,1,0.8013579393497247,1,1,1
1862,38,30-45,0,2,13,2000.0,0,спорт,0,0.40237886149635393,0,0,0
1863,35,30-45,0,2,17,2021.0,0,путешествия,0,0.6254989584025609,1,1,0
1864,47,45+,1,2,13,2003.0,0,фотография,0,0.5000643042617351,1,1,1
1865,35,30-45,0,3,10,2013.0,0,спорт,0,0.6308445467843639,1,0,1
1866,63,45+,0,3,33,1980.0,1,шахматы,0,0.12280769494302038,0,0,0
1867,64,45+,1,2,34,1981.0,1,спорт,0,0.12209212329118271,0,1,0
1868,48,45+,0,4,20,1994.0,0,фотография,0,0.45897930531244185,0,1,0
1869,55,45+,1,1,24,1988.0,0,чтение,0,0.24486135526944197,0,0,0
1870,49,45+,0,2,24,2007.0,1,спорт,0,0.28640127484232,0,0,1
1871,28,<30,1,2,11,2013.0,0,программирование,1,0.7813548379818663,1,0,1
1872,62,45+,1,1,26,1985.0,1,спорт,0,0.12085961474907934,0,1,1
1873,42,30-45,1,2,16,1999.0,0,фотография,0,0.44484736934188807,0,0,1
1874,50,45+,0,2,20,2004.0,1,чтение,0,0.26927304639260813,0,1,0
1875,55,45+,1,3,23,1996.0,0,садоводство,0,0.4622512525322692,0,1,1
1876,58,45+,1,2,23,1995.0,1,чтение,0,0.23324125344438407,0,1,0
1877,25,<30,0,3,4,2021.0,1,видеоигры,1,0.7454497743247054,1,0,1
1878,28,<30,0,3,5,2020.0,0,спорт,0,0.7151846971271032,1,1,0
1879,39,30-45,1,1,12,1997.0,0,путешествия,0,0.36372346281809,0,1,1
1880,41,30-45,1,3,17,2007.0,1,спорт,0,0.433994303981084,0,0,0
1881,58,45+,0,1,24,1990.0,1,рыбалка,0,0.12042641028849514,0,0,0
1882,34,30-45,1,3,12,2018.0,0,путешествия,0,0.7305116551810966,1,1,1
1883,29,<30,0,4,5,2016.0,0,фотография,0,0.7380488418517173,1,0,1
1884,63,45+,0,2,36,1991.0,1,спорт,0,0.14185067673060778,0,1,1
1885,49,45+,1,4,25,1998.0,1,спорт,0,0.38162158682822606,0,1,1
1886,32,30-45,1,3,9,2012.0,0,чтение,0,0.6817214373333237,1,0,0
1887,33,30-45,1,4,10,2021.0,0,фотография,0,0.8112846624557539,1,1,0
1888,39,30-45,1,3,13,2002.0,0,спорт,0,0.5628157867771059,1,0,0
1889,45,30-45,0,2,14,2002.0,1,путешествия,0,0.266574789383072,0,0,0
1890,37,30-45,0,3,13,1998.0,0,фотография,0,0.45290206786337245,0,1,0
1891,50,45+,0,1,21,2006.0,0,фотография,0,0.37218398745675735,0,1,0
1892,27,<30,1,2,10,2012.0,0,скейтборд,1,0.7757032520040638,1,1,1
1893,57,45+,1,2,24,1989.0,1,вязание,0,0.18581648932912329,0,1,0
1894,49,45+,0,2,15,1999.0,0,вязание,0,0.3852808051730548,0,0,0
1895,50,45+,0,3,21,2006.0,1,садоводство,0,0.34938688390124795,0,1,0
1896,19,<30,0,3,0,2015.0,1,программирование,1,0.700968504292964,1,0,1
1897,50,45+,1,4,14,2001.0,1,фотография,0,0.4494164813543602,0,0,0
1898,50,45+,0,1,13,2006.0,1,шахматы,0,0.24707523019506406,0,0,0
1899,58,45+,0,4,26,1990.0,1,рыбалка,0,0.24599476336122733,0,0,0
1900,30,<30,1,4,7,2009.0,0,фотография,0,0.7208086625319412,1,0,0
1901,47,45+,1,1,20,2003.0,0,чтение,0,0.404086799516246,0,1,0
1902,50,45+,1,2,17,2004.0,0,рыбалка,0,0.49854632223546297,0,1,0
1903,30,<30,1,3,5,2015.0,0,путешествия,0,0.7212527303202615,1,0,1
1904,43,30-45,0,3,16,2007.0,0,путешествия,0,0.5458117778082846,1,0,1
1905,39,30-45,1,3,11,1996.0,1,фотография,0,0.3338339969606723,0,0,0
1906,56,45+,1,3,21,1991.0,0,шахматы,0,0.4124055899804908,0,1,0
1907,19,<30,1,2,0,2012.0,0,путешествия,0,0.6411082198521111,1,0,1
1908,55,45+,0,1,29,1988.0,0,фотография,0,0.1900642637945763,0,0,0
1909,56,45+,0,3,19,1988.0,1,вязание,0,0.19482380478532685,0,1,0
1910,43,30-45,0,1,16,1997.0,1,спорт,0,0.17297483452024262,0,0,0
1911,63,45+,0,3,27,1984.0,1,шахматы,0,0.15375006514860104,0,0,1
1912,32,30-45,1,3,10,2011.0,1,чтение,0,0.5019994342283534,1,0,1
1913,51,45+,0,3,24,1983.0,0,садоводство,0,0.265544235866088,0,1,1
1914,59,45+,0,4,25,1981.0,1,спорт,0,0.17965241489993516,0,1,0
1915,61,45+,0,2,19,1985.0,1,шахматы,0,0.13537770815010314,0,1,0
1916,57,45+,0,3,15,1989.0,0,вязание,0,0.3483231655891743,0,0,0
1917,28,<30,0,3,2,2021.0,0,скейтборд,1,0.8575888899032978,1,0,1
1918,20,<30,0,4,2,2018.0,0,путешествия,0,0.762450580929924,1,1,1
1919,23,<30,0,3,2,2017.0,0,блогинг,1,0.8337566411001819,1,1,1
1920,26,<30,1,1,4,2013.0,0,видеоигры,1,0.7438663014121333,1,1,1
1921,23,<30,1,4,3,2020.0,0,фотография,0,0.8180664847475477,1,1,1
1922,26,<30,0,3,5,2018.0,0,фотография,0,0.6961944029580985,1,1,1
1923,56,45+,1,1,25,1989.0,1,рыбалка,0,0.143263282616192,0,1,0
1924,48,45+,1,3,17,2004.0,1,шахматы,0,0.40064910733536807,0,1,0
1925,49,45+,1,3,21,2004.0,0,рыбалка,0,0.5598254878350187,1,1,0
1926,58,45+,0,3,23,1991.0,1,спорт,0,0.20856805628118802,0,0,0
1927,29,<30,0,2,4,2016.0,1,путешествия,0,0.43970627077917745,0,1,0
1928,25,<30,0,3,5,2010.0,0,фотография,0,0.6138216122147333,1,1,1
1929,25,<30,0,3,2,2012.0,0,путешествия,0,0.6442170891830084,1,0,1
1930,45,30-45,0,3,9,1995.0,1,путешествия,0,0.2750089913555602,0,0,0
1931,37,30-45,1,1,14,1996.0,0,чтение,0,0.3473133774565411,0,0,0
1932,64,45+,0,2,32,1979.0,1,путешествия,0,0.09137540152662096,0,1,1
1933,24,<30,0,3,4,2020.0,1,путешествия,0,0.5593769365133319,1,0,0
1934,28,<30,1,3,8,2015.0,0,видеоигры,1,0.8457904598878186,1,1,1
1935,37,30-45,0,2,10,2007.0,0,фотография,0,0.4908496823561163,0,0,0
1936,33,30-45,1,2,12,2020.0,1,путешествия,0,0.5238799495617508,1,1,1
1937,21,<30,1,1,2,2014.0,0,спорт,0,0.5860513890488961,1,1,1
1938,23,<30,1,3,3,2016.0,0,чтение,0,0.7354231505866128,1,0,1
1939,39,30-45,1,1,14,1997.0,1,спорт,0,0.2175235611258867,0,0,1
1940,43,30-45,0,1,13,1996.0,1,чтение,0,0.17199305817843555,0,1,1
1941,20,<30,1,1,2,2020.0,0,видеоигры,1,0.8041078184989755,1,0,1
1942,58,45+,1,3,20,1983.0,1,чтение,0,0.19750975138605464,0,0,0
1943,59,45+,1,2,16,1983.0,1,шахматы,0,0.16135233073997649,0,0,0
1944,31,30-45,0,2,9,2009.0,0,фотография,0,0.5169445081377247,1,0,1
1945,28,<30,1,4,8,2018.0,0,программирование,1,0.894468275111282,1,1,1
1946,35,30-45,0,1,12,2016.0,0,фотография,0,0.5127445858607941,1,1,0
1947,29,<30,1,2,7,2011.0,1,путешествия,0,0.43752295588179757,0,0,1
1948,40,30-45,0,4,10,1996.0,0,спорт,0,0.5141237892362532,1,0,0
1949,29,<30,1,2,9,2021.0,0,программирование,1,0.840950313672877,1,0,1
1950,30,<30,1,3,7,2016.0,0,спорт,0,0.7252217082405914,1,1,0
1951,42,30-45,0,1,8,2005.0,0,фотография,0,0.40125620674790363,0,0,1
1952,62,45+,0,3,22,1994.0,1,рыбалка,0,0.2344343030446738,0,1,1
1953,36,30-45,0,2,11,1998.0,1,фотография,0,0.23936979380481865,0,0,1
1954,63,45+,1,3,24,1994.0,0,спорт,0,0.43642295074243453,0,1,0
1955,53,45+,1,2,16,1983.0,1,рыбалка,0,0.16135233073997649,0,1,0
1956,62,45+,1,2,27,1989.0,1,спорт,0,0.18001036095489786,0,1,0
1957,25,<30,1,3,4,2017.0,0,программирование,1,0.8635648698054125,1,0,1
1958,46,45+,1,4,11,1995.0,1,рыбалка,0,0.39208545024544916,0,0,1
1959,49,45+,0,1,17,1999.0,1,чтение,0,0.18449572500735886,0,0,0
1960,61,45+,0,3,20,1993.0,0,спорт,0,0.37560340701871847,0,1,0
1961,35,30-45,1,2,9,2013.0,1,спорт,0,0.45371715530888795,0,0,1
1962,23,<30,0,3,5,2015.0,0,фотография,0,0.666423344587698,1,0,1
1963,35,30-45,0,2,14,2017.0,0,фотография,0,0.591190294508282,1,0,0
1964,36,30-45,0,3,13,1995.0,0,фотография,0,0.41918001938400884,0,1,1
1965,39,30-45,0,2,10,1995.0,0,путешествия,0,0.35770034785531263,0,1,0
1966,54,45+,1,2,17,1981.0,1,спорт,0,0.147718344838184,0,0,0
1967,49,45+,0,1,21,1995.0,1,шахматы,0,0.15175529975222693,0,1,0
1968,58,45+,1,1,18,1979.0,1,спорт,0,0.10385662900993414,0,1,0
1969,20,<30,0,4,0,2010.0,1,видеоигры,1,0.7153143636258915,1,0,1
1970,45,30-45,0,4,22,1994.0,0,фотография,0,0.4525548930387482,0,0,1
1971,27,<30,0,3,4,2020.0,0,блогинг,1,0.8486146471051719,1,1,1
1972,52,45+,1,2,22,1982.0,0,садоводство,0,0.2541470420817081,0,1,0
1973,46,45+,1,2,17,2006.0,1,садоводство,0,0.35220241220374016,0,0,0
1974,32,30-45,1,3,7,2023.0,0,чтение,0,0.7842519991457138,1,1,1
1975,50,45+,1,4,19,2004.0,0,чтение,0,0.6374756807669707,1,1,1
1976,24,<30,1,2,2,2015.0,0,фотография,0,0.6662927769643038,1,0,1
1977,29,<30,1,3,9,2014.0,0,чтение,0,0.7012281662449626,1,0,1
1978,47,45+,1,4,14,2004.0,0,фотография,0,0.6523026833750725,1,1,1
1979,38,30-45,1,3,8,2004.0,0,спорт,0,0.6008021511069503,1,0,1
1980,48,45+,0,2,25,2005.0,0,рыбалка,0,0.42011050925462745,0,1,1
1981,41,30-45,1,1,10,1997.0,1,фотография,0,0.22646943410568107,0,0,0
1982,37,30-45,1,2,9,2007.0,0,спорт,0,0.5584753541877472,1,1,0
1983,54,45+,1,3,16,1988.0,1,шахматы,0,0.24573633950380355,0,0,0
1984,21,<30,0,2,4,2017.0,0,видеоигры,1,0.7838962567507219,1,0,1
1985,45,30-45,1,2,17,2007.0,0,чтение,0,0.5327962851690381,1,0,0
1986,61,45+,1,3,22,1980.0,0,вязание,0,0.2952533752408085,0,0,0
1987,37,30-45,0,2,15,2000.0,0,спорт,0,0.39616656703176467,0,0,0
1988,41,30-45,1,2,11,2003.0,0,фотография,0,0.5065391116193464,1,0,1
1989,49,45+,0,3,11,2000.0,0,фотография,0,0.48210959326423464,0,1,0
1990,58,45+,0,3,32,1990.0,1,спорт,0,0.18304361733469784,0,0,0
1991,53,45+,0,3,24,1992.0,0,вязание,0,0.3530217853059985,0,1,1
1992,51,45+,0,1,19,1980.0,0,шахматы,0,0.15631248975264458,0,1,0
1993,53,45+,1,3,25,1980.0,0,вязание,0,0.2872340872305025,0,0,0
1994,19,<30,0,3,0,2015.0,0,видеоигры,1,0.8244699666452237,1,1,1
1995,32,30-45,0,1,8,2020.0,0,путешествия,0,0.5709452575832121,1,0,1
1996,51,45+,0,3,12,1985.0,1,рыбалка,0,0.18762732490156675,0,1,0
1997,53,45+,0,2,19,1986.0,1,путешествия,0,0.14082017172144365,0,1,1
1998,23,<30,0,2,5,2011.0,0,скейтборд,1,0.7312926312745598,1,1,1
1999,56,45+,1,2,26,1985.0,1,путешествия,0,0.15627030781733872,0,0,0
2000,59,45+,0,2,40,1990.0,1,вязание,0,0.13038781707775976,0,1,0
2001,29,<30,1,2,5,2019.0,0,чтение,0,0.6975233817098128,1,0,1
2002,20,<30,1,3,2,2017.0,0,блогинг,1,0.8665878725194103,1,1,1
2003,62,45+,0,1,32,1982.0,1,фотография,0,0.07886731340871081,0,0,1
2004,35,30-45,1,4,7,2012.0,1,спорт,0,0.5964387706120247,1,1,1
2005,57,45+,0,3,25,1981.0,1,спорт,0,0.13982139526191395,0,1,1
2006,38,30-45,0,1,9,1995.0,0,фотография,0,0.29515464764219873,0,1,0
2007,32,30-45,0,1,11,2016.0,0,спорт,0,0.5159794933887181,1,0,0
2008,50,45+,0,3,22,2000.0,1,фотография,0,0.287191684411765,0,1,0
2009,52,45+,1,3,27,1993.0,0,садоводство,0,0.415743214065782,0,0,1
2010,43,30-45,1,1,12,2002.0,1,фотография,0,0.2639363863351989,0,0,0
2011,25,<30,0,2,3,2020.0,1,скейтборд,1,0.6777914084613387,1,1,1
2012,53,45+,1,3,15,1991.0,1,спорт,0,0.2746127022069896,0,0,0
2013,65,45+,0,1,40,1990.0,1,рыбалка,0,0.10014593425284712,0,0,0
2014,47,45+,1,3,18,1998.0,0,рыбалка,0,0.5012319818817779,1,1,0
2015,40,30-45,0,3,11,1997.0,1,чтение,0,0.2882707998938704,0,1,0
2016,59,45+,0,2,24,1995.0,1,чтение,0,0.1882103743941058,0,1,0
2017,61,45+,0,2,28,1993.0,1,рыбалка,0,0.1672921310781715,0,0,0
2018,31,30-45,0,1,9,2009.0,0,путешествия,0,0.442686515393696,0,0,1
2019,31,30-45,1,3,5,2019.0,0,чтение,0,0.7565030345546162,1,0,1
2020,19,<30,1,1,1,2015.0,0,программирование,1,0.7678965460083622,1,0,0
2021,54,45+,0,2,29,1994.0,1,рыбалка,0,0.171908375124076,0,0,0
2022,22,<30,1,3,1,2015.0,0,спорт,0,0.731546980230165,1,0,1
2023,55,45+,1,2,30,1989.0,1,рыбалка,0,0.17434680511361306,0,0,0
2024,62,45+,1,2,24,1981.0,1,спорт,0,0.13666593559157794,0,1,0
2025,58,45+,0,3,22,1986.0,1,рыбалка,0,0.175190915723081,0,0,0
2026,64,45+,0,2,24,1992.0,1,шахматы,0,0.16813969581562976,0,0,0
2027,31,30-45,1,4,10,2012.0,1,путешествия,0,0.5870533479756508,1,0,0
2028,56,45+,1,3,12,1983.0,1,спорт,0,0.21444640091242745,0,1,0
2029,42,30-45,0,2,15,2004.0,0,спорт,0,0.4406447831932886,0,0,1
2030,37,30-45,0,2,7,2001.0,0,чтение,0,0.4323839489529702,0,0,0
2031,19,<30,0,2,0,2014.0,0,спорт,0,0.6018081367491144,1,0,1
2032,56,45+,1,3,30,1988.0,1,чтение,0,0.21369619779273558,0,1,0
2033,23,<30,1,2,3,2017.0,0,путешествия,0,0.6835152222638087,1,0,0
2034,34,30-45,0,4,9,2012.0,0,фотография,0,0.6902166830424149,1,1,1
2035,42,30-45,1,3,16,1998.0,1,фотография,0,0.3397994982759691,0,0,0
2036,45,30-45,1,2,15,2000.0,1,путешествия,0,0.29778905148492407,0,0,0
2037,19,<30,1,3,2,2021.0,0,чтение,0,0.7796988257055557,1,1,1
2038,52,45+,1,2,20,1990.0,1,рыбалка,0,0.20102581963505994,0,0,0
2039,54,45+,1,3,19,1980.0,1,вязание,0,0.17855476970774622,0,0,1
2040,22,<30,0,3,1,2015.0,0,программирование,1,0.8225879182476814,1,0,1
2041,18,<30,1,1,0,2016.0,0,спорт,0,0.614205651463881,1,1,1
2042,57,45+,0,1,20,1980.0,1,садоводство,0,0.08363965710395761,0,0,0
2043,29,<30,0,3,5,2018.0,0,видеоигры,1,0.8347078468399005,1,1,1
2044,53,45+,0,3,14,1993.0,1,шахматы,0,0.24498026041900828,0,0,1
2045,62,45+,0,4,32,1983.0,1,фотография,0,0.17977130129244315,0,0,0
2046,40,30-45,0,1,19,1999.0,1,фотография,0,0.18063058011170097,0,1,1
2047,64,45+,0,2,24,1984.0,1,чтение,0,0.12295872295301898,0,1,0
2048,48,45+,1,1,12,2010.0,0,путешествия,0,0.5088101003965455,1,0,1
2049,28,<30,0,3,7,2019.0,1,спорт,0,0.5384373110831235,1,1,1
2050,27,<30,1,2,8,2020.0,0,фотография,0,0.6989726461961943,1,0,0
2051,20,<30,0,1,3,2024.0,1,фотография,0,0.459678277716178,0,0,0
2052,31,30-45,1,3,12,2022.0,0,фотография,0,0.764972621551328,1,0,1
2053,33,30-45,1,3,10,2020.0,0,чтение,0,0.752981933921848,1,0,1
2054,27,<30,0,2,5,2018.0,0,чтение,0,0.6297561676139083,1,0,1
2055,46,45+,1,2,22,1999.0,1,садоводство,0,0.2700772809179422,0,0,0
2056,27,<30,1,3,4,2024.0,0,блогинг,1,0.897092295303975,1,0,1
2057,29,<30,1,2,2,2014.0,0,фотография,0,0.6560488589828388,1,0,1
2058,47,45+,1,2,13,1999.0,1,шахматы,0,0.29365933534152733,0,0,0
2059,58,45+,1,2,21,1986.0,1,рыбалка,0,0.17139629320445587,0,1,0
2060,18,<30,1,3,0,2017.0,0,программирование,1,0.8695540121634466,1,1,1
2061,22,<30,0,3,5,2019.0,0,видеоигры,1,0.840920994355906,1,1,1
2062,37,30-45,0,2,7,2002.0,1,чтение,0,0.28466900072830575,0,0,0
2063,25,<30,1,2,6,2013.0,0,блогинг,1,0.7922153469027614,1,0,0
2064,60,45+,0,3,25,1991.0,1,спорт,0,0.20432495644120555,0,0,0
2065,29,<30,0,4,6,2018.0,1,спорт,0,0.6033262798871376,1,0,0
2066,18,<30,0,3,0,2013.0,0,видеоигры,1,0.8108390847451039,1,0,1
2067,37,30-45,0,4,6,2000.0,1,фотография,0,0.4004028412869194,0,0,0
2068,45,30-45,1,3,18,2005.0,0,чтение,0,0.5805506860102958,1,1,0
2069,60,45+,0,3,23,1990.0,1,рыбалка,0,0.20112016227960727,0,0,0
2070,54,45+,0,2,21,1982.0,1,чтение,0,0.11739709171836202,0,0,0
2071,64,45+,1,2,36,1984.0,1,шахматы,0,0.1345308691484295,0,0,0
2072,54,45+,1,1,22,1988.0,0,фотография,0,0.24968209648848727,0,0,0
2073,29,<30,0,3,8,2013.0,0,фотография,0,0.6368555917268721,1,1,0
2074,54,45+,0,4,22,1982.0,1,чтение,0,0.19245699250609963,0,0,0
2075,61,45+,1,3,27,1987.0,1,шахматы,0,0.21254269281411353,0,0,0
2076,45,30-45,1,2,9,2003.0,0,фотография,0,0.513011726224401,1,1,0
2077,64,45+,0,1,30,1980.0,1,фотография,0,0.07423425651507615,0,1,0
2078,32,30-45,0,2,5,2016.0,0,путешествия,0,0.608190384786386,1,1,1
2079,23,<30,0,2,7,2017.0,0,видеоигры,1,0.7772422153424114,1,0,1
2080,61,45+,0,3,18,1982.0,0,фотография,0,0.2718264379363424,0,1,0
2081,37,30-45,0,4,13,2005.0,1,фотография,0,0.43394046252630664,0,0,0
2082,31,30-45,1,1,6,2021.0,0,чтение,0,0.6493015891249028,1,0,0
2083,19,<30,0,1,0,2019.0,0,программирование,1,0.7565226453488925,1,0,1
2084,26,<30,1,3,1,2021.0,0,блогинг,1,0.8876530218675845,1,0,1
2085,54,45+,0,2,19,1984.0,1,рыбалка,0,0.13011373257838044,0,1,0
2086,37,30-45,1,3,13,2004.0,0,чтение,0,0.585175611621551,1,1,1
2087,43,30-45,1,2,16,1998.0,0,спорт,0,0.4335844644683866,0,1,1
2088,46,45+,0,2,17,1996.0,1,чтение,0,0.20993805301740392,0,0,0
2089,18,<30,1,2,0,2008.0,0,программирование,1,0.7662731749403026,1,1,1
2090,52,45+,0,1,19,1989.0,0,шахматы,0,0.21851188082940273,0,1,0
2091,23,<30,1,3,4,2021.0,0,путешествия,0,0.7752176833213557,1,1,0
2092,54,45+,1,1,16,1989.0,0,садоводство,0,0.2735119274823067,0,0,0
2093,22,<30,0,2,4,2020.0,1,блогинг,1,0.6749566892453409,1,1,1
2094,50,45+,0,2,14,2009.0,1,фотография,0,0.3335962453078999,0,0,1
2095,31,30-45,0,1,7,2016.0,0,путешествия,0,0.5289030392302446,1,0,1
2096,29,<30,1,1,6,2020.0,0,чтение,0,0.6388188252141535,1,0,1
2097,59,45+,0,3,29,1994.0,1,садоводство,0,0.21855754564702698,0,0,1
2098,37,30-45,0,3,10,2007.0,0,спорт,0,0.5649963013428573,1,1,0
2099,41,30-45,0,4,14,1998.0,0,чтение,0,0.524023424123526,1,0,0
2100,60,45+,0,1,32,1996.0,0,путешествия,0,0.24552789042943501,0,0,0
2101,51,45+,1,1,18,1990.0,0,садоводство,0,0.27746961207970716,0,1,0
2102,42,30-45,0,1,21,1994.0,0,спорт,0,0.25509649628256653,0,1,0
2103,46,45+,1,2,18,2001.0,1,чтение,0,0.29922939976651525,0,0,0
2104,56,45+,0,3,29,1991.0,1,фотография,0,0.19603214167714733,0,1,0
2105,48,45+,0,3,14,1998.0,1,путешествия,0,0.2896841023281065,0,0,0
2106,64,45+,1,3,31,1985.0,1,фотография,0,0.18955155008524346,0,1,0
2107,60,45+,1,2,28,1991.0,1,шахматы,0,0.19189112206078499,0,1,0
2108,40,30-45,1,2,23,2004.0,0,чтение,0,0.479132905216252,0,1,1
2109,61,45+,0,4,29,1986.0,1,садоводство,0,0.2072046550641778,0,0,0
2110,55,45+,0,2,16,1986.0,1,рыбалка,0,0.14558667297963734,0,0,0
2111,37,30-45,1,2,14,2003.0,1,фотография,0,0.3301051215419676,0,1,1
2112,40,30-45,0,4,10,2000.0,1,чтение,0,0.38803291598517026,0,1,0
2113,62,45+,0,3,28,1984.0,1,вязание,0,0.1520726262117105,0,1,0
2114,33,30-45,1,3,5,2021.0,0,фотография,0,0.7729529751794418,1,1,1
2115,59,45+,1,2,26,1980.0,1,фотография,0,0.12843221242577907,0,0,1
2116,25,<30,1,2,1,2017.0,1,видеоигры,1,0.7090932602365514,1,0,1
2117,38,30-45,1,1,13,1997.0,0,чтение,0,0.36073169943787964,0,0,0
2118,18,<30,1,3,0,2017.0,1,чтение,0,0.601538190383961,1,1,1
2119,25,<30,0,1,8,2016.0,0,чтение,0,0.5256751045519792,1,1,1
2120,46,45+,0,3,18,1996.0,0,садоводство,0,0.4145559427716189,0,0,0
2121,49,45+,1,3,22,2007.0,1,фотография,0,0.4181616610443913,0,0,0
2122,55,45+,1,3,18,1980.0,0,путешествия,0,0.3061452436114962,0,0,0
2123,22,<30,0,1,3,2017.0,0,блогинг,1,0.7317262300647182,1,0,1
2124,64,45+,0,1,29,1996.0,1,спорт,0,0.144454686581541,0,0,0
2125,39,30-45,0,3,15,2007.0,1,фотография,0,0.3779393986650968,0,1,0
2126,64,45+,1,3,17,1982.0,1,вязание,0,0.19642179282603164,0,1,0
2127,51,45+,0,3,17,1990.0,0,путешествия,0,0.3528376111623168,0,0,1
2128,18,<30,0,2,0,2016.0,0,блогинг,1,0.7849230886394901,1,0,1
2129,43,30-45,1,3,12,2005.0,1,спорт,0,0.4274457956407577,0,1,1
2130,60,45+,1,3,21,1988.0,1,шахматы,0,0.233933047107946,0,1,0
2131,27,<30,0,2,6,2009.0,0,спорт,0,0.5266385226640712,1,1,1
2132,47,45+,1,3,13,2005.0,0,чтение,0,0.5962312350682855,1,1,0
2133,35,30-45,1,3,6,2018.0,0,путешествия,0,0.7455318559201095,1,0,0
2134,34,30-45,0,2,7,2013.0,1,фотография,0,0.39690116398125086,0,1,1
2135,43,30-45,0,1,19,1998.0,1,путешествия,0,0.1739610376473478,0,0,0
2136,25,<30,0,3,1,2015.0,0,видеоигры,1,0.8225879182476814,1,0,1
2137,64,45+,0,1,23,1989.0,1,фотография,0,0.11699728909597101,0,0,0
2138,57,45+,1,3,25,1980.0,0,рыбалка,0,0.2872340872305025,0,1,1
2139,29,<30,0,3,7,2015.0,1,путешествия,0,0.49278430224269176,0,0,0
2140,44,30-45,1,3,11,1998.0,1,путешествия,0,0.35447272848988026,0,1,0
2141,25,<30,0,3,7,2020.0,0,спорт,0,0.7098795643911434,1,1,1
2142,42,30-45,0,1,17,2000.0,0,спорт,0,0.3218169416262277,0,1,1
2143,63,45+,1,2,33,1989.0,1,чтение,0,0.16882475156625726,0,0,0
2144,21,<30,0,3,6,2012.0,0,фотография,0,0.632257452555874,1,1,1
2145,50,45+,0,1,14,2009.0,1,вязание,0,0.27090529918205425,0,1,0
2146,18,<30,0,3,0,2015.0,0,чтение,0,0.6806594964197553,1,1,1
2147,36,30-45,0,3,11,1999.0,0,фотография,0,0.4707031749378554,0,1,0
2148,48,45+,1,2,20,2004.0,0,спорт,0,0.4888354039061982,0,0,0
2149,33,30-45,0,2,5,2017.0,0,путешествия,0,0.6190319601814795,1,0,1
2150,31,30-45,1,3,8,2013.0,0,путешествия,0,0.694315724120795,1,1,1
2151,65,45+,1,3,27,1986.0,1,шахматы,0,0.2049896280947267,0,1,0
2152,22,<30,0,2,3,2018.0,0,чтение,0,0.6357747026985111,1,0,1
2153,58,45+,0,4,27,1983.0,1,путешествия,0,0.18951788021655863,0,0,1
2154,43,30-45,0,3,10,1997.0,0,путешествия,0,0.4511982803618918,0,0,0
2155,45,30-45,1,4,18,2005.0,0,спорт,0,0.6509242722458699,1,1,1
2156,19,<30,0,1,0,2023.0,0,скейтборд,1,0.78861989934904,1,1,0
2157,23,<30,1,1,1,2011.0,0,спорт,0,0.5556256679959785,1,0,0
2158,26,<30,0,3,5,2020.0,1,блогинг,1,0.7341555835205772,1,1,1
2159,50,45+,1,3,23,2006.0,1,шахматы,0,0.40395699601981494,0,1,1
2160,58,45+,0,2,21,1983.0,1,рыбалка,0,0.12221887710354191,0,0,0
2161,42,30-45,1,3,14,1999.0,0,спорт,0,0.5255923343701189,1,0,0
2162,65,45+,0,3,36,1984.0,1,фотография,0,0.1391893098080472,0,0,0
2163,30,<30,0,1,8,2016.0,0,чтение,0,0.5256751045519792,1,1,0
2164,26,<30,0,3,7,2017.0,0,фотография,0,0.680834767237889,1,1,1
2165,30,<30,0,3,6,2015.0,0,путешествия,0,0.6635382593770612,1,0,1
2166,48,45+,1,2,18,2005.0,0,путешествия,0,0.5067406939216251,1,0,0
2167,58,45+,0,2,29,1986.0,0,чтение,0,0.22391741340247723,0,0,0
2168,28,<30,0,3,5,2019.0,0,блогинг,1,0.840920994355906,1,0,1
2169,21,<30,1,2,1,2016.0,1,чтение,0,0.5137786357601842,1,1,0
2170,51,45+,0,1,17,1978.0,1,чтение,0,0.07969488816987796,0,0,0
2171,55,45+,1,4,17,1984.0,1,чтение,0,0.26516744562314387,0,1,1
2172,63,45+,1,3,28,1991.0,1,путешествия,0,0.2423756931131502,0,1,1
2173,21,<30,0,3,3,2019.0,0,чтение,0,0.7111284893719375,1,0,1
2174,55,45+,1,3,20,1983.0,1,вязание,0,0.19750975138605464,0,1,0
2175,36,30-45,0,1,3,2000.0,0,путешествия,0,0.36259255333318813,0,0,0
2176,23,<30,0,1,2,2023.0,0,блогинг,1,0.7842700123961815,1,0,1
2177,51,45+,1,2,22,1986.0,1,чтение,0,0.16956490727188453,0,0,0
2178,35,30-45,1,2,10,2019.0,0,фотография,0,0.6836896540857824,1,1,0
2179,30,<30,0,3,13,2014.0,0,путешествия,0,0.6324449435828239,1,0,1
2180,58,45+,1,3,26,1981.0,0,чтение,0,0.2939915048453684,0,0,1
2181,40,30-45,0,2,9,1996.0,1,путешествия,0,0.22763812884255116,0,0,0
2182,36,30-45,0,2,9,2008.0,1,чтение,0,0.33783839002237287,0,0,0
2183,62,45+,1,2,31,1984.0,1,чтение,0,0.14225004712669864,0,1,0
2184,28,<30,0,3,5,2019.0,0,спорт,0,0.7057788853754898,1,0,1
2185,18,<30,0,2,0,2019.0,0,фотография,0,0.6551268501072742,1,0,1
2186,41,30-45,1,1,14,2010.0,0,спорт,0,0.5023358151235496,1,0,1
2187,24,<30,1,3,4,2019.0,1,скейтборд,1,0.775853219259979,1,0,1
2188,42,30-45,0,1,10,2002.0,1,спорт,0,0.22125989510180846,0,0,0
2189,38,30-45,1,2,10,2006.0,0,путешествия,0,0.5439603969477852,1,0,1
2190,32,30-45,1,3,8,2022.0,0,чтение,0,0.7741578474147629,1,0,1
2191,18,<30,1,1,0,2014.0,0,скейтборд,1,0.7620030476576402,1,0,1
2192,29,<30,1,3,4,2022.0,0,скейтборд,1,0.8883371459504257,1,0,1
2193,24,<30,0,2,4,2012.0,0,спорт,0,0.5670301277238948,1,0,1
2194,32,30-45,0,1,9,2015.0,0,фотография,0,0.5110259552168882,1,0,1
2195,38,30-45,0,1,12,1998.0,0,фотография,0,0.3160160256239762,0,0,0
2196,36,30-45,1,4,10,2004.0,0,фотография,0,0.6639569001191515,1,1,1
2197,46,45+,1,3,26,2004.0,0,садоводство,0,0.5438128543151026,1,1,1
2198,42,30-45,1,4,21,1994.0,0,путешествия,0,0.520296060557063,1,1,1
2199,50,45+,1,3,21,1994.0,1,садоводство,0,0.2866198575938147,0,0,0
2200,49,45+,0,3,18,2003.0,1,фотография,0,0.3273769683481181,0,1,0
2201,52,45+,0,2,30,1982.0,1,садоводство,0,0.1058484901869386,0,0,0
2202,61,45+,0,2,37,1990.0,1,вязание,0,0.13485662747035448,0,0,0
2203,55,45+,0,2,16,1979.0,1,чтение,0,0.11009707111426471,0,1,0
2204,43,30-45,0,2,12,2003.0,0,чтение,0,0.4389501107217353,0,0,0
2205,28,<30,0,2,7,2020.0,0,блогинг,1,0.800089768892674,1,0,1
2206,52,45+,1,1,16,1985.0,1,шахматы,0,0.1353089810853704,0,0,0
2207,25,<30,1,2,2,2018.0,0,видеоигры,1,0.8346268031309165,1,1,1
2208,63,45+,1,2,39,1984.0,1,спорт,0,0.13007123060769873,0,0,0
2209,31,30-45,1,2,14,2019.0,0,путешествия,0,0.6723821048635739,1,0,1
2210,27,<30,0,3,7,2014.0,0,видеоигры,1,0.8038524478288176,1,0,0
2211,19,<30,1,3,0,2019.0,0,скейтборд,1,0.8795822562016917,1,1,1
2212,63,45+,1,2,22,1981.0,1,спорт,0,0.13975077690461438,0,0,0
2213,26,<30,1,1,3,2010.0,0,чтение,0,0.5378766204538007,1,0,1
2214,20,<30,0,2,1,2024.0,0,чтение,0,0.702106557931505,1,0,0
2215,38,30-45,0,3,18,2008.0,1,путешествия,0,0.37955787503629396,0,0,0
2216,43,30-45,0,1,20,2010.0,0,чтение,0,0.4189730657196356,0,1,0
2217,25,<30,1,3,4,2021.0,0,фотография,0,0.7752176833213557,1,0,1
2218,65,45+,1,2,32,1986.0,1,шахматы,0,0.15210089199734497,0,0,0
2219,19,<30,1,1,3,2011.0,1,скейтборд,1,0.5726414955938259,1,0,0
2220,23,<30,0,2,3,2017.0,0,чтение,0,0.6251210500973727,1,0,0
2221,45,30-45,1,2,17,1998.0,0,спорт,0,0.4304067762618917,0,0,0
2222,46,45+,1,3,17,2007.0,1,шахматы,0,0.433994303981084,0,1,0
2223,43,30-45,0,2,12,2000.0,0,спорт,0,0.4054969345150543,0,0,1
2224,42,30-45,0,3,23,1999.0,1,чтение,0,0.2753306950455944,0,1,0
2225,29,<30,1,3,7,2013.0,0,блогинг,1,0.8352704716756284,1,0,1
2226,22,<30,0,3,2,2017.0,0,видеоигры,1,0.8337566411001819,1,1,1
2227,51,45+,1,2,25,1986.0,1,вязание,0,0.16416419592721876,0,0,1
2228,65,45+,1,1,21,1988.0,1,рыбалка,0,0.1440101620015609,0,0,0
2229,54,45+,1,2,21,1980.0,1,спорт,0,0.13585638897299426,0,0,0
2230,32,30-45,1,1,6,2013.0,1,путешествия,0,0.3905783504202159,0,1,0
2231,61,45+,1,3,33,1993.0,1,вязание,0,0.24731360870095156,0,0,0
2232,53,45+,1,1,23,1985.0,1,шахматы,0,0.12504882207505147,0,0,1
2233,32,30-45,0,3,7,2012.0,0,спорт,0,0.6292412666777559,1,1,1
2234,60,45+,0,2,27,1985.0,1,спорт,0,0.12370241626711585,0,0,0
2235,65,45+,0,4,35,1991.0,1,путешествия,0,0.23309571996957906,0,1,1
2236,40,30-45,1,2,13,2007.0,0,чтение,0,0.5456661857606956,1,1,0
2237,23,<30,0,2,5,2014.0,0,видеоигры,1,0.7573819428659965,1,1,1
2238,63,45+,0,4,22,1988.0,1,спорт,0,0.23871332916534904,0,0,1
2239,61,45+,0,2,23,1989.0,1,фотография,0,0.1514713311987131,0,1,0
2240,60,45+,1,4,30,1987.0,1,садоводство,0,0.25913920596598555,0,0,0
2241,62,45+,1,1,24,1984.0,1,фотография,0,0.11876854527896305,0,1,0
2242,38,30-45,1,2,17,1997.0,1,фотография,0,0.2648447856794839,0,0,0
2243,40,30-45,0,3,16,2001.0,0,фотография,0,0.477361864335234,0,1,0
2244,60,45+,1,3,21,1986.0,1,спорт,0,0.21794307703287866,0,0,0
2245,33,30-45,1,2,7,2021.0,1,спорт,0,0.5513369099530471,1,0,1
2246,64,45+,1,4,27,1989.0,1,рыбалка,0,0.2849299238716769,0,1,0
2247,32,30-45,1,3,14,2013.0,0,путешествия,0,0.6775798369720565,1,0,1
2248,42,30-45,0,3,18,2004.0,1,спорт,0,0.3375250024040896,0,0,0
2249,53,45+,1,2,22,1984.0,1,фотография,0,0.15707256501559447,0,0,0
2250,28,<30,0,2,8,2010.0,1,программирование,1,0.555172836841238,1,0,0
2251,32,30-45,0,4,7,2012.0,1,спорт,0,0.5329563296812625,1,0,1
2252,21,<30,1,4,2,2022.0,0,видеоигры,1,0.9166622892275719,1,0,1
2253,38,30-45,0,2,18,1999.0,1,спорт,0,0.23128657343135375,0,0,0
2254,30,<30,0,1,8,2010.0,0,фотография,0,0.4572083986248231,0,1,1
2255,39,30-45,1,1,14,2009.0,0,путешествия,0,0.4909044612983755,0,0,0
2256,36,30-45,0,3,12,2009.0,0,чтение,0,0.5810348327349282,1,1,1
2257,51,45+,1,1,21,1995.0,1,фотография,0,0.18812066152665285,0,1,0
2258,31,30-45,1,2,8,2019.0,1,фотография,0,0.5253942489233439,1,0,0
2259,21,<30,1,2,2,2018.0,0,программирование,1,0.8346268031309165,1,1,0
2260,65,45+,1,3,22,1980.0,1,чтение,0,0.17292735225999636,0,1,0
2261,63,45+,1,1,28,1986.0,1,вязание,0,0.12298236219292134,0,0,0
2262,44,30-45,1,2,15,1999.0,1,чтение,0,0.288315773098028,0,1,0
2263,46,45+,1,3,18,2003.0,1,спорт,0,0.3866440150023748,0,1,0
2264,64,45+,1,3,35,1990.0,1,рыбалка,0,0.21821811836472463,0,0,0
2265,45,30-45,1,2,12,2000.0,1,фотография,0,0.3059765214115372,0,0,0
2266,52,45+,1,2,25,1985.0,1,шахматы,0,0.15798542225771028,0,0,0
2267,25,<30,0,3,7,2017.0,1,чтение,0,0.5156434425619751,1,1,1
2268,33,30-45,0,3,9,2018.0,0,чтение,0,0.6851280012330522,1,1,1
2269,59,45+,1,3,25,1987.0,1,фотография,0,0.21690992376836943,0,1,0
2270,53,45+,0,4,18,1990.0,0,чтение,0,0.42031761832280623,0,1,1
2271,47,45+,0,3,17,2009.0,1,фотография,0,0.39347095049527187,0,0,0
2272,35,30-45,1,3,10,2021.0,0,чтение,0,0.7613889038395617,1,0,0
2273,19,<30,0,1,1,2013.0,0,видеоигры,1,0.6998074628148265,1,0,1
2274,30,<30,0,2,10,2024.0,0,путешествия,0,0.6771699157629469,1,0,0
2275,21,<30,1,2,0,2015.0,0,программирование,1,0.8186892525225047,1,1,1
2276,43,30-45,1,2,13,2001.0,1,фотография,0,0.31298125375368824,0,1,0
2277,42,30-45,0,3,15,2001.0,1,путешествия,0,0.3158995156413515,0,1,1
2278,47,45+,1,2,13,2007.0,1,фотография,0,0.37476198132218913,0,1,0
2279,28,<30,1,3,4,2011.0,0,видеоигры,1,0.8279037187205077,1,1,1
2280,24,<30,0,2,6,2011.0,0,программирование,1,0.7287402276918002,1,0,1
2281,48,45+,0,2,21,1997.0,0,шахматы,0,0.3460711204759649,0,0,0
2282,61,45+,1,4,29,1980.0,0,вязание,0,0.34015872466392877,0,1,1
2283,27,<30,1,2,8,2023.0,0,фотография,0,0.7270286346414567,1,0,1
2284,56,45+,1,2,12,1984.0,0,садоводство,0,0.29824838524228997,0,0,0
2285,30,<30,1,2,6,2013.0,1,спорт,0,0.46336283368494807,0,0,0
2286,48,45+,1,3,17,2004.0,0,вязание,0,0.57254817322906,1,1,0
2287,24,<30,0,2,6,2012.0,0,чтение,0,0.5606606182245227,1,0,1
2288,59,45+,1,3,26,1981.0,1,садоводство,0,0.17206064552364148,0,0,0
2289,59,45+,0,1,20,1990.0,1,чтение,0,0.12602219616134758,0,0,1
2290,53,45+,1,3,17,1990.0,1,спорт,0,0.2605765307669147,0,0,0
2291,37,30-45,1,2,14,2009.0,0,путешествия,0,0.5650501717930567,1,0,0
2292,21,<30,0,3,3,2013.0,1,чтение,0,0.482876112717116,0,1,1
2293,24,<30,1,3,4,2018.0,0,блогинг,1,0.8688637256985846,1,1,1
2294,18,<30,0,3,0,2020.0,0,спорт,0,0.728188616207811,1,0,1
2295,61,45+,0,3,21,1990.0,1,путешествия,0,0.20531388292319336,0,1,1
2296,62,45+,1,3,30,1981.0,1,шахматы,0,0.16480609133087012,0,0,0
2297,59,45+,0,3,21,1983.0,1,чтение,0,0.15795626663594664,0,0,0
2298,64,45+,1,2,28,1979.0,1,путешествия,0,0.12062523770910548,0,1,0
2299,30,<30,0,3,8,2016.0,0,фотография,0,0.6679506845326314,1,0,0
2300,39,30-45,1,2,16,2000.0,0,путешествия,0,0.45616722030722906,0,0,1
2301,38,30-45,1,1,12,2000.0,0,чтение,0,0.3960260866452383,0,0,0
2302,39,30-45,1,2,13,2006.0,0,фотография,0,0.5343074347614233,1,0,0
2303,45,30-45,0,2,13,2003.0,0,спорт,0,0.4357633518085729,0,0,1
2304,26,<30,1,2,6,2021.0,0,спорт,0,0.7138263006940045,1,0,0
2305,43,30-45,0,3,19,1999.0,0,путешествия,0,0.44499240830764775,0,1,0
2306,26,<30,0,1,7,2014.0,0,программирование,1,0.6930481365842511,1,0,1
2307,32,30-45,0,2,1,2024.0,0,чтение,0,0.702106557931505,1,0,0
2308,27,<30,0,3,7,2011.0,0,скейтборд,1,0.7813173895877238,1,0,1
2309,41,30-45,1,2,13,2004.0,1,фотография,0,0.34320820505437144,0,0,1
2310,59,45+,0,3,31,1983.0,1,фотография,0,0.14148416095650543,0,0,0
2311,25,<30,1,3,3,2012.0,0,фотография,0,0.6983380555697688,1,0,1
2312,41,30-45,1,4,16,1999.0,0,путешествия,0,0.5925768308905195,1,1,1
2313,33,30-45,0,3,9,2020.0,0,путешествия,0,0.7045164419202185,1,1,1
2314,43,30-45,1,1,22,1999.0,0,чтение,0,0.3549653117677313,0,0,1
2315,44,30-45,0,2,10,2007.0,1,чтение,0,0.32483892180945817,0,0,0
2316,54,45+,0,1,29,1986.0,0,путешествия,0,0.1763824470287117,0,1,0
2317,21,<30,0,4,2,2017.0,0,блогинг,1,0.8710819174731239,1,1,0
2318,41,30-45,1,1,12,2007.0,0,путешествия,0,0.47453593890236745,0,1,1
2319,36,30-45,1,2,9,2010.0,1,фотография,0,0.41998100575659364,0,0,0
2320,53,45+,0,2,17,1984.0,0,чтение,0,0.2352255133927455,0,1,0
2321,56,45+,0,3,20,1984.0,1,фотография,0,0.16591857218544503,0,0,0
2322,27,<30,1,2,6,2008.0,0,путешествия,0,0.5792163409536817,1,0,1
2323,42,30-45,0,4,14,1994.0,0,спорт,0,0.47832602936154905,0,1,1
2324,35,30-45,1,1,18,2020.0,0,чтение,0,0.6022470978005049,1,0,0
2325,36,30-45,1,1,7,2007.0,1,чтение,0,0.324710133042989,0,0,0
2326,53,45+,0,2,22,1994.0,1,путешествия,0,0.1851995036708592,0,0,0
2327,27,<30,1,3,4,2019.0,0,видеоигры,1,0.8739868153362998,1,1,1
2328,50,45+,0,3,24,1999.0,0,чтение,0,0.4290626906220181,0,0,0
2329,22,<30,1,1,2,2014.0,1,путешествия,0,0.41402497705705965,0,0,1
2330,64,45+,1,1,39,1980.0,1,фотография,0,0.08460850038231842,0,1,0
2331,52,45+,0,3,15,1981.0,0,шахматы,0,0.27046708494830696,0,1,0
2332,61,45+,0,1,27,1996.0,1,фотография,0,0.147685262080991,0,1,0
2333,51,45+,1,1,19,1987.0,1,спорт,0,0.14158305632790083,0,0,0
2334,50,45+,1,1,20,1999.0,1,вязание,0,0.2198741683972792,0,1,0
2335,38,30-45,0,1,15,2005.0,0,фотография,0,0.37968483262283587,0,0,1
2336,34,30-45,1,2,9,2021.0,0,чтение,0,0.70582439897121,1,0,1
2337,39,30-45,0,1,9,2007.0,0,фотография,0,0.42025540837605,0,0,0
2338,65,45+,0,2,30,1989.0,1,шахматы,0,0.14018430697179274,0,0,0
2339,54,45+,1,3,19,1988.0,1,путешествия,0,0.2386066190825477,0,1,0
2340,32,30-45,0,2,7,2017.0,1,чтение,0,0.44140156582258294,0,0,1
2341,52,45+,1,3,11,1985.0,1,спорт,0,0.23255866786650173,0,0,0
2342,45,30-45,0,1,18,2002.0,0,чтение,0,0.33918556146077955,0,0,0
2343,24,<30,1,3,3,2012.0,0,фотография,0,0.6983380555697688,1,0,1
2344,49,45+,0,2,14,2008.0,1,садоводство,0,0.32350865038642385,0,0,0
2345,28,<30,1,3,8,2014.0,1,спорт,0,0.5426677223555644,1,0,1
2346,27,<30,1,1,2,2022.0,0,программирование,1,0.8181149478345344,1,1,1
2347,26,<30,0,3,2,2015.0,0,программирование,1,0.8206900790999435,1,1,1
2348,31,30-45,1,2,11,2015.0,0,спорт,0,0.6398957971829137,1,0,1
2349,30,<30,0,2,9,2022.0,0,путешествия,0,0.6597740474890359,1,1,1
2350,42,30-45,0,4,14,2000.0,0,фотография,0,0.5467695593413245,1,0,1
2351,19,<30,1,3,0,2023.0,0,спорт,0,0.7991951881025418,1,1,0
2352,52,45+,0,2,27,1987.0,1,шахматы,0,0.13396254249930314,0,0,0
2353,24,<30,1,4,8,2015.0,0,путешествия,0,0.7702817860640153,1,0,0
2354,38,30-45,1,2,14,1997.0,0,путешествия,0,0.4287212994061592,0,0,0
2355,35,30-45,1,1,10,2021.0,1,путешествия,0,0.46733477543542773,0,0,0
2356,20,<30,0,4,1,2010.0,0,скейтборд,1,0.8324934248813497,1,1,1
2357,59,45+,0,2,29,1983.0,1,рыбалка,0,0.11153204384598761,0,1,0
2358,56,45+,0,3,26,1994.0,1,садоводство,0,0.22526543003714702,0,1,0
2359,58,45+,1,1,21,1979.0,1,вязание,0,0.10029599040293341,0,0,0
2360,28,<30,1,3,9,2011.0,0,чтение,0,0.6717177862114733,1,1,1
2361,56,45+,1,3,29,1990.0,1,путешествия,0,0.23176379617710177,0,1,0
2362,41,30-45,0,4,7,2004.0,0,чтение,0,0.6132981585099209,1,0,0
2363,63,45+,0,3,20,1986.0,1,вязание,0,0.1789650858166533,0,1,0
2364,36,30-45,0,1,14,1999.0,0,чтение,0,0.32031756543453643,0,0,0
2365,21,<30,0,3,2,2014.0,0,блогинг,1,0.8138616749443917,1,0,1
2366,43,30-45,0,1,18,2004.0,1,спорт,0,0.21917453954788627,0,1,0
2367,55,45+,0,3,20,1984.0,1,спорт,0,0.16591857218544503,0,1,1
2368,59,45+,0,3,28,1984.0,1,фотография,0,0.1520726262117105,0,0,0
2369,49,45+,0,2,18,2006.0,0,садоводство,0,0.45364902899786397,0,0,0
2370,56,45+,0,3,22,1992.0,1,путешествия,0,0.21841983953562627,0,1,0
2371,62,45+,0,1,19,1981.0,1,садоводство,0,0.0882483981472761,0,1,0
2372,63,45+,0,2,36,1984.0,1,садоводство,0,0.10715757744891015,0,1,0
2373,53,45+,0,2,24,1990.0,1,рыбалка,0,0.15573266234958202,0,1,0
2374,57,45+,1,3,25,1992.0,0,рыбалка,0,0.4109349792459308,0,1,0
2375,54,45+,0,1,19,1984.0,0,фотография,0,0.1819774618412833,0,1,1
2376,50,45+,0,3,28,2003.0,0,чтение,0,0.46143678200831534,0,0,1
2377,53,45+,0,1,12,1986.0,0,фотография,0,0.21066933950087402,0,0,0
2378,20,<30,0,3,0,2017.0,0,спорт,0,0.7002026879248531,1,1,0
2379,26,<30,0,1,4,2009.0,0,чтение,0,0.45871565327780167,0,0,1
2380,25,<30,0,3,2,2019.0,0,чтение,0,0.7137815230895378,1,1,1
2381,50,45+,1,1,17,1997.0,0,садоводство,0,0.34887425666825744,0,1,0
2382,23,<30,0,3,4,2020.0,0,чтение,0,0.7178152604596639,1,0,1
2383,58,45+,0,2,33,1996.0,1,вязание,0,0.17762752527285555,0,1,0
2384,56,45+,1,3,21,1984.0,0,чтение,0,0.33757131733521106,0,1,0
2385,21,<30,0,2,3,2012.0,0,путешествия,0,0.5702067294774174,1,0,0
2386,30,<30,0,3,10,2023.0,0,фотография,0,0.7297070154805071,1,1,0
2387,19,<30,1,2,1,2022.0,0,скейтборд,1,0.8599227270235236,1,1,1
2388,22,<30,1,3,4,2014.0,1,чтение,0,0.5554925626603111,1,0,1
2389,61,45+,0,1,31,1993.0,1,путешествия,0,0.1254433948844153,0,1,0
2390,44,30-45,0,2,19,2002.0,1,спорт,0,0.25410778236810366,0,1,0
2391,49,45+,0,2,14,2001.0,0,фотография,0,0.41028585814661783,0,0,0
2392,38,30-45,0,1,13,2008.0,0,фотография,0,0.4187767554760216,0,1,0
2393,25,<30,1,1,3,2018.0,1,путешествия,0,0.4557701044441035,0,0,0
2394,55,45+,0,4,16,1992.0,1,садоводство,0,0.28923004196981034,0,0,0
2395,25,<30,0,4,3,2019.0,0,скейтборд,1,0.8796444457411805,1,1,1
2396,20,<30,1,3,0,2012.0,0,спорт,0,0.7064589048117892,1,0,1
2397,61,45+,1,2,29,1993.0,0,спорт,0,0.339787008465235,0,1,0
2398,20,<30,0,2,1,2021.0,0,путешествия,0,0.6726424357361042,1,1,0
2399,39,30-45,1,3,11,2006.0,0,спорт,0,0.6133501407934386,1,1,1
2400,23,<30,0,1,2,2018.0,0,спорт,0,0.5675720519195527,1,0,0
2401,19,<30,1,4,0,2013.0,0,видеоигры,1,0.8820692745111799,1,1,0
2402,40,30-45,0,2,14,2009.0,0,спорт,0,0.5007630482163721,1,0,0
2403,61,45+,0,4,34,1979.0,0,спорт,0,0.2627546734812219,0,0,1
2404,19,<30,0,2,0,2019.0,0,фотография,0,0.6551268501072742,1,0,1
2405,55,45+,0,3,19,1983.0,1,путешествия,0,0.16143181632367365,0,0,0
2406,34,30-45,0,1,6,2010.0,0,путешествия,0,0.4636429233659134,0,1,1
2407,52,45+,1,3,19,1987.0,0,путешествия,0,0.37494814164952955,0,0,0
2408,51,45+,1,2,17,1990.0,1,спорт,0,0.2073383937932892,0,0,0
2409,40,30-45,0,3,19,2000.0,0,фотография,0,0.45631291637599747,0,0,1
2410,47,45+,0,3,18,1998.0,0,фотография,0,0.4369121014808647,0,0,0
2411,25,<30,0,1,0,2022.0,0,чтение,0,0.6179298469408482,1,0,1
2412,39,30-45,1,2,9,1994.0,1,путешествия,0,0.2583574454520604,0,1,1
2413,61,45+,1,2,29,1990.0,0,фотография,0,0.3097192806835375,0,1,1
2414,53,45+,1,2,19,1983.0,1,шахматы,0,0.15616400411316522,0,0,0
2415,22,<30,1,2,5,2010.0,0,блогинг,1,0.7710223400513596,1,1,1
2416,30,<30,0,2,5,2016.0,0,путешествия,0,0.608190384786386,1,0,1
2417,46,45+,0,2,15,1995.0,0,садоводство,0,0.3429644957591876,0,0,0
2418,48,45+,1,3,14,2002.0,1,чтение,0,0.38808496655962826,0,0,0
2419,64,45+,1,3,26,1989.0,1,рыбалка,0,0.2305413590323644,0,0,0
2420,33,30-45,0,2,6,2013.0,0,спорт,0,0.5718916095625813,1,1,1
2421,59,45+,0,3,23,1989.0,1,вязание,0,0.1938730787231909,0,0,1
2422,47,45+,1,3,27,1998.0,1,шахматы,0,0.30860656664087693,0,1,0
2423,33,30-45,0,3,8,2019.0,0,спорт,0,0.6976472748901316,1,1,0
2424,29,<30,0,2,7,2019.0,0,скейтборд,1,0.7926750530384037,1,0,0
2425,34,30-45,1,2,9,2010.0,0,путешествия,0,0.5919820486079131,1,0,1
2426,33,30-45,0,3,13,2014.0,1,фотография,0,0.46199930760943325,0,1,1
2427,29,<30,0,3,6,2019.0,0,чтение,0,0.7030825297669673,1,0,1
2428,25,<30,1,1,5,2009.0,1,скейтборд,1,0.5437073825490949,1,1,1
2429,37,30-45,1,3,12,1993.0,0,чтение,0,0.46356037484660323,0,1,1
2430,20,<30,1,2,0,2015.0,0,фотография,0,0.6720266999506824,1,0,1
2431,33,30-45,0,1,16,2017.0,1,чтение,0,0.34296721437263483,0,0,1
2432,47,45+,0,3,23,2004.0,1,вязание,0,0.3232020672490752,0,0,1
2433,62,45+,1,3,32,1984.0,1,вязание,0,0.18070082095859524,0,0,0
2434,40,30-45,1,2,12,1996.0,0,фотография,0,0.4238718613902801,0,1,0
2435,45,30-45,0,3,18,1997.0,0,путешествия,0,0.42569604694452123,0,0,1
2436,57,45+,1,4,21,1983.0,1,спорт,0,0.24660308526398073,0,0,0
2437,22,<30,0,3,3,2012.0,0,видеоигры,1,0.7975240672672966,1,1,0
2438,37,30-45,0,3,10,2002.0,0,чтение,0,0.5082035550397135,1,1,1
2439,57,45+,0,1,16,1982.0,1,рыбалка,0,0.09529501004884303,0,0,0
2440,61,45+,0,1,22,1982.0,1,вязание,0,0.0888034094608454,0,1,0
2441,18,<30,0,2,0,2018.0,0,путешествия,0,0.6447229348868367,1,0,0
2442,47,45+,1,3,16,2000.0,1,фотография,0,0.3606073951673035,0,1,0
2443,38,30-45,1,3,14,2002.0,0,фотография,0,0.5596267468291201,1,1,0
2444,37,30-45,1,2,13,2008.0,1,спорт,0,0.38553693984063064,0,1,0
2445,23,<30,0,2,3,2016.0,0,видеоигры,1,0.778291722138538,1,0,0
2446,39,30-45,0,2,11,1996.0,1,спорт,0,0.22311644015232399,0,1,0
2447,35,30-45,0,2,8,2023.0,0,путешествия,0,0.6728199916535959,1,0,1
2448,25,<30,0,4,2,2019.0,0,спорт,0,0.7706334587452952,1,0,1
2449,56,45+,1,3,21,1984.0,1,путешествия,0,0.20275678958998922,0,1,1
2450,49,45+,1,1,23,2004.0,1,вязание,0,0.25414932898710985,0,1,0
2451,50,45+,1,3,17,2008.0,0,вязание,0,0.6166074668388634,1,1,0
2452,33,30-45,0,3,9,2022.0,1,спорт,0,0.5659487629926708,1,1,1
2453,29,<30,0,3,6,2014.0,0,скейтборд,1,0.8058863471262108,1,0,1
2454,55,45+,0,1,15,1994.0,1,шахматы,0,0.15591698417237165,0,0,0
2455,51,45+,0,2,17,1991.0,1,шахматы,0,0.17451702459430574,0,0,0
2456,31,30-45,1,1,7,2014.0,0,спорт,0,0.5702604454575272,1,0,1
2457,53,45+,1,3,16,1984.0,0,вязание,0,0.3521996596265006,0,1,0
2458,50,45+,0,3,11,2003.0,0,рыбалка,0,0.5163931977329377,1,0,0
2459,40,30-45,1,3,13,1997.0,0,спорт,0,0.5059872744073757,1,1,0
2460,62,45+,1,2,36,1987.0,1,садоводство,0,0.15131946942187338,0,0,0
2461,19,<30,0,1,0,2021.0,0,блогинг,1,0.7729716587159114,1,1,1
2462,58,45+,1,1,20,1992.0,1,шахматы,0,0.16987600554188623,0,1,0
2463,38,30-45,0,4,10,1997.0,1,чтение,0,0.3559979774122683,0,1,1
2464,19,<30,0,1,2,2014.0,0,путешествия,0,0.5222438073922874,1,0,0
2465,44,30-45,1,1,14,2005.0,0,чтение,0,0.44539264398768674,0,1,0
2466,26,<30,1,4,5,2012.0,0,блогинг,1,0.8700828973385524,1,1,0
2467,18,<30,0,3,0,2015.0,0,видеоигры,1,0.8244699666452237,1,0,1
2468,28,<30,0,3,4,2023.0,0,чтение,0,0.7447563937597074,1,0,1
2469,20,<30,1,1,0,2017.0,0,спорт,0,0.6249834133850439,1,0,1
2470,40,30-45,1,3,10,2001.0,1,спорт,0,0.3895278778163922,0,1,1
2471,43,30-45,1,2,14,2003.0,0,спорт,0,0.4968267567610151,0,0,0
2472,21,<30,0,3,1,2019.0,0,видеоигры,1,0.8477288714274908,1,0,1
2473,35,30-45,1,1,10,2017.0,1,путешествия,0,0.4221959500432907,0,0,1
2474,23,<30,0,2,4,2013.0,1,блогинг,1,0.6012278085960437,1,0,1
2475,52,45+,1,3,14,1987.0,0,чтение,0,0.39024200180188817,0,0,1
2476,39,30-45,0,3,9,2008.0,0,путешествия,0,0.5793594696336736,1,1,1
2477,60,45+,1,3,28,1993.0,1,путешествия,0,0.25956327808980073,0,0,0
2478,32,30-45,0,1,12,2019.0,0,чтение,0,0.5469061357433515,1,0,1
2479,39,30-45,0,1,13,1995.0,0,фотография,0,0.28449347221331905,0,0,0
2480,54,45+,0,3,23,1993.0,1,вязание,0,0.2240672715177309,0,0,0
2481,59,45+,0,3,29,1993.0,0,рыбалка,0,0.34868938368389746,0,1,0
2482,29,<30,1,4,8,2017.0,0,видеоигры,1,0.8900731319149079,1,1,1
2483,64,45+,1,3,26,1995.0,1,вязание,0,0.2827462273513013,0,0,0
2484,59,45+,1,2,17,1983.0,1,шахматы,0,0.1596075931485747,0,1,0
2485,55,45+,0,3,16,1992.0,1,спорт,0,0.23197432350694883,0,0,1
2486,35,30-45,1,1,6,2022.0,0,путешествия,0,0.6596422064496387,1,0,0
2487,62,45+,1,2,29,1987.0,1,шахматы,0,0.16333273628466222,0,0,0
2488,52,45+,0,2,23,1982.0,1,чтение,0,0.11473986895465539,0,0,0
2489,47,45+,0,1,22,2004.0,1,рыбалка,0,0.21043843210230923,0,0,0
2490,41,30-45,1,3,15,2007.0,1,спорт,0,0.44036717995069435,0,0,1
2491,59,45+,1,3,24,1986.0,1,чтение,0,0.2113937403536367,0,0,0
2492,47,45+,1,3,20,2008.0,1,садоводство,0,0.43568470121313335,0,0,1
2493,31,30-45,0,2,13,2011.0,1,путешествия,0,0.35719605761821666,0,1,1
2494,23,<30,1,2,2,2021.0,0,программирование,1,0.8527040183409144,1,0,1
2495,20,<30,0,1,0,2014.0,0,путешествия,0,0.5287020904108436,1,0,1
2496,33,30-45,1,3,10,2020.0,1,чтение,0,0.6033787357546738,1,0,1
2497,24,<30,1,2,4,2018.0,0,спорт,0,0.6905630489995018,1,1,1
2498,31,30-45,0,3,7,2009.0,0,фотография,0,0.5967098555406721,1,0,1
2499,26,<30,1,1,3,2016.0,1,скейтборд,1,0.6274479816254365,1,0,0
2500,32,30-45,0,2,17,2012.0,1,чтение,0,0.3558031085554859,0,1,0
2501,38,30-45,1,3,11,1999.0,0,чтение,0,0.5352688201423726,1,0,0
2502,52,45+,0,3,21,1981.0,0,чтение,0,0.2554114060357428,0,1,0
2503,19,<30,0,2,2,2012.0,0,чтение,0,0.5733775602104215,1,1,0
2504,44,30-45,0,3,16,1994.0,1,фотография,0,0.2486664077717419,0,1,1
2505,19,<30,0,4,0,2017.0,0,фотография,0,0.7588405303648074,1,1,0
2506,52,45+,0,4,30,1982.0,1,шахматы,0,0.17686602020109554,0,0,0
2507,35,30-45,1,3,10,2020.0,0,спорт,0,0.752981933921848,1,1,0
2508,31,30-45,1,3,12,2013.0,1,чтение,0,0.5183807266247094,1,0,1
2509,37,30-45,1,2,14,1996.0,1,спорт,0,0.2635077121490947,0,0,1
2510,35,30-45,0,3,10,2016.0,1,спорт,0,0.4945036266482126,0,0,1
2511,27,<30,1,2,3,2009.0,0,спорт,0,0.5996814048979162,1,0,0
2512,42,30-45,0,4,15,1998.0,0,чтение,0,0.5207923479238926,1,0,1
2513,19,<30,1,1,0,2011.0,0,чтение,0,0.5588208405333992,1,0,1
2514,42,30-45,0,2,17,2002.0,0,спорт,0,0.4119511213777694,0,1,1
2515,50,45+,1,3,15,1997.0,1,рыбалка,0,0.3324850293374282,0,1,0
2516,53,45+,1,2,20,1993.0,0,спорт,0,0.3664004479887501,0,0,0
2517,48,45+,1,2,15,2007.0,0,чтение,0,0.5392377748533927,1,0,0
2518,31,30-45,0,3,3,2009.0,0,чтение,0,0.609110829427952,1,1,1
2519,18,<30,0,3,0,2015.0,0,программирование,1,0.8244699666452237,1,0,1
2520,63,45+,0,3,28,1989.0,1,фотография,0,0.18395335575998709,0,0,1
2521,33,30-45,1,2,9,2023.0,0,чтение,0,0.7244509895084933,1,0,1
2522,63,45+,1,3,19,1985.0,1,садоводство,0,0.2145822896865248,0,0,0
2523,20,<30,0,2,0,2019.0,0,программирование,1,0.8071782811690567,1,0,1
2524,52,45+,1,1,22,1990.0,0,чтение,0,0.2672050660061512,0,1,0
2525,58,45+,1,3,20,1985.0,1,чтение,0,0.21240774635376328,0,0,0
2526,23,<30,1,3,0,2018.0,0,программирование,1,0.8746540248651011,1,1,0
2527,42,30-45,0,2,10,1996.0,0,спорт,0,0.3682736981998914,0,0,1
2528,30,<30,0,3,5,2014.0,1,спорт,0,0.4878290119186498,0,1,1
2529,51,45+,0,2,32,1989.0,1,путешествия,0,0.13709142101887514,0,0,0
2530,25,<30,1,2,5,2018.0,0,скейтборд,1,0.8291944457303648,1,0,1
2531,38,30-45,0,1,13,2008.0,1,путешествия,0,0.26447973598881785,0,0,0
2532,51,45+,0,4,16,1983.0,1,садоводство,0,0.21237108042848488,0,1,0
2533,21,<30,1,3,2,2012.0,0,видеоигры,1,0.8378711566037347,1,0,1
2534,42,30-45,1,3,13,1998.0,0,фотография,0,0.5174128901234887,1,0,1
2535,32,30-45,1,3,7,2018.0,0,спорт,0,0.7430671873227297,1,0,1
2536,21,<30,0,3,2,2014.0,1,блогинг,1,0.6857412833607442,1,1,0
2537,62,45+,0,2,30,1989.0,1,вязание,0,0.14018430697179274,0,1,0
2538,29,<30,1,2,6,2018.0,0,блогинг,1,0.8273524459690833,1,1,0
2539,49,45+,0,1,19,2008.0,1,вязание,0,0.24964329564548915,0,0,0
2540,49,45+,0,3,16,1995.0,1,чтение,0,0.25730792915690237,0,0,0
2541,45,30-45,0,4,19,2010.0,0,чтение,0,0.641106501114653,1,0,0
2542,30,<30,0,1,11,2015.0,0,путешествия,0,0.5045524369819553,1,0,1
2543,48,45+,0,1,17,1995.0,0,спорт,0,0.27406764988732596,0,0,1
2544,31,30-45,1,2,8,2019.0,0,чтение,0,0.6892640620913941,1,0,1
2545,37,30-45,1,3,11,2002.0,0,путешествия,0,0.5691780604002105,1,1,0
2546,35,30-45,1,2,11,2008.0,1,спорт,0,0.3916906740040764,0,1,1
2547,46,45+,0,2,21,2002.0,1,рыбалка,0,0.24922997538541977,0,1,0
2548,23,<30,0,3,3,2011.0,1,видеоигры,1,0.6525223356023548,1,0,1
2549,49,45+,0,3,13,2006.0,1,садоводство,0,0.3732890370544444,0,0,0
2550,46,45+,1,1,14,2002.0,0,спорт,0,0.4118088610328674,0,0,0
2551,60,45+,0,1,26,1989.0,1,вязание,0,0.11304296372927282,0,1,0
2552,19,<30,1,3,1,2018.0,0,блогинг,1,0.873227318061062,1,1,0
2553,40,30-45,1,2,14,1999.0,0,фотография,0,0.4512525561055446,0,0,1
2554,36,30-45,0,4,11,2004.0,1,фотография,0,0.4290763292925601,0,0,0
2555,48,45+,0,3,17,1999.0,1,шахматы,0,0.29110149975046523,0,0,0
2556,22,<30,1,1,0,2016.0,0,программирование,1,0.7781903677627318,1,0,1
2557,36,30-45,1,2,10,2000.0,1,фотография,0,0.311504135302952,0,0,0
2558,51,45+,0,2,14,1992.0,1,путешествия,0,0.18703903411951206,0,0,0
2559,27,<30,0,1,5,2015.0,0,программирование,1,0.7080720311034293,1,0,1
2560,42,30-45,1,4,19,1993.0,0,фотография,0,0.5153452042983344,1,0,1
2561,19,<30,0,3,1,2014.0,0,путешествия,0,0.6677717909394405,1,0,0
2562,28,<30,0,2,7,2022.0,0,скейтборд,1,0.8143178617386378,1,0,1
2563,48,45+,0,2,18,2006.0,1,садоводство,0,0.29298007532689535,0,0,0
2564,32,30-45,1,1,11,2015.0,1,путешествия,0,0.3969536325134338,0,0,1
2565,26,<30,0,2,4,2017.0,0,блогинг,1,0.7838962567507219,1,0,1
2566,40,30-45,0,3,18,2005.0,1,путешествия,0,0.3478249363464399,0,1,1
2567,36,30-45,0,2,7,1999.0,0,спорт,0,0.41009074540103435,0,0,1
2568,26,<30,1,4,3,2017.0,0,чтение,0,0.7967515537210108,1,0,1
2569,52,45+,1,1,24,1990.0,1,шахматы,0,0.15061742062094988,0,1,0
2570,38,30-45,1,3,16,2000.0,0,путешествия,0,0.5305338716897073,1,1,0
2571,26,<30,1,3,4,2010.0,0,чтение,0,0.6758986689812816,1,1,0
2572,45,30-45,1,2,14,1994.0,1,спорт,0,0.2461457655010466,0,0,0
2573,63,45+,0,1,22,1986.0,1,фотография,0,0.1047603921756942,0,0,0
2574,24,<30,0,2,4,2014.0,0,скейтборд,1,0.7597536916956841,1,0,1
2575,33,30-45,1,2,8,2010.0,0,спорт,0,0.5951063043548227,1,1,0
2576,33,30-45,0,4,6,2016.0,0,фотография,0,0.7355374058707206,1,0,1
2577,50,45+,0,4,24,2000.0,0,вязание,0,0.5145266939401919,1,0,1
2578,21,<30,1,4,1,2015.0,0,чтение,0,0.7859284622776693,1,1,1
2579,21,<30,0,3,0,2017.0,0,программирование,1,0.8373156842369426,1,1,1
2580,56,45+,0,2,18,1986.0,1,путешествия,0,0.1423943341279534,0,1,0
2581,57,45+,1,4,19,1982.0,0,фотография,0,0.3913539826289917,0,1,0
2582,34,30-45,1,4,7,2014.0,0,чтение,0,0.7644302732094446,1,1,1
2583,54,45+,0,2,17,1993.0,0,спорт,0,0.31702646784343597,0,0,0
2584,56,45+,1,2,28,1994.0,1,чтение,0,0.21406739162823635,0,0,1
2585,46,45+,1,3,11,1997.0,1,вязание,0,0.344079796893297,0,0,1
2586,53,45+,1,1,22,1984.0,1,путешествия,0,0.12150626111593023,0,0,0
2587,55,45+,0,1,19,1992.0,0,спорт,0,0.2428401348686854,0,0,1
2588,56,45+,0,4,18,1984.0,1,чтение,0,0.2157067471238773,0,0,0
2589,54,45+,1,4,20,1994.0,1,чтение,0,0.35415216328555205,0,0,0
2590,52,45+,1,1,21,1979.0,1,вязание,0,0.10029599040293341,0,1,1
2591,24,<30,1,2,4,2020.0,0,скейтборд,1,0.8434781310186329,1,1,1
2592,44,30-45,0,3,15,2004.0,0,чтение,0,0.5148766970751064,1,1,1
2593,45,30-45,0,3,24,1999.0,1,чтение,0,0.27275432325916404,0,0,0
2594,39,30-45,1,2,20,2006.0,0,спорт,0,0.5116961623403348,1,1,1
2595,31,30-45,0,3,10,2011.0,0,путешествия,0,0.6093028292014052,1,0,1
2596,24,<30,1,3,5,2023.0,0,блогинг,1,0.8915474950765474,1,0,1
2597,54,45+,0,4,16,1979.0,1,спорт,0,0.18338051487221796,0,1,0
2598,39,30-45,0,2,14,1999.0,0,путешествия,0,0.38835248266591116,0,0,0
2599,22,<30,1,1,3,2019.0,0,спорт,0,0.6372302623065769,1,1,0
2600,19,<30,1,4,0,2014.0,0,блогинг,1,0.886743711613309,1,0,0
2601,44,30-45,0,1,14,2010.0,1,спорт,0,0.2800316094844459,0,1,0
2602,38,30-45,0,3,9,1999.0,0,спорт,0,0.47716066346315983,0,0,0
2603,55,45+,1,1,16,1991.0,1,шахматы,0,0.1707339770736037,0,0,0
2604,32,30-45,0,2,6,2011.0,0,чтение,0,0.5493671553969988,1,0,1
2605,38,30-45,1,2,16,2002.0,0,путешествия,0,0.47893164191960275,0,0,0
2606,27,<30,1,1,7,2016.0,0,блогинг,1,0.7621492738996644,1,0,1
2607,40,30-45,0,4,10,2011.0,0,спорт,0,0.6775319499523037,1,0,0
2608,56,45+,1,1,20,1996.0,1,чтение,0,0.19724731979514273,0,0,0
2609,22,<30,0,3,2,2017.0,0,программирование,1,0.8337566411001819,1,0,1
2610,18,<30,1,3,0,2013.0,0,чтение,0,0.7158517296110162,1,0,1
2611,30,<30,0,2,9,2012.0,0,спорт,0,0.5510694111399211,1,0,1
2612,38,30-45,1,3,16,2002.0,0,путешествия,0,0.5532341374949721,1,1,0
2613,43,30-45,0,2,18,1997.0,0,путешествия,0,0.35491512682685855,0,0,0
2614,62,45+,0,3,18,1988.0,1,садоводство,0,0.19686332729572203,0,0,0
2615,38,30-45,1,3,9,2002.0,0,фотография,0,0.5755175767156648,1,0,0
2616,35,30-45,1,2,7,2014.0,0,спорт,0,0.6412937585086607,1,0,1
2617,54,45+,1,2,14,1989.0,1,спорт,0,0.206210207287605,0,0,0
2618,62,45+,0,3,23,1983.0,1,фотография,0,0.1545417538347265,0,0,0
2619,49,45+,1,4,16,1993.0,0,шахматы,0,0.5250418255882903,1,1,0
2620,53,45+,0,1,26,1980.0,1,садоводство,0,0.07787368944589337,0,1,0
2621,34,30-45,0,3,9,2014.0,0,чтение,0,0.6444019120859529,1,1,1
2622,52,45+,1,2,12,1979.0,1,путешествия,0,0.14438750848079768,0,1,0
2623,28,<30,0,3,5,2013.0,0,чтение,0,0.6457920633986848,1,0,1
2624,38,30-45,1,1,7,2005.0,1,фотография,0,0.30498557091500317,0,0,1
2625,43,30-45,1,3,16,2007.0,0,путешествия,0,0.6088293566685133,1,1,0
2626,21,<30,1,1,4,2010.0,0,спорт,0,0.5346560747132368,1,0,1
2627,51,45+,1,3,14,1992.0,1,путешествия,0,0.2864549876334245,0,1,0
2628,65,45+,1,3,28,1993.0,1,садоводство,0,0.25956327808980073,0,1,0
2629,35,30-45,0,3,8,2023.0,1,спорт,0,0.5803038435796352,1,0,0
2630,57,45+,1,3,29,1978.0,1,фотография,0,0.14840924171477382,0,0,0
2631,52,45+,0,3,24,1981.0,1,чтение,0,0.14138623009936252,0,0,0
2632,58,45+,0,3,17,1990.0,0,фотография,0,0.3528376111623168,0,1,1
2633,46,45+,1,3,18,2004.0,0,фотография,0,0.5693758077651144,1,1,1
2634,46,45+,1,4,15,2004.0,0,путешествия,0,0.6493597277394245,1,1,1
2635,55,45+,1,3,20,1989.0,1,чтение,0,0.24461264294678428,0,0,1
2636,59,45+,0,3,26,1987.0,1,чтение,0,0.17431525514741872,0,0,1
2637,38,30-45,1,2,6,2005.0,0,чтение,0,0.5454662423629185,1,1,0
2638,59,45+,0,3,22,1980.0,1,рыбалка,0,0.13899616645917415,0,1,0
2639,30,<30,1,1,4,2015.0,0,путешествия,0,0.5908534032072572,1,1,1
2640,58,45+,1,3,26,1989.0,1,путешествия,0,0.2305413590323644,0,1,1
2641,34,30-45,1,3,8,2016.0,0,фотография,0,0.7226335099770967,1,0,1
2642,26,<30,0,4,7,2016.0,0,фотография,0,0.7330106019901766,1,0,1
2643,58,45+,0,1,23,1989.0,0,рыбалка,0,0.20979508964289395,0,0,1
2644,18,<30,0,2,0,2017.0,0,фотография,0,0.6341804180897079,1,1,1
2645,19,<30,1,3,0,2019.0,0,видеоигры,1,0.8795822562016917,1,1,1
2646,65,45+,1,2,29,1990.0,0,шахматы,0,0.3097192806835375,0,0,0
2647,46,45+,0,2,15,1999.0,1,спорт,0,0.23826601352044707,0,0,0
2648,50,45+,1,3,14,2004.0,1,шахматы,0,0.4100133613194304,0,1,0
2649,27,<30,1,3,4,2018.0,0,путешествия,0,0.7504142656715748,1,0,1
2650,57,45+,1,1,26,1979.0,1,чтение,0,0.0946023506230728,0,0,0
2651,38,30-45,1,3,11,2004.0,0,спорт,0,0.5914486952898955,1,0,1
2652,45,30-45,1,1,13,2004.0,1,спорт,0,0.2794684496129358,0,0,1
2653,28,<30,0,3,3,2015.0,0,программирование,1,0.8187764107843254,1,0,1
2654,51,45+,0,1,24,1985.0,1,фотография,0,0.09823017498330529,0,0,0
2655,25,<30,0,3,2,2023.0,0,блогинг,1,0.8683977594257403,1,0,1
2656,39,30-45,1,1,10,1997.0,0,спорт,0,0.3697385279892487,0,0,0
2657,25,<30,1,3,4,2008.0,0,программирование,1,0.807470056312805,1,1,1
2658,32,30-45,1,1,6,2019.0,1,чтение,0,0.4574767647860263,0,0,1
2659,34,30-45,0,3,11,2012.0,0,чтение,0,0.6170774460680093,1,0,1
2660,40,30-45,0,2,11,1999.0,0,спорт,0,0.3976200010847244,0,0,1
2661,41,30-45,0,1,14,2011.0,1,чтение,0,0.2893433567027114,0,0,0
2662,62,45+,0,3,23,1980.0,1,вязание,0,0.13745354961188513,0,1,0
2663,36,30-45,1,2,9,2005.0,0,фотография,0,0.5358179549031401,1,1,0
2664,22,<30,1,1,4,2022.0,0,скейтборд,1,0.8142290456868269,1,1,0
2665,49,45+,1,1,10,2005.0,1,путешествия,0,0.29681327707532346,0,0,0
2666,61,45+,1,2,19,1984.0,1,фотография,0,0.16228527202705237,0,1,0
2667,18,<30,0,1,0,2020.0,0,чтение,0,0.5961169945498175,1,0,0
2668,40,30-45,0,1,14,1998.0,0,фотография,0,0.3104444492762885,0,0,0
2669,54,45+,0,2,19,1983.0,1,путешествия,0,0.1250248422521165,0,1,0
2670,25,<30,1,3,1,2016.0,0,путешествия,0,0.7404319856664892,1,0,1
2671,30,<30,1,3,7,2014.0,0,фотография,0,0.7066261187514372,1,0,1
2672,25,<30,0,1,5,2012.0,0,спорт,0,0.4896824453228424,0,1,0
2673,40,30-45,0,4,13,2004.0,1,чтение,0,0.4227434214525296,0,0,1
2674,60,45+,0,3,36,1988.0,1,садоводство,0,0.1625846122771226,0,0,0
2675,18,<30,0,2,0,2014.0,0,путешествия,0,0.6018081367491144,1,1,1
2676,62,45+,0,1,15,1986.0,1,фотография,0,0.11357197909891373,0,0,0
2677,41,30-45,0,4,13,2011.0,0,чтение,0,0.6689858017337199,1,1,1
2678,52,45+,0,2,19,1990.0,0,чтение,0,0.2828111055507616,0,0,0
2679,41,30-45,1,2,13,1996.0,0,спорт,0,0.4207124839577384,0,0,1
2680,34,30-45,1,2,14,2018.0,0,чтение,0,0.662230352872169,1,1,1
2681,22,<30,0,3,2,2012.0,0,чтение,0,0.6442170891830084,1,0,0
2682,37,30-45,0,1,4,2005.0,1,чтение,0,0.26048511268999375,0,0,1
2683,38,30-45,0,3,4,1996.0,0,путешествия,0,0.45912699627133813,0,0,0
2684,57,45+,0,3,17,1990.0,0,садоводство,0,0.3528376111623168,0,0,0
2685,48,45+,0,3,13,1998.0,1,вязание,0,0.29235610232540205,0,0,1
2686,63,45+,1,3,32,1992.0,0,фотография,0,0.3891814889667568,0,1,1
2687,53,45+,1,1,13,1985.0,1,шахматы,0,0.13991931780545652,0,0,1
2688,28,<30,1,3,2,2016.0,0,программирование,1,0.8612117450804762,1,1,1
2689,32,30-45,0,2,7,2017.0,0,фотография,0,0.6129052107724373,1,1,1
2690,36,30-45,1,2,7,2005.0,0,путешествия,0,0.5422535762412609,1,1,0
2691,24,<30,0,2,2,2020.0,0,видеоигры,1,0.8102456778135678,1,0,1
2692,45,30-45,0,2,15,1998.0,0,путешествия,0,0.3745086420995745,0,0,1
2693,60,45+,1,1,20,1987.0,1,путешествия,0,0.14001639829958148,0,1,0
2694,22,<30,1,2,6,2019.0,0,программирование,1,0.8337870198627153,1,0,0
2695,22,<30,1,2,1,2022.0,0,скейтборд,1,0.8599227270235236,1,0,1
2696,47,45+,1,3,23,2001.0,1,шахматы,0,0.350315683306248,0,0,0
2697,49,45+,1,1,13,2002.0,0,спорт,0,0.41494927021173467,0,1,0
2698,25,<30,1,3,6,2017.0,0,чтение,0,0.7367593557971913,1,0,1
2699,27,<30,1,2,4,2020.0,0,спорт,0,0.709758598277723,1,0,0
2700,55,45+,1,1,29,1984.0,1,фотография,0,0.1121569740987966,0,1,0
2701,64,45+,1,2,28,1987.0,1,спорт,0,0.1651101945865221,0,1,0
2702,49,45+,1,2,15,1999.0,1,шахматы,0,0.288315773098028,0,0,0
2703,65,45+,1,3,23,1994.0,1,садоводство,0,0.2813533660394906,0,0,0
2704,45,30-45,0,2,17,2007.0,1,спорт,0,0.3052810843804936,0,1,0
2705,34,30-45,1,4,12,2018.0,0,путешествия,0,0.7850412395083061,1,0,1
2706,48,45+,0,4,19,1999.0,0,садоводство,0,0.5192768001534132,1,1,1
2707,25,<30,0,2,1,2011.0,0,спорт,0,0.565340656436373,1,0,0
2708,57,45+,0,3,21,1994.0,1,рыбалка,0,0.2367665555975176,0,1,0
2709,42,30-45,1,1,11,1997.0,1,путешествия,0,0.22420881605943754,0,0,0
2710,26,<30,1,3,9,2016.0,0,фотография,0,0.720030344264211,1,0,1
2711,19,<30,0,3,1,2011.0,0,путешествия,0,0.6366690580572575,1,0,1
2712,32,30-45,0,2,3,2018.0,0,спорт,0,0.6357747026985111,1,0,1
2713,20,<30,0,1,2,2013.0,0,блогинг,1,0.6970798704965402,1,1,0
2714,53,45+,1,1,18,1986.0,0,садоводство,0,0.24232659501722942,0,1,0
2715,21,<30,0,2,1,2013.0,0,путешествия,0,0.5876659541551231,1,1,1
2716,31,30-45,0,3,7,2020.0,0,путешествия,0,0.7098795643911434,1,0,0
2717,58,45+,0,2,29,1985.0,1,садоводство,0,0.12092202894021761,0,0,0
2718,58,45+,0,2,17,1987.0,0,садоводство,0,0.26079361231326936,0,1,0
2719,42,30-45,0,2,13,1994.0,0,спорт,0,0.3385102977811439,0,1,1
2720,27,<30,1,3,7,2016.0,0,чтение,0,0.7252217082405914,1,0,1
2721,38,30-45,0,1,13,2005.0,0,путешествия,0,0.3858038069268904,0,0,0
2722,53,45+,1,3,18,1993.0,0,рыбалка,0,0.44430222746538406,0,0,1
2723,29,<30,0,3,4,2018.0,0,путешествия,0,0.698926524707164,1,0,0
2724,44,30-45,0,3,17,1996.0,0,путешествия,0,0.41770242405575847,0,0,1
2725,57,45+,0,3,29,1992.0,1,фотография,0,0.2033395744686224,0,1,0
2726,19,<30,1,2,1,2018.0,0,фотография,0,0.6988029294070346,1,0,0
2727,30,<30,1,2,6,2018.0,0,путешествия,0,0.6850012943589019,1,0,1
2728,49,45+,1,3,18,2000.0,0,фотография,0,0.524078094521065,1,1,1
2729,48,45+,1,4,18,2002.0,1,путешествия,0,0.44791449740432243,0,1,0
2730,33,30-45,0,3,8,2014.0,0,путешествия,0,0.6473638819649369,1,1,1
2731,49,45+,1,1,21,2004.0,0,спорт,0,0.41200422030351996,0,0,1
2732,49,45+,1,1,27,2002.0,0,фотография,0,0.3717194650900915,0,0,1
2733,51,45+,0,4,24,1983.0,0,рыбалка,0,0.32755192176801473,0,1,0
2734,28,<30,1,1,7,2022.0,0,чтение,0,0.6567286817186403,1,0,1
2735,27,<30,0,1,1,2011.0,1,блогинг,1,0.5149719441063552,1,1,0
2736,32,30-45,0,2,11,2011.0,0,путешествия,0,0.533291240582258,1,0,1
2737,34,30-45,0,4,10,2021.0,0,чтение,0,0.7684798835619312,1,1,1
2738,57,45+,0,2,26,1981.0,1,шахматы,0,0.1064245437469707,0,0,0
2739,35,30-45,1,2,14,2022.0,1,чтение,0,0.5402007375713062,1,0,0
2740,26,<30,0,3,5,2021.0,0,спорт,0,0.7244072325154337,1,0,1
2741,42,30-45,0,1,21,2008.0,0,путешествия,0,0.3937921138334405,0,1,1
2742,57,45+,0,3,22,1983.0,0,спорт,0,0.27062624302506394,0,1,0
2743,31,30-45,1,3,7,2020.0,0,чтение,0,0.7601370159549066,1,0,1
2744,42,30-45,1,2,14,1998.0,0,путешествия,0,0.439956000186616,0,1,0
2745,39,30-45,0,3,11,1999.0,0,путешествия,0,0.4707031749378554,0,0,0
2746,47,45+,0,4,23,1994.0,0,путешествия,0,0.4493484696279866,0,1,0
2747,37,30-45,0,2,13,2001.0,0,фотография,0,0.4134228164005114,0,1,1
2748,38,30-45,1,1,12,1994.0,0,фотография,0,0.332604682312587,0,0,0
2749,61,45+,0,3,19,1990.0,1,вязание,0,0.20957211015308666,0,0,1
2750,49,45+,0,2,21,1993.0,1,вязание,0,0.18030406452297917,0,0,0
2751,63,45+,0,4,26,1990.0,0,вязание,0,0.3953035706150818,0,0,0
2752,38,30-45,1,4,19,2004.0,1,спорт,0,0.46739833589599844,0,1,0
2753,52,45+,1,1,17,1991.0,0,садоводство,0,0.2893859482336724,0,1,0
2754,49,45+,0,4,19,1994.0,0,рыбалка,0,0.46219676813530775,0,0,0
2755,47,45+,0,2,15,2006.0,0,вязание,0,0.46329448735397744,0,0,0
2756,56,45+,0,3,30,1984.0,1,вязание,0,0.14876282930282125,0,0,0
2757,29,<30,1,1,7,2017.0,0,спорт,0,0.6035077367226753,1,0,1
2758,58,45+,1,3,22,1991.0,1,рыбалка,0,0.2569281078322489,0,1,0
2759,64,45+,1,3,33,1989.0,1,рыбалка,0,0.21485425495117907,0,1,0
2760,35,30-45,1,3,10,2024.0,0,путешествия,0,0.7854135569696165,1,1,1
2761,38,30-45,0,4,13,1998.0,0,фотография,0,0.5272524905233573,1,0,0
2762,30,<30,1,3,11,2011.0,0,чтение,0,0.6659811468430913,1,1,0
2763,38,30-45,1,2,14,1998.0,1,чтение,0,0.28163677142290544,0,0,0
2764,25,<30,0,3,11,2015.0,0,путешествия,0,0.6489325172852349,1,1,1
2765,63,45+,1,3,37,1990.0,1,вязание,0,0.2138317405855069,0,0,0
2766,57,45+,0,4,21,1985.0,1,путешествия,0,0.21687269467735543,0,1,0
2767,63,45+,0,4,27,1987.0,1,садоводство,0,0.2192182390189112,0,1,0
2768,24,<30,1,2,5,2012.0,0,видеоигры,1,0.7867678757226035,1,1,1
2769,40,30-45,1,2,14,1999.0,1,фотография,0,0.2909803221295318,0,0,0
2770,61,45+,1,2,28,1983.0,1,фотография,0,0.14141284086316597,0,0,0
2771,49,45+,0,3,17,2000.0,0,чтение,0,0.46274558260292903,0,1,1
2772,28,<30,1,2,6,2022.0,1,спорт,0,0.565804490966062,1,1,0
2773,39,30-45,1,3,9,2000.0,1,чтение,0,0.3817619503201748,0,0,0
2774,39,30-45,0,1,7,2006.0,1,спорт,0,0.2618123012521224,0,0,0
2775,60,45+,1,1,23,1986.0,0,вязание,0,0.23063700097660375,0,0,0
2776,42,30-45,1,2,15,1996.0,1,чтение,0,0.2610021263759734,0,0,1
2777,39,30-45,0,1,12,1998.0,1,фотография,0,0.1873749581749151,0,1,0
2778,45,30-45,1,3,13,2003.0,1,спорт,0,0.40210803534382333,0,1,0
2779,46,45+,0,1,14,2011.0,0,чтение,0,0.4492852931413011,0,0,0
2780,30,<30,0,1,5,2014.0,0,фотография,0,0.5125430969305045,1,1,1
2781,35,30-45,0,1,9,2012.0,0,фотография,0,0.47674740492861695,0,0,0
2782,19,<30,1,3,1,2019.0,0,путешествия,0,0.7659179772190268,1,0,1
2783,46,45+,0,3,17,2000.0,0,спорт,0,0.46274558260292903,0,0,0
2784,38,30-45,1,1,8,1995.0,0,чтение,0,0.3545960908503616,0,1,0
2785,32,30-45,0,3,9,2016.0,0,фотография,0,0.6650721702416893,1,1,1
2786,44,30-45,1,2,19,2003.0,0,спорт,0,0.48064843476481933,0,0,0
2787,48,45+,1,2,17,1995.0,1,вязание,0,0.2474243382890213,0,0,0
2788,32,30-45,1,3,3,2018.0,0,спорт,0,0.7528318995171897,1,1,1
2789,40,30-45,0,1,13,1993.0,0,спорт,0,0.2662486805140217,0,0,0
2790,41,30-45,1,3,12,1998.0,1,чтение,0,0.35151501906204086,0,0,0
2791,61,45+,1,1,21,1979.0,0,садоводство,0,0.18258611875564812,0,0,0
2792,30,<30,1,4,8,2012.0,0,путешествия,0,0.7451127979573583,1,0,1
2793,39,30-45,0,1,21,2007.0,1,фотография,0,0.2364673334157347,0,1,0
2794,60,45+,1,3,36,1985.0,1,чтение,0,0.17980362372551556,0,0,1
2795,54,45+,0,4,23,1983.0,1,фотография,0,0.19760285202523006,0,0,0
2796,50,45+,1,1,13,1998.0,0,спорт,0,0.37134284979478405,0,0,1
2797,20,<30,1,2,1,2014.0,0,путешествия,0,0.6589651573979477,1,0,1
2798,36,30-45,0,2,13,2005.0,1,фотография,0,0.2969358665011686,0,0,1
2799,40,30-45,0,3,17,2004.0,1,путешествия,0,0.3404267924082617,0,1,0
2800,46,45+,0,2,24,2006.0,0,спорт,0,0.43446915145156567,0,0,0
2801,47,45+,1,1,16,2006.0,0,спорт,0,0.45029585792579463,0,0,0
2802,56,45+,1,3,27,1981.0,1,шахматы,0,0.17022361923242507,0,0,0
2803,61,45+,0,2,28,1990.0,0,чтение,0,0.259779812077254,0,0,0
2804,64,45+,0,3,35,1986.0,1,путешествия,0,0.15217664709802695,0,0,0
2805,42,30-45,0,2,21,2005.0,1,путешествия,0,0.2757714010360399,0,1,0
2806,54,45+,0,2,15,1987.0,1,путешествия,0,0.15303877305666247,0,0,0
2807,64,45+,0,3,36,1992.0,1,спорт,0,0.1890486488205727,0,0,0
2808,25,<30,1,3,5,2020.0,0,спорт,0,0.7648275954625614,1,0,1
2809,59,45+,0,2,25,1996.0,1,шахматы,0,0.193269863836401,0,1,0
2810,33,30-45,1,2,12,2020.0,1,фотография,0,0.5238799495617508,1,0,0
2811,25,<30,1,2,5,2013.0,0,программирование,1,0.7943390418393003,1,0,1
2812,18,<30,0,1,0,2020.0,0,чтение,0,0.5961169945498175,1,0,0
2813,61,45+,1,2,40,1989.0,0,путешествия,0,0.27098803517513337,0,0,0
2814,22,<30,1,1,2,2010.0,0,путешествия,0,0.5410940083297835,1,0,0
2815,20,<30,0,3,2,2015.0,0,спорт,0,0.6750035107813301,1,0,1
2816,18,<30,0,3,0,2021.0,0,чтение,0,0.7371448351424474,1,0,1
2817,21,<30,0,2,4,2008.0,0,скейтборд,1,0.7061903325566135,1,0,1
2818,57,45+,0,2,14,1986.0,1,рыбалка,0,0.14883816001527816,0,0,0
2819,52,45+,0,2,15,1995.0,0,рыбалка,0,0.3429644957591876,0,1,0
2820,49,45+,0,3,16,2003.0,0,чтение,0,0.500211124925601,1,1,1
2821,59,45+,0,4,18,1982.0,1,шахматы,0,0.20063630979612418,0,1,0
2822,51,45+,0,3,17,1986.0,1,спорт,0,0.18474509544436513,0,0,1
2823,60,45+,0,3,23,1992.0,1,садоводство,0,0.21621711283569564,0,1,0
2824,42,30-45,0,3,14,1997.0,0,спорт,0,0.4384064886185921,0,1,1
2825,27,<30,0,2,6,2017.0,0,путешествия,0,0.6159731862784673,1,0,0
2826,38,30-45,1,1,14,2005.0,0,чтение,0,0.44539264398768674,0,0,0
2827,63,45+,0,3,27,1989.0,1,чтение,0,0.18590535497312752,0,0,0
2828,56,45+,1,1,28,1982.0,1,вязание,0,0.10457404529175683,0,1,1
2829,44,30-45,0,3,22,2001.0,1,чтение,0,0.29664342328322235,0,0,1
2830,44,30-45,1,3,23,2003.0,1,чтение,0,0.371405274351777,0,0,0
2831,19,<30,0,3,0,2010.0,0,чтение,0,0.629053099952989,1,1,1
2832,58,45+,1,2,19,1982.0,0,чтение,0,0.2615815872706312,0,1,0
2833,65,45+,1,3,32,1989.0,1,чтение,0,0.2170469422893359,0,0,1
2834,30,<30,0,3,7,2019.0,0,фотография,0,0.7003719541716081,1,1,1
2835,26,<30,1,3,4,2013.0,0,спорт,0,0.7051981604150058,1,1,1
2836,53,45+,1,3,17,1990.0,0,шахматы,0,0.41387776588544967,0,1,1
2837,39,30-45,0,4,6,2006.0,0,чтение,0,0.6377488052264858,1,0,0
2838,59,45+,1,1,27,1991.0,0,садоводство,0,0.2634969073433533,0,0,0
2839,43,30-45,1,2,14,1998.0,0,спорт,0,0.439956000186616,0,0,1
2840,29,<30,0,2,12,2011.0,0,спорт,0,0.5300666582884581,1,0,0
2841,34,30-45,0,1,12,2021.0,0,спорт,0,0.569457196502676,1,1,0
2842,31,30-45,1,4,5,2024.0,0,путешествия,0,0.8402808953782612,1,0,1
2843,31,30-45,1,4,9,2016.0,1,спорт,0,0.6335938310032394,1,0,1
2844,51,45+,1,1,24,1983.0,1,вязание,0,0.11406519380258023,0,0,0
2845,37,30-45,1,1,7,2001.0,0,путешествия,0,0.4227316579060924,0,0,1
2846,28,<30,0,2,6,2014.0,0,спорт,0,0.583049010381698,1,1,1
2847,33,30-45,1,3,10,2016.0,0,чтение,0,0.7174123010692929,1,0,1
2848,48,45+,0,2,31,2007.0,1,рыбалка,0,0.26823824476238445,0,0,0
2849,23,<30,0,1,1,2015.0,0,программирование,1,0.7186631772762004,1,1,1
2850,36,30-45,1,1,13,2008.0,1,спорт,0,0.31773903923390595,0,0,1
2851,54,45+,1,2,23,1984.0,1,путешествия,0,0.15536553211591195,0,0,0
2852,21,<30,0,4,1,2010.0,0,блогинг,1,0.8324934248813497,1,1,1
2853,64,45+,1,2,26,1982.0,1,путешествия,0,0.1390224002173895,0,1,0
2854,21,<30,0,2,1,2017.0,0,скейтборд,1,0.7904051336862202,1,0,1
2855,37,30-45,0,1,13,1998.0,0,фотография,0,0.3132234992157868,0,0,1
2856,27,<30,1,2,8,2020.0,1,фотография,0,0.5367819252060493,1,0,0
2857,41,30-45,0,3,15,2003.0,0,фотография,0,0.5034486603547953,1,1,0
2858,52,45+,0,2,19,1988.0,1,путешествия,0,0.15225339730754456,0,1,1
2859,43,30-45,0,2,17,2000.0,0,путешествия,0,0.3899875952894525,0,0,1
2860,54,45+,1,3,20,1983.0,1,садоводство,0,0.19750975138605464,0,1,0
2861,55,45+,0,1,21,1989.0,1,путешествия,0,0.11969972186630022,0,0,0
2862,38,30-45,0,3,13,2007.0,0,путешествия,0,0.5554246920835552,1,0,1
2863,57,45+,1,2,11,1981.0,1,фотография,0,0.1577709772160646,0,0,0
2864,56,45+,0,2,19,1991.0,0,шахматы,0,0.29217776992193406,0,1,0
2865,38,30-45,0,3,10,1998.0,0,путешествия,0,0.46254509007149985,0,0,0
2866,27,<30,1,3,11,2024.0,0,скейтборд,1,0.8884171182390996,1,0,1
2867,55,45+,0,3,25,1985.0,0,фотография,0,0.2811347786105405,0,1,0
2868,63,45+,1,1,27,1993.0,1,садоводство,0,0.16363465352980444,0,1,0
2869,21,<30,0,2,2,2016.0,1,скейтборд,1,0.6396102264152123,1,0,1
2870,62,45+,0,2,30,1991.0,1,шахматы,0,0.15157501431003056,0,1,0
2871,37,30-45,0,3,8,2005.0,0,спорт,0,0.5488205525855104,1,0,0
2872,34,30-45,0,3,4,2023.0,0,фотография,0,0.7447563937597074,1,0,1
2873,24,<30,1,1,1,2017.0,0,спорт,0,0.6219432406894265,1,0,0
2874,21,<30,0,3,3,2010.0,0,блогинг,1,0.7823530729411655,1,1,1
2875,46,45+,0,3,19,1997.0,0,шахматы,0,0.42253304462730734,0,1,0
2876,31,30-45,1,2,5,2010.0,0,путешествия,0,0.6044320271367731,1,0,0
2877,20,<30,1,3,2,2011.0,0,чтение,0,0.6913881752120398,1,0,1
2878,41,30-45,0,2,11,2005.0,1,чтение,0,0.30237131330633504,0,0,0
2879,54,45+,0,2,13,1988.0,1,вязание,0,0.16255578863372033,0,1,0
2880,33,30-45,0,4,7,2021.0,0,фотография,0,0.7753200038611008,1,0,0
2881,21,<30,0,2,3,2021.0,0,скейтборд,1,0.8152342140516717,1,0,1
2882,41,30-45,0,2,12,2009.0,1,спорт,0,0.33937882866819574,0,1,1
2883,51,45+,1,3,19,1988.0,0,садоводство,0,0.385725150530648,0,1,1
2884,47,45+,1,4,20,2005.0,1,шахматы,0,0.47556627754736486,0,1,0
2885,35,30-45,0,4,12,2017.0,0,фотография,0,0.729271360599235,1,0,0
2886,36,30-45,0,3,18,1993.0,0,спорт,0,0.38169707912610307,0,0,1
2887,48,45+,0,1,17,1996.0,1,шахматы,0,0.16474078663722316,0,0,0
2888,36,30-45,0,4,14,2006.0,0,путешествия,0,0.6134894066371664,1,1,0
2889,63,45+,0,3,27,1992.0,1,рыбалка,0,0.2075675495857519,0,1,0
2890,36,30-45,1,2,15,1997.0,0,спорт,0,0.42555247497098936,0,0,0
2891,39,30-45,1,3,13,2001.0,0,путешествия,0,0.5515334100274133,1,1,1
2892,41,30-45,1,2,20,2000.0,0,спорт,0,0.44334835953655727,0,1,0
2893,62,45+,1,1,16,1986.0,1,спорт,0,0.14074913146186943,0,1,0
2894,29,<30,0,3,6,2023.0,1,фотография,0,0.5865985531897157,1,0,1
2895,47,45+,1,3,17,2008.0,0,чтение,0,0.6166074668388634,1,1,0
2896,55,45+,0,2,24,1993.0,1,вязание,0,0.17463323604043954,0,0,0
2897,48,45+,0,2,24,2008.0,0,садоводство,0,0.45706080330094073,0,1,0
2898,53,45+,1,3,19,1981.0,1,спорт,0,0.18536091164577792,0,0,0
2899,36,30-45,0,2,10,2002.0,1,фотография,0,0.27682427005534893,0,1,0
2900,65,45+,1,2,21,1988.0,0,путешествия,0,0.3123215433427782,0,0,0
2901,62,45+,0,3,29,1990.0,1,шахматы,0,0.18892504028698642,0,0,0
2902,53,45+,1,3,28,1990.0,1,фотография,0,0.23407760455680082,0,0,0
2903,47,45+,1,3,15,2008.0,0,путешествия,0,0.6227116898178564,1,1,1
2904,50,45+,1,3,18,1997.0,1,чтение,0,0.32391929391234137,0,1,0
2905,35,30-45,1,3,11,2018.0,0,фотография,0,0.7330534963637424,1,0,1
2906,45,30-45,0,3,14,1998.0,0,спорт,0,0.44969520524123335,0,0,0
2907,64,45+,1,2,33,1993.0,1,рыбалка,0,0.19606668890030474,0,0,1
2908,28,<30,1,3,6,2023.0,0,спорт,0,0.7864351434745861,1,0,1
2909,62,45+,1,2,25,1985.0,1,рыбалка,0,0.15798542225771028,0,0,0
2910,50,45+,1,1,21,2003.0,1,спорт,0,0.2504089931343543,0,0,0
2911,34,30-45,1,2,5,2012.0,0,фотография,0,0.6260774921861615,1,0,1
2912,23,<30,1,3,3,2018.0,0,фотография,0,0.7528318995171897,1,0,1
2913,21,<30,1,1,2,2012.0,0,блогинг,1,0.7400701075989873,1,1,1
2914,37,30-45,1,1,6,1993.0,1,путешествия,0,0.20432617087078975,0,0,0
2915,65,45+,1,3,33,1981.0,1,шахматы,0,0.15952783334290327,0,0,1
2916,64,45+,0,3,30,1988.0,1,рыбалка,0,0.1734430510329379,0,1,1
2917,44,30-45,0,3,16,1995.0,0,фотография,0,0.40975180918548776,0,0,1
2918,32,30-45,0,2,6,2023.0,0,путешествия,0,0.6784958780338111,1,0,0
2919,23,<30,0,1,4,2017.0,0,программирование,1,0.7291764198674664,1,0,1
2920,64,45+,0,3,31,1986.0,1,путешествия,0,0.15898109219522413,0,1,0
2921,31,30-45,1,1,3,2016.0,0,чтение,0,0.6049597518903711,1,0,0
2922,28,<30,0,3,5,2017.0,0,скейтборд,1,0.8283015799479473,1,1,1
2923,56,45+,0,2,25,1980.0,1,вязание,0,0.10334727713319519,0,1,0
2924,26,<30,1,4,7,2020.0,0,спорт,0,0.8102293086849628,1,0,1
2925,43,30-45,1,2,13,2000.0,1,фотография,0,0.30323338000945277,0,0,0
2926,33,30-45,1,2,14,2013.0,1,чтение,0,0.43772143576726674,0,0,1
2927,22,<30,1,3,2,2018.0,0,фотография,0,0.7552337533073953,1,1,1
2928,27,<30,1,2,5,2017.0,0,спорт,0,0.6778858797417859,1,0,1
2929,20,<30,0,2,0,2010.0,0,скейтборд,1,0.735014099298796,1,1,1
2930,30,<30,1,3,7,2019.0,1,спорт,0,0.6017314776827174,1,1,1
2931,60,45+,1,2,25,1984.0,1,спорт,0,0.15199691361015175,0,0,0
2932,47,45+,0,2,10,1998.0,0,путешествия,0,0.3897957549647926,0,0,0
2933,62,45+,0,2,33,1989.0,0,спорт,0,0.23910463414482414,0,1,0
2934,23,<30,1,1,3,2010.0,0,чтение,0,0.5378766204538007,1,1,1
2935,34,30-45,0,1,8,2020.0,0,путешествия,0,0.5709452575832121,1,0,1
2936,62,45+,1,3,33,1981.0,1,чтение,0,0.15952783334290327,0,1,1
2937,36,30-45,0,3,10,2007.0,1,путешествия,0,0.3932785013700336,0,0,0
2938,59,45+,1,2,22,1986.0,1,путешествия,0,0.16956490727188453,0,0,1
2939,52,45+,1,2,26,1986.0,0,садоводство,0,0.27979092560995794,0,0,1
2940,63,45+,0,4,31,1986.0,1,спорт,0,0.20298217837194021,0,0,1
2941,43,30-45,0,4,10,2008.0,1,фотография,0,0.47757696332325983,0,0,1
2942,22,<30,1,2,3,2019.0,0,скейтборд,1,0.839101655959124,1,0,0
2943,46,45+,1,3,21,1998.0,1,чтение,0,0.32542745730865485,0,0,0
2944,54,45+,1,3,10,1984.0,1,фотография,0,0.2267597623442453,0,0,1
2945,37,30-45,0,2,6,2004.0,1,спорт,0,0.3063989533839065,0,0,0
2946,38,30-45,1,1,8,2011.0,1,чтение,0,0.3630289747834611,0,1,0
2947,27,<30,0,1,6,2017.0,0,чтение,0,0.5434950480489776,1,0,1
2948,22,<30,0,3,4,2015.0,1,спорт,0,0.5024965508242212,1,1,1
2949,53,45+,0,3,25,1989.0,1,вязание,0,0.18985721658674926,0,0,0
2950,23,<30,1,3,3,2022.0,0,программирование,1,0.8896153015399345,1,0,1
2951,43,30-45,0,1,10,2008.0,0,фотография,0,0.4282619553850028,0,0,0
2952,21,<30,0,3,3,2012.0,0,чтение,0,0.6412433356301722,1,0,1
2953,56,45+,1,3,25,1989.0,1,вязание,0,0.23284666223331968,0,1,0
2954,56,45+,1,3,23,1987.0,1,фотография,0,0.22134166728266438,0,0,0
2955,52,45+,0,1,26,1984.0,0,садоводство,0,0.16886964405450655,0,1,0
2956,18,<30,0,3,0,2021.0,0,видеоигры,1,0.8607229475029395,1,0,1
2957,41,30-45,0,1,22,1994.0,1,чтение,0,0.14435504534393315,0,0,0
2958,53,45+,0,3,24,1987.0,1,путешествия,0,0.17807463353575362,0,0,0
2959,23,<30,1,3,1,2014.0,0,скейтборд,1,0.8515591427633006,1,1,1
2960,58,45+,0,1,22,1993.0,1,спорт,0,0.13879803490726428,0,0,0
2961,63,45+,1,3,24,1996.0,0,вязание,0,0.4590337341582027,0,1,0
2962,61,45+,1,1,34,1989.0,1,путешествия,0,0.12954363850228123,0,0,0
2963,48,45+,0,3,14,2004.0,0,путешествия,0,0.5181107527899876,1,1,0
2964,37,30-45,1,2,8,2003.0,0,чтение,0,0.5162465334736447,1,1,1
2965,41,30-45,0,3,11,1997.0,0,спорт,0,0.4479936030798408,0,0,0
2966,42,30-45,0,4,19,1996.0,1,спорт,0,0.31971984927158753,0,0,1
2967,53,45+,0,2,28,1990.0,1,чтение,0,0.1490426120272374,0,1,0
2968,38,30-45,0,3,10,2005.0,0,путешествия,0,0.5423993447821017,1,0,0
2969,47,45+,0,2,9,2000.0,1,рыбалка,0,0.2613858518277784,0,1,0
2970,41,30-45,0,1,16,1994.0,1,чтение,0,0.1542202121935402,0,0,0
2971,61,45+,1,3,17,1981.0,1,шахматы,0,0.1893038910255345,0,0,1
2972,59,45+,1,3,25,1985.0,1,спорт,0,0.20177705245675617,0,0,0
2973,47,45+,1,4,16,2004.0,0,рыбалка,0,0.6464053653031382,1,0,1
2974,39,30-45,0,3,11,1994.0,0,путешествия,0,0.4143602262032462,0,0,0
2975,45,30-45,1,3,12,2000.0,0,чтение,0,0.5434126865516582,1,0,1
2976,24,<30,1,3,2,2019.0,0,скейтборд,1,0.8768118391498794,1,1,1
2977,52,45+,1,3,20,1978.0,1,рыбалка,0,0.16375102763274255,0,0,0
2978,45,30-45,1,2,22,2010.0,0,путешествия,0,0.5507769675438997,1,0,1
2979,31,30-45,1,1,5,2019.0,0,фотография,0,0.6312218279589032,1,0,0
2980,27,<30,0,2,7,2019.0,0,чтение,0,0.6343674956743323,1,1,0
2981,33,30-45,1,3,7,2015.0,0,спорт,0,0.7160157438191377,1,1,0
2982,33,30-45,0,3,5,2011.0,0,чтение,0,0.6246035455718167,1,1,1
2983,48,45+,1,3,22,1998.0,0,фотография,0,0.4882837690416464,0,1,0
2984,59,45+,0,1,23,1992.0,1,рыбалка,0,0.1319313586090729,0,0,0
2985,42,30-45,0,4,13,1997.0,1,спорт,0,0.34714150842477287,0,1,0
2986,30,<30,0,2,7,2012.0,0,фотография,0,0.5574682184385203,1,0,1
2987,23,<30,1,3,2,2012.0,0,спорт,0,0.7010591772354386,1,0,0
2988,61,45+,0,1,27,1985.0,1,садоводство,0,0.09484201958693947,0,0,0
2989,26,<30,0,1,8,2012.0,0,спорт,0,0.4799789209338044,0,1,1
2990,62,45+,1,3,27,1982.0,1,фотография,0,0.17678053720735484,0,0,0
2991,53,45+,1,4,22,1980.0,1,шахматы,0,0.21977964587839136,0,0,0
2992,60,45+,0,2,18,1987.0,0,спорт,0,0.2583047825953877,0,1,0
2993,37,30-45,0,1,7,2003.0,0,спорт,0,0.3825491629492565,0,0,1
2994,35,30-45,1,2,8,2018.0,0,путешествия,0,0.6793859859492837,1,1,0
2995,60,45+,1,1,36,1993.0,1,шахматы,0,0.14830183710079875,0,0,0
2996,38,30-45,1,1,7,2005.0,0,чтение,0,0.4678813793937242,0,1,0
2997,21,<30,1,3,1,2016.0,0,блогинг,1,0.8627524222879623,1,0,1
2998,50,45+,0,4,23,1998.0,1,вязание,0,0.3284062950598283,0,0,0
2999,44,30-45,1,1,17,2006.0,1,путешествия,0,0.28752351771428064,0,0,1
3000,24,<30,1,3,4,2018.0,0,спорт,0,0.7504142656715748,1,0,0
3001,23,<30,1,2,5,2010.0,0,фотография,0,0.6044320271367731,1,0,1
3002,32,30-45,0,1,7,2015.0,1,чтение,0,0.34864404252899245,0,0,0
3003,35,30-45,1,2,12,2018.0,1,фотография,0,0.5010333811628114,1,0,0
3004,49,45+,1,3,26,2002.0,1,вязание,0,0.3518827809570515,0,1,1
3005,28,<30,0,1,8,2011.0,0,чтение,0,0.4685773026452778,0,0,0
3006,37,30-45,1,2,15,1995.0,0,чтение,0,0.40336119645719215,0,1,1
3007,41,30-45,1,1,11,2006.0,1,спорт,0,0.30370003083117886,0,0,0
3008,32,30-45,1,2,5,2019.0,1,фотография,0,0.535071201029756,1,1,1
3009,65,45+,1,1,35,1988.0,1,шахматы,0,0.12306937279980998,0,0,0
3010,24,<30,1,3,0,2022.0,0,фотография,0,0.7917559280507664,1,0,1
3011,38,30-45,1,3,9,2004.0,1,чтение,0,0.42576324673636773,0,1,0
3012,59,45+,0,3,26,1984.0,1,путешествия,0,0.15544261511162402,0,1,0
3013,43,30-45,0,2,9,1999.0,1,путешествия,0,0.25265396610078983,0,0,0
3014,61,45+,0,2,24,1990.0,1,спорт,0,0.15573266234958202,0,0,0
3015,31,30-45,1,2,10,2019.0,1,путешествия,0,0.5189318820337154,1,0,0
3016,54,45+,1,1,24,1989.0,1,шахматы,0,0.14486015080079234,0,0,0
3017,38,30-45,1,3,7,2008.0,1,спорт,0,0.47743043986231254,0,0,0
3018,35,30-45,1,2,3,2008.0,0,путешествия,0,0.588655075609508,1,1,0
3019,22,<30,1,2,3,2022.0,0,видеоигры,1,0.8567736589799023,1,1,1
3020,20,<30,1,3,1,2015.0,0,спорт,0,0.731546980230165,1,0,1
3021,40,30-45,0,2,9,2009.0,0,чтение,0,0.5169445081377247,1,1,1
3022,43,30-45,1,4,14,2000.0,0,спорт,0,0.6097492634107196,1,0,0
3023,54,45+,0,2,29,1987.0,0,чтение,0,0.23196440445138045,0,0,0
3024,41,30-45,1,3,9,1997.0,1,фотография,0,0.3499486748935075,0,0,1
3025,36,30-45,1,2,8,1998.0,1,чтение,0,0.2976204371570293,0,0,0
3026,42,30-45,1,4,21,1995.0,0,спорт,0,0.5316970292104963,1,1,1
3027,38,30-45,0,2,10,2000.0,0,фотография,0,0.41175576965366584,0,1,0
3028,29,<30,0,3,7,2020.0,1,спорт,0,0.5497802091616878,1,1,1
3029,58,45+,1,1,32,1984.0,0,спорт,0,0.19580380713178047,0,1,1
3030,50,45+,1,3,18,2003.0,0,рыбалка,0,0.5581298112211859,1,0,1
3031,21,<30,0,2,0,2011.0,0,чтение,0,0.5685202213179115,1,1,1
3032,59,45+,1,2,32,1993.0,1,рыбалка,0,0.19811602116060376,0,0,0
3033,24,<30,0,3,5,2016.0,0,блогинг,1,0.8217000603207357,1,0,1
3034,39,30-45,1,4,10,2000.0,0,чтение,0,0.6220032744028062,1,0,0
3035,50,45+,1,2,18,2005.0,1,шахматы,0,0.33893314628363763,0,0,0
3036,34,30-45,1,3,5,2016.0,1,спорт,0,0.5747840060495588,1,1,0
3037,41,30-45,1,1,14,1996.0,0,спорт,0,0.3473133774565411,0,0,0
3038,51,45+,1,3,24,1989.0,1,чтение,0,0.2351679720517399,0,0,1
3039,45,30-45,1,3,18,2005.0,0,путешествия,0,0.5805506860102958,1,0,0
3040,60,45+,0,2,26,1992.0,1,спорт,0,0.1645480670102488,0,1,0
3041,58,45+,0,3,35,1989.0,1,путешествия,0,0.1707329194600985,0,0,1
3042,56,45+,0,3,18,1989.0,1,путешествия,0,0.20419387458714017,0,0,0
3043,39,30-45,1,2,16,1997.0,0,путешествия,0,0.42238975483370667,0,0,1
3044,34,30-45,0,3,11,2014.0,1,чтение,0,0.46844306783076917,0,0,0
3045,51,45+,0,1,30,1993.0,1,шахматы,0,0.12687104969344165,0,1,0
3046,23,<30,0,3,3,2014.0,0,программирование,1,0.8118918347237712,1,0,1
3047,63,45+,0,3,39,1983.0,1,путешествия,0,0.12936102704030844,0,1,0
3048,23,<30,0,1,4,2024.0,0,блогинг,1,0.7876059411541569,1,1,1
3049,51,45+,1,3,21,1988.0,1,рыбалка,0,0.233933047107946,0,0,0
3050,18,<30,1,3,0,2020.0,0,спорт,0,0.7762739829509724,1,1,0
3051,27,<30,1,3,7,2018.0,0,фотография,0,0.7430671873227297,1,1,1
3052,38,30-45,1,2,12,2009.0,1,чтение,0,0.39952805228790106,0,0,0
3053,22,<30,0,2,4,2015.0,0,программирование,1,0.7680012017821928,1,1,1
3054,19,<30,1,3,2,2017.0,0,спорт,0,0.7466820711123169,1,1,0
3055,39,30-45,0,2,15,2005.0,1,чтение,0,0.2915572929371431,0,0,0
3056,65,45+,0,2,22,1994.0,1,путешествия,0,0.1851995036708592,0,0,1
3057,19,<30,1,3,0,2009.0,0,спорт,0,0.6772273638753864,1,0,1
3058,27,<30,0,1,7,2016.0,0,программирование,1,0.7121537844494871,1,1,1
3059,51,45+,1,3,23,1981.0,1,путешествия,0,0.17766591720369906,0,0,0
3060,33,30-45,0,3,10,2016.0,0,фотография,0,0.6621813227039027,1,0,1
3061,65,45+,1,3,23,1980.0,1,спорт,0,0.1710829845857178,0,0,0
3062,56,45+,0,2,34,1994.0,0,шахматы,0,0.28051722161076437,0,0,0
3063,39,30-45,0,2,6,2006.0,0,путешествия,0,0.4923672397382563,0,0,0
3064,29,<30,1,2,9,2018.0,0,программирование,1,0.8217321711950346,1,1,0
3065,41,30-45,0,3,12,2000.0,1,путешествия,0,0.3144149275454059,0,1,1
3066,64,45+,0,1,32,1983.0,0,спорт,0,0.15224621133109836,0,1,0
3067,57,45+,0,4,17,1989.0,1,садоводство,0,0.2593662048884605,0,1,0
3068,55,45+,1,3,13,1980.0,1,спорт,0,0.19023749817359956,0,0,0
3069,27,<30,1,3,4,2016.0,0,путешествия,0,0.7328956514795203,1,1,1
3070,52,45+,0,2,15,1989.0,0,садоводство,0,0.284044294373272,0,0,0
3071,49,45+,1,2,18,2000.0,1,шахматы,0,0.28972920626548015,0,1,0
3072,24,<30,1,4,3,2009.0,0,скейтборд,1,0.8569768187806762,1,0,1
3073,38,30-45,1,1,16,2006.0,1,чтение,0,0.29018373032654016,0,1,1
3074,37,30-45,1,1,16,1997.0,0,чтение,0,0.35182180115955136,0,0,0
3075,43,30-45,0,2,21,1999.0,0,фотография,0,0.36704954737235357,0,1,0
3076,21,<30,1,4,3,2018.0,0,программирование,1,0.900426244045266,1,0,1
3077,63,45+,0,3,33,1989.0,1,путешествия,0,0.1744313606257792,0,0,0
3078,39,30-45,0,3,10,2006.0,1,путешествия,0,0.382421838056417,0,1,0
3079,32,30-45,1,3,5,2012.0,0,спорт,0,0.692853891398434,1,1,1
3080,57,45+,1,2,24,1993.0,1,шахматы,0,0.2150907245457378,0,0,0
3081,38,30-45,0,3,17,2005.0,1,чтение,0,0.35076839131214976,0,0,0
3082,32,30-45,0,2,12,2018.0,0,фотография,0,0.608382545993637,1,0,1
3083,39,30-45,1,3,15,1998.0,0,фотография,0,0.5109430069657781,1,1,1
3084,45,30-45,0,2,20,2001.0,0,путешествия,0,0.39162518439287974,0,1,1
3085,31,30-45,0,2,12,2019.0,1,спорт,0,0.4479965865715276,0,0,1
3086,44,30-45,0,3,20,2002.0,0,путешествия,0,0.4758472028495407,0,0,1
3087,58,45+,0,2,19,1980.0,1,чтение,0,0.11077279835034998,0,0,0
3088,57,45+,1,3,22,1991.0,1,чтение,0,0.2569281078322489,0,1,0
3089,45,30-45,0,2,17,2000.0,1,путешествия,0,0.24188349937287212,0,0,0
3090,43,30-45,1,2,16,2000.0,1,спорт,0,0.2950881028682019,0,0,0
3091,19,<30,0,2,1,2022.0,0,спорт,0,0.6826312229601992,1,0,0
3092,42,30-45,1,3,14,2009.0,1,фотография,0,0.4662357992814775,0,0,0
3093,20,<30,1,1,3,2013.0,0,блогинг,1,0.7463259213333572,1,0,1
3094,25,<30,1,3,3,2013.0,0,путешествия,0,0.7078832860001955,1,0,1
3095,61,45+,1,2,24,1981.0,1,рыбалка,0,0.13666593559157794,0,0,0
3096,50,45+,1,2,23,1999.0,1,спорт,0,0.2675319191778627,0,1,0
3097,59,45+,0,2,24,1980.0,1,путешествия,0,0.10455352260649538,0,0,0
3098,52,45+,1,4,19,1980.0,1,вязание,0,0.226514166111886,0,0,0
3099,23,<30,1,3,3,2021.0,0,чтение,0,0.7774663054199945,1,0,0
3100,56,45+,0,2,23,1981.0,1,фотография,0,0.11017611057271075,0,0,0
3101,40,30-45,0,3,10,2003.0,1,чтение,0,0.35058475573981296,0,0,0
3102,42,30-45,1,3,10,2000.0,1,фотография,0,0.37871012499878365,0,1,1
3103,60,45+,1,2,30,1989.0,1,шахматы,0,0.17434680511361306,0,0,1
3104,36,30-45,0,3,10,2002.0,1,спорт,0,0.34024573353097104,0,1,1
3105,22,<30,0,1,3,2018.0,1,спорт,0,0.39269095243592816,0,0,1
3106,28,<30,1,3,5,2019.0,0,блогинг,1,0.8725536208198912,1,1,1
3107,29,<30,1,3,8,2014.0,1,блогинг,1,0.7233646653677879,1,1,0
3108,27,<30,1,2,9,2015.0,0,спорт,0,0.6458422000531707,1,0,1
3109,25,<30,1,2,6,2010.0,0,блогинг,1,0.7687279733916906,1,0,0
3110,41,30-45,1,4,18,1994.0,1,фотография,0,0.36009852428323463,0,0,1
3111,45,30-45,1,3,13,1995.0,1,фотография,0,0.31809825684251153,0,1,1
3112,58,45+,1,3,20,1982.0,1,рыбалка,0,0.1903617638719846,0,0,0
3113,53,45+,1,1,20,1980.0,1,путешествия,0,0.10571665134782232,0,0,0
3114,54,45+,1,2,14,1980.0,1,фотография,0,0.14685446524357884,0,0,0
3115,38,30-45,0,2,13,2005.0,0,спорт,0,0.45836775569294214,0,0,1
3116,25,<30,0,1,4,2020.0,0,блогинг,1,0.7554024753321039,1,1,0
3117,26,<30,1,3,3,2015.0,0,блогинг,1,0.8540481897524863,1,1,1
3118,64,45+,0,3,29,1992.0,1,спорт,0,0.2033395744686224,0,0,0
3119,32,30-45,0,3,10,2009.0,1,спорт,0,0.4153011862190052,0,0,1
3120,65,45+,0,2,37,1991.0,0,фотография,0,0.2463941411370912,0,1,1
3121,63,45+,1,3,31,1978.0,1,вязание,0,0.14516552667568414,0,1,0
3122,57,45+,0,4,23,1992.0,1,спорт,0,0.27095573369330056,0,0,0
3123,35,30-45,0,3,12,2012.0,0,спорт,0,0.6140127643913396,1,1,1
3124,59,45+,0,3,30,1992.0,1,чтение,0,0.20124976995939237,0,0,0
3125,37,30-45,1,4,10,1995.0,0,фотография,0,0.5669486290852702,1,0,1
3126,23,<30,0,3,2,2010.0,0,скейтборд,1,0.7845501536299154,1,0,1
3127,29,<30,0,1,3,2013.0,1,чтение,0,0.33969305494401597,0,1,0
3128,19,<30,0,2,0,2022.0,1,путешествия,0,0.5209437879371418,1,0,1
3129,24,<30,1,4,4,2020.0,0,блогинг,1,0.9072472996436131,1,1,1
3130,33,30-45,0,2,9,2014.0,0,фотография,0,0.5735748241301833,1,1,0
3131,20,<30,0,1,1,2018.0,0,чтение,0,0.5707476875848367,1,1,1
3132,62,45+,1,2,32,1987.0,0,садоводство,0,0.27339376418709627,0,0,0
3133,20,<30,1,3,1,2012.0,0,спорт,0,0.7037661654468702,1,1,0
3134,44,30-45,1,4,7,2001.0,0,фотография,0,0.6416747363185991,1,0,0
3135,60,45+,1,2,17,1986.0,1,вязание,0,0.17887880877132697,0,0,0
3136,57,45+,1,3,26,1986.0,0,вязание,0,0.3435691597187088,0,1,0
3137,55,45+,0,3,23,1985.0,1,фотография,0,0.1668726621025309,0,0,0
3138,50,45+,1,2,19,1993.0,1,спорт,0,0.22622406032245138,0,0,0
3139,45,30-45,0,1,13,2007.0,1,путешествия,0,0.25568027308200925,0,0,0
3140,18,<30,1,4,0,2017.0,0,фотография,0,0.8029705582697458,1,0,0
3141,25,<30,0,2,2,2019.0,1,фотография,0,0.4801941156895564,0,0,1
3142,54,45+,0,3,16,1984.0,1,спорт,0,0.17321194041893562,0,0,0
3143,49,45+,1,3,24,1994.0,0,рыбалка,0,0.43642295074243453,0,0,0
3144,65,45+,0,1,34,1981.0,1,спорт,0,0.0738180483165802,0,1,0
3145,60,45+,1,4,27,1989.0,1,путешествия,0,0.2849299238716769,0,0,1
3146,54,45+,0,2,23,1987.0,0,рыбалка,0,0.24609476586455784,0,1,0
3147,21,<30,0,2,0,2017.0,0,спорт,0,0.6341804180897079,1,0,0
3148,47,45+,1,1,24,2003.0,1,путешествия,0,0.24318741212564968,0,0,0
3149,23,<30,1,2,2,2012.0,0,путешествия,0,0.6351272376482914,1,0,0
3150,63,45+,1,3,30,1982.0,1,рыбалка,0,0.17119738354154693,0,1,0
3151,36,30-45,0,3,11,2008.0,1,спорт,0,0.4011267004625339,0,0,1
3152,49,45+,1,4,19,2000.0,1,спорт,0,0.4222582380225814,0,1,0
3153,26,<30,1,2,4,2015.0,0,видеоигры,1,0.8108727014181795,1,1,1
3154,29,<30,1,3,7,2020.0,0,блогинг,1,0.8747424151353294,1,0,1
3155,28,<30,0,3,5,2016.0,0,блогинг,1,0.8217000603207357,1,0,1
3156,63,45+,1,3,29,1984.0,1,рыбалка,0,0.1865241538405035,0,1,0
3157,33,30-45,1,3,9,2011.0,1,спорт,0,0.5052368434887934,1,0,0
3158,18,<30,1,2,0,2022.0,0,фотография,0,0.7383619998431913,1,0,1
3159,62,45+,1,2,33,1988.0,1,чтение,0,0.16250466907785172,0,0,0
3160,38,30-45,1,2,15,1998.0,1,путешествия,0,0.2790241116818015,0,0,0
3161,47,45+,0,3,13,2004.0,1,фотография,0,0.3521524046257064,0,1,0
3162,30,<30,0,4,5,2021.0,0,спорт,0,0.7797996858436114,1,0,1
3163,51,45+,1,2,22,1985.0,0,вязание,0,0.28101610519903714,0,1,1
3164,21,<30,0,1,5,2016.0,0,программирование,1,0.717433884219618,1,0,0
3165,45,30-45,0,1,17,2010.0,1,путешествия,0,0.27226603264705157,0,0,1
3166,55,45+,0,3,22,1989.0,1,садоводство,0,0.19590507007918453,0,0,0
3167,48,45+,0,2,13,1999.0,0,чтение,0,0.3914330554229071,0,1,0
3168,44,30-45,1,2,11,2004.0,1,спорт,0,0.3490701282602857,0,0,0
3169,22,<30,1,2,3,2014.0,0,программирование,1,0.8057944599081142,1,1,0
3170,42,30-45,0,3,14,1994.0,1,путешествия,0,0.2535369096995308,0,1,0
3171,20,<30,0,3,0,2016.0,1,программирование,1,0.7104650105851765,1,0,0
3172,50,45+,1,3,24,2001.0,1,садоводство,0,0.34737399461259605,0,0,0
3173,21,<30,1,2,2,2014.0,0,спорт,0,0.6560488589828388,1,0,0
3174,42,30-45,1,2,14,2004.0,0,путешествия,0,0.5082583373748705,1,1,0
3175,37,30-45,1,1,14,2004.0,1,фотография,0,0.2768681521640533,0,0,1
3176,51,45+,0,1,24,1983.0,1,шахматы,0,0.0904210381486611,0,0,0
3177,43,30-45,1,2,15,1999.0,1,фотография,0,0.288315773098028,0,0,0
3178,22,<30,1,2,2,2020.0,0,спорт,0,0.7150650551397079,1,0,0
3179,52,45+,1,3,19,1989.0,1,рыбалка,0,0.24701348243462753,0,0,1
3180,45,30-45,1,1,9,2009.0,1,чтение,0,0.33924717181596764,0,0,0
3181,46,45+,0,1,18,2008.0,1,путешествия,0,0.2520770335266202,0,0,0
3182,26,<30,1,3,8,2012.0,0,фотография,0,0.6845247354777602,1,0,1
3183,55,45+,1,3,14,1980.0,1,садоводство,0,0.1882505300728542,0,1,0
3184,23,<30,0,3,3,2012.0,0,видеоигры,1,0.7975240672672966,1,0,1
3185,36,30-45,0,3,16,1997.0,1,спорт,0,0.27516981403506313,0,1,1
3186,61,45+,0,2,25,1988.0,1,путешествия,0,0.1424928473648986,0,0,0
3187,28,<30,0,3,6,2020.0,0,фотография,0,0.7125394317458663,1,0,1
3188,19,<30,0,3,0,2019.0,0,программирование,1,0.8493930465412998,1,0,1
3189,64,45+,0,2,25,1991.0,1,фотография,0,0.1600912588315021,0,1,0
3190,61,45+,1,2,22,1990.0,1,шахматы,0,0.19689798512620088,0,0,1
3191,61,45+,0,2,30,1988.0,1,садоводство,0,0.1347625638956661,0,1,1
3192,26,<30,0,2,3,2011.0,0,фотография,0,0.5589656242695126,1,1,0
3193,38,30-45,1,2,20,2003.0,1,путешествия,0,0.31315469060946993,0,0,1
3194,41,30-45,1,2,11,2003.0,1,путешествия,0,0.338752473811784,0,0,0
3195,51,45+,1,1,22,1985.0,0,вязание,0,0.22487197220040842,0,0,0
3196,39,30-45,0,1,15,2006.0,1,фотография,0,0.24228856811821228,0,1,1
3197,20,<30,1,1,0,2018.0,0,спорт,0,0.6356386976030833,1,0,1
3198,29,<30,0,1,3,2023.0,0,блогинг,1,0.7820708684718141,1,0,1
3199,45,30-45,1,2,19,1996.0,0,фотография,0,0.4019007780178374,0,1,1
3200,47,45+,0,3,22,1996.0,1,путешествия,0,0.2512454929306636,0,0,0
3201,43,30-45,1,1,24,1999.0,0,спорт,0,0.3490574778565595,0,0,0
3202,65,45+,0,3,33,1994.0,1,рыбалка,0,0.2098394219515123,0,0,0
3203,38,30-45,1,3,11,1999.0,0,чтение,0,0.5352688201423726,1,1,0
3204,45,30-45,1,3,21,1996.0,0,спорт,0,0.46869546542892093,0,0,0
3205,43,30-45,0,3,18,2007.0,1,спорт,0,0.3688497107650825,0,0,0
3206,50,45+,0,2,13,2009.0,1,путешествия,0,0.33648141440317275,0,0,0
3207,38,30-45,1,1,5,2002.0,0,спорт,0,0.440301283382496,0,1,1
3208,52,45+,1,4,18,1990.0,1,садоводство,0,0.3191122506747728,0,0,0
3209,51,45+,1,1,25,1991.0,1,фотография,0,0.1548591130440448,0,0,0
3210,58,45+,0,4,24,1984.0,1,шахматы,0,0.20285173834036616,0,1,0
3211,64,45+,0,3,25,1993.0,1,чтение,0,0.2195963459435358,0,0,0
3212,35,30-45,1,2,7,2016.0,0,путешествия,0,0.6620499366861994,1,1,1
3213,28,<30,1,2,2,2018.0,0,путешествия,0,0.6960701738007333,1,0,1
3214,40,30-45,1,3,14,2009.0,1,спорт,0,0.4662357992814775,0,0,1
3215,65,45+,1,1,23,1983.0,1,вязание,0,0.1153804389450858,0,0,0
3216,39,30-45,1,2,12,2006.0,1,чтение,0,0.36711340722520047,0,1,1
3217,34,30-45,1,3,11,2012.0,0,фотография,0,0.6760753092728896,1,0,1
3218,22,<30,0,3,5,2016.0,0,скейтборд,1,0.8217000603207357,1,1,1
3219,61,45+,0,2,18,1988.0,1,чтение,0,0.1539324682524636,0,1,0
3220,28,<30,1,2,5,2018.0,0,программирование,1,0.8291944457303648,1,1,1
3221,47,45+,0,3,17,2001.0,1,шахматы,0,0.3103290614590981,0,0,1
3222,32,30-45,0,3,7,2020.0,0,спорт,0,0.7098795643911434,1,0,0
3223,44,30-45,0,3,17,2000.0,1,чтение,0,0.30062764513689616,0,0,1
3224,52,45+,0,4,17,1982.0,1,чтение,0,0.20272136081152292,0,1,0
3225,50,45+,1,2,18,1999.0,1,вязание,0,0.28040994120156754,0,0,1
3226,37,30-45,1,2,13,2002.0,1,путешествия,0,0.32289726915041567,0,1,0
3227,33,30-45,0,3,9,2011.0,0,путешествия,0,0.612381299313684,1,0,0
3228,51,45+,0,3,19,1989.0,1,путешествия,0,0.20209751740052415,0,0,0
3229,19,<30,1,2,0,2010.0,0,чтение,0,0.6198044696885903,1,0,1
3230,52,45+,0,1,24,1984.0,1,путешествия,0,0.09425317148933895,0,0,0
3231,57,45+,1,3,23,1990.0,1,фотография,0,0.24588584962853352,0,1,0
3232,45,30-45,1,2,13,1994.0,1,чтение,0,0.2485567011032686,0,1,1
3233,64,45+,0,4,22,1979.0,1,чтение,0,0.1720294230652276,0,0,0
3234,56,45+,1,1,27,1989.0,1,шахматы,0,0.14011353517821035,0,1,0
3235,23,<30,1,2,3,2016.0,0,спорт,0,0.6735409519544575,1,1,1
3236,26,<30,0,1,4,2021.0,1,путешествия,0,0.42268111426445365,0,0,1
3237,37,30-45,1,3,14,2006.0,0,чтение,0,0.6040969539668555,1,0,1
3238,18,<30,0,3,0,2021.0,0,блогинг,1,0.8607229475029395,1,1,1
3239,25,<30,0,3,6,2014.0,0,спорт,0,0.6532537891335233,1,0,1
3240,40,30-45,1,4,13,2001.0,0,спорт,0,0.6236191321665392,1,0,1
3241,20,<30,1,1,2,2014.0,1,блогинг,1,0.6089201684834845,1,1,1
3242,21,<30,1,1,2,2020.0,0,чтение,0,0.6506829692126651,1,0,1
3243,42,30-45,0,3,15,2004.0,1,чтение,0,0.3462662552137687,0,1,1
3244,64,45+,0,3,32,1986.0,1,вязание,0,0.15725718735560695,0,0,1
3245,55,45+,1,3,19,1991.0,1,путешествия,0,0.2644151661100553,0,0,1
3246,32,30-45,0,3,7,2022.0,1,фотография,0,0.5723000908768437,1,1,1
3247,38,30-45,1,2,11,2011.0,0,фотография,0,0.596762601579678,1,0,0
3248,52,45+,1,2,23,1983.0,1,чтение,0,0.14945870426273347,0,1,0
3249,63,45+,1,4,37,1980.0,1,чтение,0,0.18828288544583227,0,0,1
3250,31,30-45,1,2,8,2017.0,0,фотография,0,0.6693445337860302,1,1,1
3251,53,45+,0,2,24,1987.0,1,шахматы,0,0.13853435250693621,0,1,0
3252,29,<30,0,3,9,2015.0,1,спорт,0,0.48631204201836237,0,0,0
3253,34,30-45,0,2,9,2019.0,0,спорт,0,0.628339300817875,1,1,0
3254,56,45+,1,3,21,1984.0,0,садоводство,0,0.33757131733521106,0,1,1
3255,26,<30,1,1,6,2014.0,0,программирование,1,0.7476259595685959,1,1,1
3256,52,45+,1,3,21,1988.0,1,спорт,0,0.233933047107946,0,0,0
3257,30,<30,1,3,5,2012.0,0,фотография,0,0.692853891398434,1,1,1
3258,32,30-45,1,3,11,2012.0,1,путешествия,0,0.5101928167725387,1,0,1
3259,35,30-45,0,2,14,2011.0,0,фотография,0,0.5236102254313277,1,1,0
3260,50,45+,0,2,22,2007.0,1,спорт,0,0.29172389893272965,0,0,0
3261,23,<30,0,2,1,2016.0,0,фотография,0,0.6204628767064233,1,0,1
3262,44,30-45,1,2,18,2004.0,1,чтение,0,0.3287637854959833,0,0,1
3263,40,30-45,0,3,10,2005.0,1,фотография,0,0.3716812782488908,0,0,0
3264,44,30-45,1,2,20,2000.0,0,фотография,0,0.44334835953655727,0,0,1
3265,51,45+,1,1,29,1993.0,0,вязание,0,0.276415226739714,0,0,1
3266,63,45+,1,1,31,1986.0,1,спорт,0,0.11885297861395425,0,1,1
3267,55,45+,1,3,26,1990.0,1,спорт,0,0.23875316445748793,0,0,0
3268,31,30-45,0,1,4,2014.0,0,фотография,0,0.5157780788708439,1,0,1
3269,53,45+,0,3,18,1992.0,1,фотография,0,0.22739186104365558,0,1,0
3270,25,<30,1,3,5,2013.0,1,программирование,1,0.7219861252086317,1,0,1
3271,52,45+,0,3,18,1991.0,1,чтение,0,0.21945816912948418,0,0,0
3272,36,30-45,0,3,14,1998.0,0,спорт,0,0.44969520524123335,0,1,0
3273,47,45+,1,1,25,1999.0,0,чтение,0,0.34612072585443476,0,0,0
3274,31,30-45,0,3,4,2013.0,0,фотография,0,0.6487487656220206,1,0,1
3275,37,30-45,1,3,6,2004.0,0,фотография,0,0.6069976303814063,1,0,1
3276,42,30-45,1,3,17,2003.0,0,чтение,0,0.5613211940066404,1,0,0
3277,57,45+,0,3,15,1994.0,1,спорт,0,0.25109380899678513,0,0,1
3278,41,30-45,0,1,19,2002.0,0,фотография,0,0.3362889572640206,0,0,0
3279,31,30-45,0,2,10,2016.0,1,спорт,0,0.4206620058109386,0,1,1
3280,43,30-45,1,3,10,1995.0,0,фотография,0,0.49283607260040424,0,1,1
3281,55,45+,0,3,14,1983.0,0,путешествия,0,0.29155480100514225,0,0,0
3282,40,30-45,1,2,7,2007.0,0,путешествия,0,0.5648519561481703,1,0,0
3283,39,30-45,0,2,9,2002.0,1,путешествия,0,0.2794243146228648,0,0,1
3284,65,45+,0,2,32,1991.0,1,рыбалка,0,0.14827415385547382,0,0,1
3285,36,30-45,0,3,13,2005.0,0,спорт,0,0.5327417233507219,1,1,0
3286,63,45+,0,4,23,1989.0,1,путешествия,0,0.24472117573307597,0,0,1
3287,20,<30,0,3,1,2016.0,0,скейтборд,1,0.8291633995662399,1,0,1
3288,59,45+,1,2,29,1988.0,1,вязание,0,0.16967849891711995,0,0,0
3289,36,30-45,1,1,9,2001.0,0,фотография,0,0.4164240912555833,0,1,1
3290,26,<30,0,1,7,2012.0,0,путешествия,0,0.48321211308632533,0,1,1
3291,45,30-45,0,2,15,1995.0,1,спорт,0,0.20666808612354132,0,0,1
3292,37,30-45,1,3,7,1996.0,0,спорт,0,0.5139770844995345,1,0,0
3293,62,45+,1,2,25,1983.0,1,рыбалка,0,0.14619598938171363,0,0,0
3294,24,<30,0,3,6,2023.0,0,программирование,1,0.8623639330190264,1,1,0
3295,31,30-45,1,3,13,2020.0,0,путешествия,0,0.7456848246321931,1,1,1
3296,26,<30,0,4,2,2020.0,1,фотография,0,0.6370549572984812,1,0,1
3297,36,30-45,1,2,9,2006.0,0,фотография,0,0.5471710875403599,1,1,0
3298,64,45+,0,1,22,1993.0,1,рыбалка,0,0.13879803490726428,0,0,0
3299,31,30-45,0,2,12,2016.0,0,фотография,0,0.5863894664554261,1,0,0
3300,55,45+,1,3,26,1987.0,0,чтение,0,0.3539549906796241,0,0,1
3301,53,45+,0,4,22,1986.0,0,рыбалка,0,0.3644296845925167,0,0,0
3302,57,45+,1,1,31,1994.0,0,чтение,0,0.28039870720209314,0,1,0
3303,34,30-45,0,1,3,2017.0,0,спорт,0,0.5531168497024059,1,0,1
3304,47,45+,1,3,14,1997.0,1,путешествия,0,0.33536542435547795,0,0,0
3305,26,<30,1,3,7,2019.0,1,программирование,1,0.7690244960740935,1,0,1
3306,50,45+,0,4,15,2005.0,1,фотография,0,0.4275895309149553,0,0,0
3307,42,30-45,1,2,20,1999.0,0,спорт,0,0.43209386752973555,0,0,0
3308,31,30-45,1,2,9,2010.0,1,чтение,0,0.41998100575659364,0,0,1
3309,28,<30,1,1,6,2011.0,0,программирование,1,0.7208741933294356,1,0,1
3310,52,45+,1,1,16,1984.0,1,спорт,0,0.13004727592332108,0,0,0
3311,58,45+,1,3,27,1986.0,1,шахматы,0,0.2049896280947267,0,0,1
3312,31,30-45,0,2,7,2018.0,0,путешествия,0,0.6236970444669075,1,1,0
3313,47,45+,0,1,19,2006.0,0,рыбалка,0,0.3782557907598698,0,0,0
3314,58,45+,1,3,23,1990.0,1,садоводство,0,0.24588584962853352,0,1,1
3315,21,<30,1,1,0,2015.0,0,фотография,0,0.6033147431771645,1,0,1
3316,21,<30,0,3,1,2022.0,0,фотография,0,0.7434466462010239,1,1,1
3317,45,30-45,1,2,11,2006.0,0,чтение,0,0.5407460486124915,1,0,0
3318,25,<30,1,3,1,2008.0,0,фотография,0,0.6642694667528921,1,0,1
3319,19,<30,0,1,0,2011.0,0,видеоигры,1,0.6830605041505058,1,1,0
3320,58,45+,0,3,22,1991.0,0,фотография,0,0.3485062522651194,0,0,1
3321,63,45+,1,1,31,1984.0,1,спорт,0,0.10960362976951799,0,0,0
3322,39,30-45,0,2,9,1994.0,1,путешествия,0,0.21195938308557,0,0,0
3323,58,45+,1,3,32,1993.0,1,путешествия,0,0.24973219368050786,0,1,0
3324,33,30-45,1,1,5,2012.0,0,фотография,0,0.5541259678498095,1,0,1
3325,46,45+,0,2,19,2009.0,1,чтение,0,0.31935965807621186,0,0,0
3326,65,45+,0,3,36,1989.0,1,рыбалка,0,0.1689071768394436,0,1,1
3327,47,45+,0,3,16,2011.0,0,чтение,0,0.5906566218819326,1,0,0
3328,29,<30,0,1,5,2017.0,1,спорт,0,0.375745731828401,0,0,0
3329,52,45+,1,1,19,1994.0,1,фотография,0,0.18511089871407327,0,0,0
3330,28,<30,0,1,1,2023.0,0,чтение,0,0.6256382688022984,1,0,1
3331,63,45+,1,1,21,1991.0,1,садоводство,0,0.1617606174907168,0,0,0
3332,38,30-45,0,4,8,2007.0,0,путешествия,0,0.6423171260249392,1,1,1
3333,38,30-45,0,3,11,1996.0,0,чтение,0,0.43671370354808603,0,0,1
3334,22,<30,0,2,2,2011.0,0,путешествия,0,0.5621557060724429,1,0,1
3335,65,45+,0,4,26,1988.0,1,рыбалка,0,0.22942725437475195,0,0,0
3336,37,30-45,0,3,11,2006.0,1,фотография,0,0.3793679745523566,0,0,0
3337,54,45+,0,3,23,1996.0,1,путешествия,0,0.24881711251984776,0,0,0
3338,20,<30,1,2,3,2010.0,0,фотография,0,0.6106076832818216,1,0,0
3339,61,45+,1,2,28,1989.0,1,садоводство,0,0.17810671715302068,0,0,1
3340,50,45+,0,3,21,2003.0,0,вязание,0,0.48402860982559043,0,0,0
3341,26,<30,0,1,7,2018.0,1,спорт,0,0.3804081214778857,0,0,0
3342,26,<30,0,2,5,2022.0,0,чтение,0,0.671304027504199,1,0,0
3343,21,<30,0,1,2,2013.0,0,чтение,0,0.5108244336189782,1,0,1
3344,52,45+,0,1,19,1987.0,1,рыбалка,0,0.11296212870367783,0,0,0
3345,34,30-45,0,3,4,2012.0,0,спорт,0,0.6382586833991802,1,0,1
3346,51,45+,0,3,14,1988.0,1,чтение,0,0.20518233023929444,0,1,0
3347,41,30-45,0,2,6,2011.0,0,фотография,0,0.5493671553969988,1,0,1
3348,49,45+,0,2,25,2001.0,1,спорт,0,0.2314299895567874,0,0,0
3349,18,<30,0,3,0,2016.0,0,спорт,0,0.6905162095386344,1,0,1
3350,25,<30,1,1,3,2021.0,0,путешествия,0,0.6580962117187401,1,0,1
3351,62,45+,0,3,30,1991.0,1,чтение,0,0.1939991502857654,0,0,0
3352,40,30-45,0,3,12,2004.0,0,путешествия,0,0.524574044451511,1,0,1
3353,64,45+,1,1,24,1983.0,1,садоводство,0,0.11406519380258023,0,0,0
3354,57,45+,1,3,19,1982.0,1,путешествия,0,0.19236573509977808,0,0,0
3355,29,<30,1,3,5,2011.0,0,фотография,0,0.6830374554302361,1,0,1
3356,29,<30,1,1,8,2015.0,1,чтение,0,0.40629006424667163,0,1,0
3357,63,45+,0,1,27,1986.0,1,спорт,0,0.09884115806538163,0,0,0
3358,64,45+,1,4,25,1982.0,1,путешествия,0,0.22893350281152525,0,1,0
3359,32,30-45,1,1,6,2011.0,0,чтение,0,0.5395859043368793,1,0,1
3360,58,45+,0,3,23,1985.0,1,фотография,0,0.1668726621025309,0,1,0
3361,36,30-45,1,3,9,2006.0,0,чтение,0,0.6194742202171655,1,1,0
3362,43,30-45,1,2,15,2004.0,1,путешествия,0,0.33739369742290765,0,0,0
3363,46,45+,0,1,13,2003.0,1,фотография,0,0.22244734536912278,0,1,0
3364,39,30-45,0,2,10,2005.0,0,спорт,0,0.46802759697940266,0,1,0
3365,57,45+,0,2,20,1996.0,1,шахматы,0,0.20356665674064015,0,0,0
3366,38,30-45,0,3,11,1999.0,0,чтение,0,0.4707031749378554,0,1,0
3367,55,45+,0,4,32,1993.0,1,спорт,0,0.2571942880102675,0,0,0
3368,37,30-45,1,3,9,1999.0,0,чтение,0,0.5417055430126476,1,0,0
3369,46,45+,1,2,16,2004.0,1,садоводство,0,0.3345046494955111,0,1,0
3370,21,<30,0,3,3,2013.0,0,блогинг,1,0.8048080676907471,1,0,1
3371,24,<30,1,3,4,2014.0,0,программирование,1,0.8465807555307712,1,1,1
3372,45,30-45,0,4,16,2009.0,1,чтение,0,0.4696062659868468,0,0,1
3373,45,30-45,0,2,19,1998.0,1,путешествия,0,0.22101855296190473,0,0,0
3374,21,<30,1,3,0,2024.0,0,путешествия,0,0.8064336617230531,1,0,1
3375,39,30-45,1,3,7,2003.0,0,путешествия,0,0.5929150838182805,1,0,0
3376,29,<30,1,2,7,2013.0,0,программирование,1,0.7900755177628603,1,0,1
3377,62,45+,1,4,30,1989.0,1,путешествия,0,0.27708078799952507,0,1,0
3378,20,<30,1,1,2,2021.0,0,видеоигры,1,0.8112110372015401,1,0,1
3379,39,30-45,1,1,15,2007.0,0,чтение,0,0.46485915080156204,0,0,1
3380,61,45+,0,3,34,1982.0,1,фотография,0,0.13151859412138933,0,0,0
3381,19,<30,1,1,0,2010.0,1,программирование,1,0.5709573526892424,1,1,1
3382,41,30-45,1,3,17,1998.0,1,путешествия,0,0.3369003241224002,0,0,1
3383,51,45+,1,3,25,1990.0,0,рыбалка,0,0.3889897923165247,0,0,1
3384,44,30-45,0,1,12,1993.0,1,спорт,0,0.1550138783071971,0,0,0
3385,58,45+,1,2,17,1983.0,1,рыбалка,0,0.1596075931485747,0,1,0
3386,18,<30,1,3,0,2023.0,0,фотография,0,0.7991951881025418,1,0,1
3387,25,<30,0,3,1,2019.0,0,видеоигры,1,0.8477288714274908,1,0,1
3388,40,30-45,1,4,10,2008.0,0,спорт,0,0.7034739557858843,1,1,1
3389,55,45+,0,3,22,1985.0,1,садоводство,0,0.16868087678168558,0,0,0
3390,23,<30,0,2,4,2023.0,0,путешествия,0,0.6841195276368883,1,1,1
3391,39,30-45,1,1,10,2001.0,1,чтение,0,0.26010224390647024,0,0,0
3392,42,30-45,0,4,17,1996.0,0,фотография,0,0.4914652459355079,0,0,1
3393,35,30-45,0,3,6,2024.0,0,спорт,0,0.7485074038964267,1,0,0
3394,34,30-45,1,1,3,2019.0,0,спорт,0,0.6372302623065769,1,1,1
3395,29,<30,1,3,8,2015.0,1,фотография,0,0.5539927738899565,1,0,1
3396,23,<30,0,3,3,2008.0,0,спорт,0,0.5981701899843386,1,1,1
3397,43,30-45,1,3,14,1995.0,1,фотография,0,0.3152958122904819,0,1,0
3398,44,30-45,1,2,14,1994.0,0,путешествия,0,0.3954981506297822,0,1,1
3399,25,<30,1,3,7,2012.0,0,фотография,0,0.6873146678794442,1,0,1
3400,36,30-45,1,3,12,2000.0,0,фотография,0,0.5434126865516582,1,1,0
3401,59,45+,1,3,26,1981.0,0,рыбалка,0,0.2939915048453684,0,1,0
3402,18,<30,0,4,0,2013.0,0,фотография,0,0.723805073183344,1,0,1
3403,46,45+,0,3,19,1995.0,0,вязание,0,0.4003894748560641,0,0,0
3404,62,45+,1,3,28,1992.0,1,садоводство,0,0.25087159773600015,0,0,0
3405,52,45+,1,4,13,1985.0,0,рыбалка,0,0.44355816188747654,0,1,0
3406,57,45+,0,1,15,1990.0,1,шахматы,0,0.1333283704391625,0,0,0
3407,31,30-45,1,1,12,2016.0,0,чтение,0,0.5767927567805842,1,0,1
3408,52,45+,1,3,16,1989.0,0,вязание,0,0.40594919818431446,0,1,0
3409,65,45+,0,1,33,1989.0,1,путешествия,0,0.10426759306522805,0,1,0
3410,62,45+,0,1,31,1988.0,0,садоводство,0,0.18610908254489725,0,0,0
3411,37,30-45,0,1,13,1999.0,0,путешествия,0,0.3231435795918913,0,1,1
3412,30,<30,1,2,5,2009.0,1,путешествия,0,0.42146082743474983,0,1,0
3413,55,45+,0,2,22,1993.0,1,фотография,0,0.17839799048903937,0,1,0
3414,63,45+,0,2,34,1996.0,1,вязание,0,0.17574367966699403,0,0,0
3415,25,<30,1,4,1,2018.0,0,путешествия,0,0.8081050564879414,1,0,1
3416,60,45+,1,3,30,1995.0,1,путешествия,0,0.27236006253827844,0,0,1
3417,37,30-45,0,3,8,1996.0,0,спорт,0,0.44629321787811227,0,1,0
3418,50,45+,0,1,21,1998.0,0,фотография,0,0.29137924715996755,0,1,0
3419,43,30-45,1,3,11,1999.0,1,фотография,0,0.3650048899953128,0,1,1
3420,56,45+,1,3,24,1996.0,1,чтение,0,0.2974961235470807,0,0,0
3421,38,30-45,1,3,16,2003.0,0,путешествия,0,0.5645075121292814,1,0,0
3422,59,45+,1,2,16,1988.0,1,рыбалка,0,0.19473169573253166,0,0,0
3423,60,45+,0,2,19,1980.0,1,чтение,0,0.11077279835034998,0,0,0
3424,58,45+,0,3,24,1994.0,0,путешествия,0,0.3741804604411338,0,1,1
3425,26,<30,0,3,6,2011.0,0,блогинг,1,0.7835220323040806,1,1,0
3426,41,30-45,0,3,19,2010.0,0,путешествия,0,0.5700609667731871,1,1,1
3427,54,45+,1,3,22,1983.0,1,чтение,0,0.19343663561399915,0,1,1
3428,58,45+,0,2,11,1985.0,1,садоводство,0,0.14796886854806995,0,0,1
3429,34,30-45,0,3,12,2013.0,0,чтение,0,0.6247926231115164,1,1,1
3430,41,30-45,1,1,12,2011.0,0,фотография,0,0.5202323330333829,1,0,0
3431,38,30-45,0,3,11,2010.0,0,спорт,0,0.5952478050285182,1,1,0
3432,56,45+,0,4,22,1995.0,1,чтение,0,0.3016105807487357,0,1,0
3433,58,45+,0,3,31,1982.0,1,путешествия,0,0.136020097976493,0,0,1
3434,56,45+,1,2,16,1984.0,1,фотография,0,0.16763656747084463,0,0,1
3435,30,<30,1,2,5,2020.0,0,спорт,0,0.7070835776282061,1,0,0
3436,28,<30,0,3,10,2009.0,0,фотография,0,0.5873263753417738,1,0,1
3437,63,45+,1,3,23,1990.0,1,рыбалка,0,0.24588584962853352,0,1,1
3438,36,30-45,1,3,5,2005.0,0,фотография,0,0.6209044928892704,1,0,1
3439,28,<30,1,3,5,2015.0,0,программирование,1,0.8507899719757018,1,0,1
3440,30,<30,1,1,6,2013.0,0,путешествия,0,0.5622096557233132,1,0,0
3441,63,45+,1,3,37,1993.0,0,спорт,0,0.3846691689050515,0,0,1
3442,62,45+,1,3,32,1989.0,1,шахматы,0,0.2170469422893359,0,1,1
3443,18,<30,0,4,0,2014.0,0,видеоигры,1,0.858060179532274,1,0,1
3444,57,45+,0,2,30,1990.0,1,путешествия,0,0.14578742358595856,0,0,0
3445,61,45+,0,3,31,1993.0,1,шахматы,0,0.20657058964829905,0,0,1
3446,36,30-45,1,2,10,1998.0,1,спорт,0,0.292234617741524,0,0,0
3447,29,<30,1,3,9,2017.0,0,путешествия,0,0.7291553950369674,1,1,1
3448,25,<30,1,3,2,2020.0,0,видеоигры,1,0.8816667096179757,1,1,1
3449,25,<30,0,2,5,2021.0,0,фотография,0,0.6611357053721953,1,1,1
3450,62,45+,1,2,27,1986.0,0,путешествия,0,0.2771887819801269,0,0,0
3451,29,<30,1,3,6,2013.0,1,программирование,1,0.7193792430567794,1,1,1
3452,65,45+,1,3,36,1992.0,0,путешествия,0,0.37694029718417893,0,1,0
3453,50,45+,1,1,9,1999.0,1,чтение,0,0.24528010379986143,0,0,0
3454,62,45+,1,2,28,1988.0,1,вязание,0,0.1715108583140922,0,0,1
3455,43,30-45,1,3,20,1998.0,0,чтение,0,0.49475699634291137,0,0,0
3456,56,45+,1,4,22,1985.0,1,садоводство,0,0.26147747424930307,0,1,1
3457,45,30-45,1,1,13,2001.0,0,чтение,0,0.40389261569280727,0,0,0
3458,22,<30,0,3,5,2023.0,0,видеоигры,1,0.8638938412712145,1,1,1
3459,25,<30,0,1,4,2013.0,0,видеоигры,1,0.691582934723826,1,1,1
3460,42,30-45,1,2,13,2005.0,1,фотография,0,0.3535890020915461,0,0,0
3461,44,30-45,0,2,16,1997.0,0,фотография,0,0.36086714045236196,0,0,1
3462,63,45+,1,3,17,1983.0,1,вязание,0,0.20374006965268215,0,0,0
3463,40,30-45,0,1,12,1998.0,1,путешествия,0,0.1873749581749151,0,0,0
3464,47,45+,1,3,14,1997.0,1,путешествия,0,0.33536542435547795,0,1,1
3465,62,45+,0,2,32,1985.0,1,путешествия,0,0.1168526078192063,0,0,0
3466,64,45+,0,4,28,1985.0,1,садоводство,0,0.20187165858085715,0,1,0
3467,40,30-45,1,3,14,1996.0,0,путешествия,0,0.49131846877822327,0,0,1
3468,64,45+,0,3,24,1991.0,1,рыбалка,0,0.2064384409181918,0,0,0
3469,37,30-45,0,3,8,2008.0,0,фотография,0,0.5825122150900407,1,1,0
3470,35,30-45,0,3,7,2016.0,0,чтение,0,0.6708167045103643,1,1,0
3471,35,30-45,1,3,13,2009.0,0,чтение,0,0.6393869227964728,1,0,1
3472,19,<30,0,2,2,2008.0,1,спорт,0,0.3584059542296904,0,1,1
3473,21,<30,1,1,1,2019.0,0,скейтборд,1,0.7988929835883756,1,0,1
3474,47,45+,1,3,14,2004.0,0,чтение,0,0.5820285474875712,1,0,1
3475,50,45+,1,2,36,2000.0,1,чтение,0,0.24419689189911345,0,1,0
3476,53,45+,1,2,16,1988.0,1,шахматы,0,0.19473169573253166,0,0,0
3477,35,30-45,1,3,8,2012.0,0,спорт,0,0.6845247354777602,1,0,1
3478,54,45+,0,2,16,1986.0,0,чтение,0,0.2545241603496981,0,0,0
3479,36,30-45,1,3,13,2003.0,0,чтение,0,0.5740335423846635,1,0,0
3480,64,45+,0,1,21,1986.0,1,спорт,0,0.10598118172089631,0,0,0
3481,45,30-45,1,4,8,2002.0,0,путешествия,0,0.6491760787968006,1,1,1
3482,57,45+,0,4,21,1986.0,0,чтение,0,0.3674344894984386,0,1,0
3483,37,30-45,1,4,14,1993.0,0,фотография,0,0.5314962164902806,1,1,0
3484,50,45+,0,2,17,1998.0,1,шахматы,0,0.2255100670765534,0,1,0
3485,29,<30,0,3,9,2018.0,0,видеоигры,1,0.8274363175248586,1,1,1
3486,32,30-45,1,4,9,2012.0,1,чтение,0,0.5901892174354598,1,0,1
3487,58,45+,1,4,18,1982.0,1,садоводство,0,0.24532737290020418,0,0,0
3488,56,45+,0,3,25,1994.0,1,вязание,0,0.22753357696871984,0,1,0
3489,19,<30,1,2,0,2022.0,0,блогинг,1,0.8614754118897463,1,0,0
3490,46,45+,1,3,11,2009.0,0,фотография,0,0.6453370713154287,1,0,0
3491,58,45+,1,3,25,1987.0,1,спорт,0,0.21690992376836943,0,1,0
3492,27,<30,1,2,8,2017.0,0,путешествия,0,0.6693445337860302,1,1,1
3493,19,<30,0,3,2,2016.0,0,программирование,1,0.8273211347205511,1,0,1
3494,28,<30,0,3,5,2011.0,1,путешествия,0,0.4536628281998964,0,0,1
3495,30,<30,1,3,11,2015.0,0,путешествия,0,0.7053657930094783,1,0,1
3496,27,<30,1,2,2,2013.0,0,путешествия,0,0.6456577141085315,1,0,0
3497,31,30-45,0,3,5,2016.0,0,чтение,0,0.6765106346867756,1,1,0
3498,35,30-45,0,4,13,2012.0,1,фотография,0,0.5135753026848814,1,1,0
3499,26,<30,1,3,6,2022.0,0,фотография,0,0.7786540854131724,1,1,1
3500,56,45+,0,3,24,1980.0,1,шахматы,0,0.13592535037381748,0,0,0
3501,45,30-45,0,3,16,2007.0,1,путешествия,0,0.37489960084463725,0,0,0
3502,20,<30,0,3,2,2019.0,0,видеоигры,1,0.8460496404502669,1,0,1
3503,37,30-45,0,3,11,2000.0,1,чтение,0,0.31721316984962433,0,0,0
3504,23,<30,0,2,3,2012.0,0,блогинг,1,0.7451330170441072,1,0,0
3505,44,30-45,1,2,15,2007.0,0,фотография,0,0.5392377748533927,1,1,1
3506,19,<30,0,2,1,2020.0,0,скейтборд,1,0.8122287695307803,1,0,1
3507,46,45+,0,1,18,2009.0,1,фотография,0,0.2607959381142569,0,0,0
3508,55,45+,0,2,25,1986.0,1,садоводство,0,0.13167872662198868,0,0,0
3509,20,<30,0,1,1,2014.0,0,спорт,0,0.5254740141729212,1,0,1
3510,33,30-45,0,3,17,2014.0,0,чтение,0,0.6203228091627785,1,1,1
3511,47,45+,0,2,24,1994.0,0,фотография,0,0.3073806118649785,0,1,0
3512,57,45+,1,1,27,1988.0,0,рыбалка,0,0.2377490193718457,0,1,1
3513,19,<30,0,1,0,2011.0,0,скейтборд,1,0.6830605041505058,1,0,0
3514,34,30-45,0,3,8,2021.0,0,чтение,0,0.7165837235604602,1,0,1
3515,58,45+,0,1,28,1992.0,1,фотография,0,0.12469072421835431,0,0,0
3516,29,<30,1,2,9,2015.0,0,скейтборд,1,0.8007420986899193,1,0,1
3517,52,45+,1,1,18,1983.0,1,фотография,0,0.12215588655638605,0,0,1
3518,60,45+,0,3,29,1984.0,1,садоводство,0,0.1504102356179457,0,0,0
3519,18,<30,1,4,0,2014.0,0,чтение,0,0.7803618647648677,1,0,1
3520,62,45+,0,4,30,1994.0,1,чтение,0,0.2711150724573756,0,0,0
3521,32,30-45,1,2,9,2011.0,0,фотография,0,0.602979345243762,1,0,0
3522,43,30-45,0,3,13,2005.0,0,спорт,0,0.5327417233507219,1,1,1
3523,54,45+,1,3,21,1988.0,1,фотография,0,0.233933047107946,0,0,0
3524,38,30-45,1,2,9,1999.0,0,путешествия,0,0.46733177218941846,0,0,0
3525,48,45+,0,2,12,2002.0,1,шахматы,0,0.2716692240491272,0,0,0
3526,42,30-45,1,1,14,2004.0,1,спорт,0,0.2768681521640533,0,0,0
3527,40,30-45,1,3,15,1997.0,1,спорт,0,0.3324850293374282,0,0,0
3528,41,30-45,0,2,12,1995.0,0,чтение,0,0.3517718182768612,0,0,0
3529,55,45+,0,2,20,1989.0,1,фотография,0,0.15653267147137234,0,1,0
3530,45,30-45,0,2,16,2000.0,1,фотография,0,0.24426621441460467,0,1,1
3531,38,30-45,1,3,8,1995.0,1,путешествия,0,0.33230606627257714,0,1,0
3532,60,45+,1,3,28,1994.0,0,садоводство,0,0.423726626706551,0,1,1
3533,35,30-45,0,3,10,2010.0,0,фотография,0,0.5983640202122203,1,0,1
3534,53,45+,1,3,31,1992.0,1,путешествия,0,0.24364101189679818,0,0,0
3535,52,45+,1,3,20,1991.0,0,фотография,0,0.41554733483244827,0,0,0
3536,62,45+,1,1,32,1989.0,1,садоводство,0,0.13249238641540645,0,0,0
3537,26,<30,1,2,5,2015.0,0,скейтборд,1,0.8088786579488182,1,1,1
3538,55,45+,1,4,23,1985.0,1,фотография,0,0.2589844047546516,0,1,0
3539,47,45+,0,4,13,1996.0,1,садоводство,0,0.3368513594383442,0,1,0
3540,61,45+,0,3,24,1985.0,1,садоводство,0,0.1650799818956463,0,1,0
3541,51,45+,1,2,17,1992.0,1,садоводство,0,0.2227719511371202,0,0,0
3542,49,45+,0,1,16,2000.0,0,вязание,0,0.32464986559726794,0,0,0
3543,20,<30,1,2,1,2020.0,0,путешествия,0,0.7176962873078302,1,1,1
3544,20,<30,0,3,0,2012.0,0,чтение,0,0.6501311499062963,1,0,1
3545,45,30-45,0,3,19,2006.0,1,фотография,0,0.35529724997269574,0,0,0
3546,61,45+,1,3,35,1993.0,1,вязание,0,0.24252381600272666,0,1,0
3547,32,30-45,1,3,9,2012.0,1,путешествия,0,0.5166632361504807,1,0,1
3548,58,45+,0,1,25,1986.0,1,путешествия,0,0.10117226689682868,0,0,0
3549,40,30-45,1,1,12,2009.0,0,фотография,0,0.4973786620435233,0,0,0
3550,57,45+,1,1,20,1991.0,1,рыбалка,0,0.16352431111415425,0,0,0
3551,28,<30,1,3,10,2016.0,0,скейтборд,1,0.8483590108347223,1,1,1
3552,65,45+,0,2,26,1991.0,1,чтение,0,0.15835758262041602,0,0,0
3553,49,45+,1,3,15,1998.0,1,шахматы,0,0.34271072683768067,0,0,0
3554,53,45+,1,3,16,1989.0,1,шахматы,0,0.2543105020510343,0,0,1
3555,50,45+,0,2,23,2005.0,0,чтение,0,0.4264331117454064,0,0,0
3556,41,30-45,1,1,17,2004.0,0,спорт,0,0.42460810291977774,0,1,0
3557,56,45+,1,1,28,1987.0,1,шахматы,0,0.12800027923945875,0,1,0
3558,51,45+,1,3,13,1987.0,1,шахматы,0,0.2444636560263924,0,0,0
3559,45,30-45,1,2,18,2000.0,1,чтение,0,0.28972920626548015,0,0,1
3560,54,45+,0,2,26,1988.0,1,рыбалка,0,0.14091777484848153,0,1,0
3561,24,<30,0,3,4,2021.0,0,программирование,1,0.8543962388052451,1,0,1
3562,21,<30,1,3,3,2014.0,0,программирование,1,0.8482552323596321,1,1,1
3563,54,45+,1,3,24,1994.0,1,путешествия,0,0.2787423152235436,0,0,0
3564,18,<30,1,3,0,2019.0,0,путешествия,0,0.7682318160564299,1,0,1
3565,18,<30,1,3,0,2022.0,0,скейтборд,1,0.8933731198233407,1,1,1
3566,64,45+,0,3,26,1987.0,1,путешествия,0,0.17431525514741872,0,0,0
3567,37,30-45,0,2,10,2008.0,0,фотография,0,0.5022810191067004,1,0,0
3568,36,30-45,0,2,6,1996.0,0,спорт,0,0.380405277910618,0,0,0
3569,46,45+,0,3,11,2011.0,0,вязание,0,0.6062156316404805,1,0,0
3570,27,<30,1,3,5,2011.0,0,видеоигры,1,0.8260507195484899,1,0,1
3571,35,30-45,0,3,8,2023.0,0,чтение,0,0.7347850400727732,1,1,1
3572,45,30-45,1,3,19,2000.0,0,спорт,0,0.5208470500992304,1,1,0
3573,52,45+,0,4,13,1989.0,0,садоводство,0,0.42495931222218575,0,0,0
3574,60,45+,1,2,21,1994.0,1,путешествия,0,0.22971385337428893,0,0,0
3575,64,45+,1,1,29,1990.0,1,шахматы,0,0.14251963183674876,0,1,1
3576,48,45+,0,2,10,1996.0,1,фотография,0,0.22536924376479886,0,0,0
3577,44,30-45,0,3,18,1998.0,0,фотография,0,0.4369121014808647,0,1,0
3578,28,<30,0,2,8,2010.0,0,фотография,0,0.5315788746282342,1,0,0
3579,55,45+,1,1,16,1981.0,0,фотография,0,0.20706429170390747,0,1,0
3580,22,<30,0,1,2,2021.0,1,видеоигры,1,0.6234576456319675,1,0,1
3581,25,<30,1,2,9,2015.0,0,фотография,0,0.6458422000531707,1,1,1
3582,51,45+,1,1,18,1990.0,1,путешествия,0,0.16083011326873595,0,0,0
3583,65,45+,1,1,25,1981.0,1,чтение,0,0.103931711636896,0,0,0
3584,29,<30,0,3,4,2009.0,0,видеоигры,1,0.7721958835629319,1,0,1
3585,55,45+,1,1,27,1986.0,1,шахматы,0,0.12438599191767845,0,1,0
3586,18,<30,0,1,0,2011.0,1,путешествия,0,0.3279943693010505,0,0,0
3587,48,45+,0,3,28,1998.0,1,шахматы,0,0.2538422900621041,0,1,0
3588,21,<30,1,3,3,2018.0,0,чтение,0,0.7528318995171897,1,0,1
3589,62,45+,1,2,30,1988.0,1,шахматы,0,0.1678617493962351,0,0,1
3590,22,<30,0,1,3,2017.0,0,программирование,1,0.7317262300647182,1,1,0
3591,47,45+,0,3,25,1997.0,0,рыбалка,0,0.40369666377294317,0,1,1
3592,41,30-45,0,2,13,2005.0,1,путешествия,0,0.2969358665011686,0,0,0
3593,20,<30,1,1,1,2016.0,0,видеоигры,1,0.775946953588131,1,1,1
3594,28,<30,0,1,7,2009.0,0,фотография,0,0.4490857576817624,0,0,0
3595,62,45+,1,1,39,1982.0,1,спорт,0,0.09196639836985848,0,1,0
3596,21,<30,1,3,3,2023.0,1,чтение,0,0.6564252824534216,1,0,0
3597,43,30-45,1,3,15,2007.0,1,путешествия,0,0.44036717995069435,0,1,0
3598,44,30-45,0,3,13,1996.0,0,фотография,0,0.4303530414754494,0,1,1
3599,63,45+,1,3,23,1983.0,1,садоводство,0,0.1914241524770988,0,0,0
3600,60,45+,1,2,23,1980.0,1,вязание,0,0.13284423684385577,0,1,0
3601,44,30-45,1,3,18,1999.0,0,фотография,0,0.5126616511236305,1,0,0
3602,59,45+,0,2,22,1981.0,1,фотография,0,0.11145215348889397,0,1,0
3603,23,<30,0,2,3,2020.0,1,программирование,1,0.6777914084613387,1,1,0
3604,32,30-45,0,3,6,2022.0,1,путешествия,0,0.5754669760695034,1,0,1
3605,47,45+,1,3,22,1998.0,0,фотография,0,0.4882837690416464,0,0,0
3606,59,45+,1,2,24,1984.0,1,вязание,0,0.15367366875602223,0,1,0
3607,54,45+,1,3,23,1991.0,1,спорт,0,0.2544634689113887,0,1,0
3608,54,45+,0,2,21,1978.0,1,спорт,0,0.09972972506486445,0,0,0
3609,59,45+,0,2,28,1979.0,1,вязание,0,0.09576826782720052,0,0,0
3610,54,45+,0,1,24,1987.0,0,садоводство,0,0.1930098316996759,0,0,0
3611,52,45+,0,3,22,1983.0,1,шахматы,0,0.15624140998154304,0,0,0
3612,40,30-45,0,3,11,2003.0,1,путешествия,0,0.3476420166050195,0,0,1
3613,23,<30,1,3,6,2023.0,0,фотография,0,0.7864351434745861,1,1,1
3614,21,<30,1,1,3,2018.0,0,путешествия,0,0.6265941795330963,1,0,1
3615,35,30-45,1,1,6,2016.0,1,чтение,0,0.42367787537172635,0,0,1
3616,26,<30,0,3,4,2022.0,0,фотография,0,0.7359666281316024,1,0,0
3617,46,45+,0,2,13,2000.0,0,шахматы,0,0.40237886149635393,0,1,0
3618,30,<30,0,2,7,2015.0,0,путешествия,0,0.5909953686728062,1,0,0
3619,64,45+,1,4,28,1990.0,0,путешествия,0,0.4520622891946419,0,1,0
3620,34,30-45,0,3,14,2014.0,1,фотография,0,0.45878204675665474,0,0,0
3621,62,45+,1,2,21,1988.0,1,спорт,0,0.18477811069408617,0,0,0
3622,49,45+,0,1,20,2004.0,1,шахматы,0,0.21477421839905086,0,1,0
3623,65,45+,1,1,30,1986.0,1,рыбалка,0,0.12021593884899043,0,1,0
3624,39,30-45,1,3,10,2002.0,0,спорт,0,0.5723507884808887,1,0,0
3625,21,<30,0,3,3,2015.0,0,спорт,0,0.6721561279811218,1,0,1
3626,22,<30,1,3,2,2019.0,0,видеоигры,1,0.8768118391498794,1,0,1
3627,54,45+,0,2,15,1991.0,1,вязание,0,0.17827981489439024,0,0,0
3628,58,45+,1,1,15,1992.0,1,шахматы,0,0.17920330760775513,0,1,0
3629,30,<30,0,4,11,2016.0,0,фотография,0,0.7227512061946831,1,0,0
3630,51,45+,0,4,22,1993.0,0,вязание,0,0.44125195055263194,0,1,0
3631,62,45+,1,3,26,1992.0,1,фотография,0,0.25577058810433706,0,0,0
3632,39,30-45,1,1,15,1997.0,1,спорт,0,0.21532738302327104,0,0,1
3633,40,30-45,0,3,12,2004.0,0,фотография,0,0.524574044451511,1,0,0
3634,20,<30,1,3,0,2016.0,0,программирование,1,0.864278691872031,1,1,1
3635,59,45+,0,3,19,1986.0,1,путешествия,0,0.18087588501381763,0,0,0
3636,51,45+,0,3,17,1995.0,0,фотография,0,0.40662339638992995,0,0,0
3637,49,45+,1,1,16,2003.0,1,спорт,0,0.26275845759272837,0,0,0
3638,62,45+,0,1,29,1992.0,1,чтение,0,0.12328413991752266,0,1,0
3639,38,30-45,0,1,6,2001.0,0,чтение,0,0.3641837849488109,0,1,0
3640,63,45+,1,4,18,1985.0,0,рыбалка,0,0.42764022673016266,0,1,0
3641,61,45+,0,3,21,1978.0,0,садоводство,0,0.23020664750352493,0,1,1
3642,38,30-45,1,3,16,2005.0,1,фотография,0,0.41481840633096306,0,1,0
3643,61,45+,0,1,22,1979.0,1,чтение,0,0.07831083110935856,0,0,0
3644,28,<30,0,4,6,2023.0,0,путешествия,0,0.7929841800462569,1,0,1
3645,56,45+,0,3,27,1992.0,1,вязание,0,0.2075675495857519,0,0,0
3646,21,<30,1,2,0,2017.0,0,видеоигры,1,0.8318717480218455,1,0,1
3647,18,<30,1,3,0,2016.0,0,скейтборд,1,0.864278691872031,1,0,1
3648,45,30-45,0,2,11,2000.0,0,чтение,0,0.40862264887839983,0,1,1
3649,41,30-45,0,2,12,2000.0,0,фотография,0,0.4054969345150543,0,0,1
3650,52,45+,1,2,22,1994.0,0,спорт,0,0.37101579678728325,0,0,1
3651,30,<30,0,4,10,2012.0,1,путешествия,0,0.5232745776552775,1,1,0
3652,64,45+,1,4,39,1995.0,1,фотография,0,0.3097764506167636,0,1,0
3653,51,45+,0,2,13,1985.0,0,садоводство,0,0.25322124371351357,0,0,0
3654,28,<30,1,3,5,2017.0,0,скейтборд,1,0.8620318542929598,1,0,1
3655,53,45+,0,3,27,1988.0,1,спорт,0,0.17908361665747333,0,0,0
3656,34,30-45,1,3,7,2017.0,0,путешествия,0,0.7342400086405129,1,0,1
3657,52,45+,1,2,19,1991.0,0,спорт,0,0.3483729218021598,0,1,1
3658,35,30-45,0,3,7,2019.0,0,спорт,0,0.7003719541716081,1,1,1
3659,57,45+,0,3,17,1990.0,0,чтение,0,0.3528376111623168,0,0,0
3660,39,30-45,1,1,12,1994.0,0,чтение,0,0.332604682312587,0,0,0
3661,41,30-45,1,2,12,2010.0,1,фотография,0,0.4105475140653027,0,0,0
3662,36,30-45,0,3,15,2009.0,0,чтение,0,0.5715485111379072,1,1,1
3663,54,45+,0,2,26,1984.0,0,чтение,0,0.21490822251346212,0,1,1
3664,56,45+,1,4,22,1984.0,0,путешествия,0,0.4039540911888738,0,1,1
3665,38,30-45,0,1,12,2007.0,1,путешествия,0,0.2581526166155626,0,0,1
3666,25,<30,1,4,6,2015.0,0,спорт,0,0.7748327471147196,1,0,1
3667,45,30-45,0,2,23,2000.0,0,путешествия,0,0.371668276291715,0,0,1
3668,22,<30,1,1,7,2017.0,0,фотография,0,0.6035077367226753,1,0,1
3669,34,30-45,1,2,12,2014.0,1,фотография,0,0.4554225612223732,0,0,0
3670,54,45+,1,3,21,1991.0,1,садоводство,0,0.25940831225271427,0,0,0
3671,53,45+,0,3,11,1991.0,0,шахматы,0,0.3815067664692681,0,0,1
3672,36,30-45,1,2,21,1998.0,0,фотография,0,0.4177557376607245,0,1,0
3673,44,30-45,0,1,15,2007.0,0,чтение,0,0.4014499766609363,0,0,0
3674,51,45+,1,3,22,1986.0,1,спорт,0,0.21574383120391125,0,1,0
3675,28,<30,1,2,9,2022.0,0,блогинг,1,0.846971832060998,1,0,1
3676,62,45+,0,3,26,1992.0,1,спорт,0,0.20970573476157925,0,1,0
3677,64,45+,1,1,28,1985.0,1,фотография,0,0.11813450953980338,0,0,1
3678,29,<30,0,3,3,2010.0,0,видеоигры,1,0.7823530729411655,1,1,1
3679,38,30-45,1,3,20,1996.0,1,спорт,0,0.30843451756099427,0,0,1
3680,28,<30,1,4,6,2020.0,0,путешествия,0,0.8122125318248072,1,0,0
3681,56,45+,1,3,25,1981.0,0,садоводство,0,0.2966866407727806,0,0,0
3682,45,30-45,0,2,21,2000.0,0,путешествия,0,0.37773672830588995,0,1,0
3683,22,<30,0,1,4,2019.0,0,скейтборд,1,0.7468547120954474,1,0,1
3684,34,30-45,1,3,8,2013.0,0,путешествия,0,0.694315724120795,1,1,1
3685,37,30-45,0,3,9,2004.0,0,фотография,0,0.5342528951517639,1,1,0
3686,58,45+,0,3,19,1982.0,1,чтение,0,0.15533677078960595,0,1,0
3687,63,45+,0,3,31,1988.0,1,вязание,0,0.17159432428122592,0,1,0
3688,29,<30,0,3,2,2018.0,0,чтение,0,0.7043485286342221,1,0,1
3689,23,<30,1,2,5,2016.0,0,скейтборд,1,0.8158485000363256,1,0,0
3690,34,30-45,0,2,10,2014.0,0,фотография,0,0.5704043610522943,1,0,1
3691,36,30-45,1,2,12,1999.0,0,путешествия,0,0.4576739367100948,0,0,0
3692,43,30-45,0,1,12,1996.0,0,чтение,0,0.29658763560788093,0,1,1
3693,65,45+,0,3,26,1995.0,1,шахматы,0,0.23334629940257626,0,1,1
3694,61,45+,0,2,24,1987.0,1,спорт,0,0.13853435250693621,0,0,0
3695,61,45+,0,2,26,1981.0,1,садоводство,0,0.1064245437469707,0,0,0
3696,49,45+,0,1,23,1994.0,0,рыбалка,0,0.2502060766020349,0,0,0
3697,23,<30,1,1,8,2008.0,1,чтение,0,0.3319386144160033,0,0,0
3698,53,45+,0,1,15,1993.0,1,рыбалка,0,0.14999291385402425,0,0,0
3699,55,45+,0,3,16,1992.0,1,шахматы,0,0.23197432350694883,0,0,0
3700,28,<30,0,2,8,2019.0,0,блогинг,1,0.7905387063732958,1,0,0
3701,50,45+,0,3,19,1999.0,1,путешествия,0,0.28578564953398433,0,1,0
3702,41,30-45,1,3,14,2001.0,1,спорт,0,0.37728252043865373,0,0,1
3703,40,30-45,1,4,11,2006.0,0,чтение,0,0.6812422254276382,1,0,0
3704,32,30-45,0,1,10,2012.0,1,чтение,0,0.30980215911632036,0,1,1
3705,44,30-45,0,2,16,1999.0,1,фотография,0,0.2359235563196472,0,0,0
3706,28,<30,1,2,4,2014.0,1,блогинг,1,0.6714928464698882,1,1,0
3707,34,30-45,0,2,15,2018.0,0,путешествия,0,0.5990881831784167,1,1,1
3708,31,30-45,1,4,9,2021.0,0,спорт,0,0.8132593984598155,1,0,0
3709,44,30-45,0,3,11,2002.0,0,чтение,0,0.5049665378141269,1,0,0
3710,35,30-45,1,3,15,2009.0,0,фотография,0,0.6333936583181456,1,0,1
3711,45,30-45,1,2,21,2006.0,1,спорт,0,0.340476009978173,0,0,1
3712,64,45+,1,3,32,1982.0,0,путешествия,0,0.2873992249935917,0,1,1
3713,64,45+,0,1,33,1983.0,1,садоводство,0,0.0812817413549111,0,0,0
3714,21,<30,0,3,1,2017.0,0,чтение,0,0.6974771342780793,1,1,1
3715,24,<30,0,3,4,2016.0,1,блогинг,1,0.6996942028510992,1,0,1
3716,62,45+,0,2,24,1984.0,0,чтение,0,0.21931052234981183,0,0,0
3717,52,45+,0,2,25,1985.0,1,садоводство,0,0.12653753134744483,0,0,0
3718,65,45+,0,3,24,1990.0,1,шахматы,0,0.19904746849805688,0,0,0
3719,26,<30,1,1,6,2015.0,0,путешествия,0,0.5845775991872243,1,0,1
3720,25,<30,1,1,5,2015.0,0,путешествия,0,0.5877190657837656,1,0,1
3721,62,45+,0,2,29,1983.0,1,фотография,0,0.11153204384598761,0,1,0
3722,34,30-45,0,2,10,2012.0,0,путешествия,0,0.5478635212061916,1,0,0
3723,34,30-45,1,3,6,2011.0,0,путешествия,0,0.6802271151388061,1,0,1
3724,50,45+,0,3,21,2003.0,0,шахматы,0,0.48402860982559043,0,0,0
3725,49,45+,1,3,16,1996.0,0,рыбалка,0,0.4848470575987494,0,0,0
3726,25,<30,0,2,6,2016.0,0,программирование,1,0.7715154109382246,1,0,1
3727,36,30-45,0,3,8,1999.0,0,чтение,0,0.4803924089153912,0,0,1
3728,55,45+,0,3,25,1980.0,1,садоводство,0,0.13441149391740442,0,1,0
3729,20,<30,0,2,2,2016.0,0,программирование,1,0.7805182993172701,1,0,0
3730,22,<30,1,2,5,2017.0,0,блогинг,1,0.8226199037407061,1,1,1
3731,30,<30,1,3,7,2024.0,1,путешествия,0,0.6550545722482373,1,1,0
3732,64,45+,0,1,40,1984.0,1,путешествия,0,0.07798959276077085,0,0,1
3733,63,45+,1,2,25,1984.0,1,спорт,0,0.15199691361015175,0,1,0
3734,48,45+,0,1,22,2007.0,1,садоводство,0,0.23413712413569546,0,1,0
3735,33,30-45,1,1,7,2022.0,0,фотография,0,0.6567286817186403,1,1,0
3736,49,45+,1,1,22,1999.0,0,садоводство,0,0.3549653117677313,0,0,0
3737,39,30-45,0,2,14,2006.0,0,чтение,0,0.4665161158830849,0,1,1
3738,46,45+,0,3,15,2007.0,1,спорт,0,0.3779393986650968,0,1,0
3739,39,30-45,0,2,10,2001.0,0,чтение,0,0.4228749787709846,0,0,1
3740,60,45+,1,3,34,1987.0,1,фотография,0,0.19776552700576616,0,0,0
3741,20,<30,1,2,4,2021.0,0,программирование,1,0.8494210840037074,1,0,0
3742,27,<30,1,4,6,2019.0,0,путешествия,0,0.805137943035937,1,0,1
3743,59,45+,1,4,20,1986.0,1,шахматы,0,0.27554409116405476,0,0,1
3744,38,30-45,0,3,6,1996.0,1,спорт,0,0.2921892842219337,0,0,0
3745,33,30-45,0,4,10,2010.0,0,спорт,0,0.6674608526603362,1,0,1
3746,29,<30,1,3,7,2012.0,0,чтение,0,0.6873146678794442,1,1,1
3747,19,<30,0,3,1,2016.0,0,программирование,1,0.8291633995662399,1,1,1
3748,58,45+,1,2,15,1993.0,0,рыбалка,0,0.381558487445706,0,1,1
3749,41,30-45,0,2,13,2009.0,1,чтение,0,0.33648141440317275,0,0,0
3750,52,45+,0,3,24,1981.0,1,путешествия,0,0.14138623009936252,0,0,0
3751,47,45+,0,2,22,1994.0,0,вязание,0,0.3129221544690184,0,0,0
3752,47,45+,1,3,18,2002.0,0,вязание,0,0.5468238765175711,1,1,0
3753,64,45+,0,3,21,1980.0,0,шахматы,0,0.2468124114489531,0,0,0
3754,52,45+,1,2,28,1991.0,1,путешествия,0,0.19189112206078499,0,0,0
3755,36,30-45,0,3,7,2005.0,0,чтение,0,0.5520252052924092,1,1,0
3756,25,<30,1,1,4,2014.0,0,программирование,1,0.7524815298592871,1,0,1
3757,43,30-45,1,2,16,2003.0,0,чтение,0,0.49035273137075713,0,0,0
3758,57,45+,0,3,19,1991.0,0,вязание,0,0.35737847973001763,0,0,0
3759,24,<30,1,2,5,2013.0,0,программирование,1,0.7943390418393003,1,1,0
3760,47,45+,0,3,17,2005.0,1,чтение,0,0.35076839131214976,0,0,0
3761,24,<30,0,3,2,2016.0,0,программирование,1,0.8273211347205511,1,1,1
3762,20,<30,0,2,1,2022.0,0,скейтборд,1,0.8257810275401536,1,0,1
3763,18,<30,1,3,0,2015.0,0,программирование,1,0.858824670325194,1,1,1
3764,53,45+,1,3,15,1991.0,0,спорт,0,0.4313543767729298,0,1,0
3765,42,30-45,1,2,17,2000.0,0,путешествия,0,0.4529563794009495,0,1,1
3766,54,45+,1,2,24,1983.0,1,шахматы,0,0.14781990653470817,0,1,0
3767,18,<30,1,3,0,2012.0,0,видеоигры,1,0.8413588739764747,1,0,1
3768,32,30-45,0,3,8,2024.0,0,спорт,0,0.7436004373054533,1,0,1
3769,54,45+,1,2,27,1985.0,1,спорт,0,0.15457039489722293,0,1,1
3770,30,<30,0,1,5,2013.0,0,путешествия,0,0.5011133529782799,1,0,1
3771,57,45+,1,3,20,1988.0,0,рыбалка,0,0.3826612529146406,0,1,0
3772,25,<30,1,3,5,2008.0,0,спорт,0,0.6526204185815432,1,0,1
3773,22,<30,1,1,1,2012.0,0,чтение,0,0.5668859400594615,1,0,1
3774,26,<30,1,3,2,2009.0,0,видеоигры,1,0.8183613178828388,1,0,1
3775,18,<30,0,2,0,2013.0,0,фотография,0,0.5908004142259027,1,1,0
3776,53,45+,1,3,19,1986.0,1,фотография,0,0.22238993452893685,0,0,0
3777,52,45+,0,2,17,1981.0,1,садоводство,0,0.11802769938991083,0,0,0
3778,19,<30,1,2,1,2016.0,0,скейтборд,1,0.8235041650847916,1,0,1
3779,57,45+,1,1,28,1985.0,1,путешествия,0,0.11813450953980338,0,1,1
3780,40,30-45,1,4,15,2004.0,0,спорт,0,0.6493597277394245,1,1,0
3781,26,<30,1,3,4,2015.0,0,фотография,0,0.72384888933727,1,0,1
3782,51,45+,0,3,33,1994.0,1,фотография,0,0.2098394219515123,0,0,0
3783,63,45+,0,3,26,1991.0,1,чтение,0,0.20222759548033256,0,0,0
3784,31,30-45,1,2,6,2008.0,0,спорт,0,0.5792163409536817,1,0,1
3785,21,<30,0,4,2,2015.0,0,чтение,0,0.7367168430294176,1,1,0
3786,47,45+,0,1,12,1999.0,1,рыбалка,0,0.19443772663429412,0,0,0
3787,48,45+,1,3,16,2004.0,1,спорт,0,0.4037628323096604,0,0,1
3788,55,45+,1,2,23,1984.0,1,вязание,0,0.15536553211591195,0,0,0
3789,28,<30,1,2,7,2019.0,1,фотография,0,0.5286223810230236,1,0,1
3790,52,45+,0,3,16,1991.0,0,спорт,0,0.36634956455889406,0,1,0
3791,25,<30,1,3,2,2010.0,0,фотография,0,0.6815464256823821,1,0,1
3792,20,<30,0,3,0,2019.0,0,путешествия,0,0.7190435441032665,1,0,1
3793,31,30-45,1,3,9,2021.0,1,фотография,0,0.6173329255230567,1,0,1
3794,30,<30,0,2,14,2018.0,0,фотография,0,0.6021945909409333,1,0,1
3795,62,45+,1,4,29,1988.0,1,чтение,0,0.2705631055627742,0,0,0
3796,49,45+,0,2,18,1996.0,0,рыбалка,0,0.3445161468835665,0,0,0
3797,51,45+,0,3,26,1986.0,1,чтение,0,0.16783113442524772,0,0,1
3798,62,45+,1,3,33,1992.0,1,вязание,0,0.23889977159617473,0,0,0
3799,36,30-45,1,2,15,1999.0,1,чтение,0,0.288315773098028,0,0,0
3800,55,45+,0,1,20,1987.0,1,шахматы,0,0.11167097044433293,0,0,0
3801,33,30-45,1,2,13,2021.0,0,фотография,0,0.6949550801722175,1,0,1
3802,19,<30,0,2,0,2016.0,0,фотография,0,0.6235077475186277,1,0,0
3803,57,45+,1,1,16,1991.0,0,спорт,0,0.2920563288578722,0,0,0
3804,34,30-45,1,1,10,2019.0,0,фотография,0,0.6160250341048891,1,1,1
3805,51,45+,0,2,20,1990.0,0,рыбалка,0,0.2801918009603056,0,1,0
3806,59,45+,1,3,29,1985.0,1,путешествия,0,0.193562491513585,0,0,0
3807,33,30-45,0,3,6,2020.0,0,путешествия,0,0.7125394317458663,1,1,1
3808,55,45+,0,1,26,1992.0,1,фотография,0,0.12754519332852868,0,0,0
3809,19,<30,1,2,0,2013.0,0,фотография,0,0.6515607800895122,1,0,1
3810,19,<30,1,2,0,2015.0,0,спорт,0,0.6720266999506824,1,1,0
3811,43,30-45,0,3,13,2003.0,0,фотография,0,0.5099225923387849,1,1,1
3812,30,<30,0,3,7,2010.0,0,фотография,0,0.6076641768714445,1,0,1
3813,64,45+,0,3,37,1981.0,1,шахматы,0,0.12215508553372409,0,1,0
3814,48,45+,1,3,21,1996.0,1,спорт,0,0.3056790455588597,0,1,0
3815,51,45+,0,3,15,1983.0,1,вязание,0,0.16856781741104315,0,1,1
3816,56,45+,0,3,25,1991.0,1,шахматы,0,0.20432495644120555,0,0,0
3817,20,<30,0,2,0,2017.0,1,путешествия,0,0.4638573270964218,0,1,0
3818,25,<30,0,3,5,2018.0,1,спорт,0,0.5335058155279614,1,0,1
3819,40,30-45,0,4,15,2001.0,1,спорт,0,0.38352555133938054,0,1,0
3820,31,30-45,0,3,10,2016.0,0,фотография,0,0.6621813227039027,1,0,1
3821,44,30-45,0,3,17,2005.0,0,спорт,0,0.5198278799790551,1,0,1
3822,46,45+,0,1,13,1995.0,1,садоводство,0,0.1655779955621515,0,0,0
3823,56,45+,1,4,21,1982.0,1,путешествия,0,0.23820577079954508,0,0,0
3824,56,45+,0,1,20,1980.0,1,чтение,0,0.08363965710395761,0,0,0
3825,18,<30,1,2,0,2021.0,0,видеоигры,1,0.8559275178515842,1,0,1
3826,34,30-45,1,1,10,2011.0,1,фотография,0,0.3570612246901661,0,0,1
3827,58,45+,1,4,28,1986.0,1,садоводство,0,0.25535057550105283,0,1,0
3828,47,45+,1,3,18,2005.0,0,фотография,0,0.5805506860102958,1,1,1
3829,30,<30,0,4,9,2020.0,0,путешествия,0,0.7625966178719747,1,0,1
3830,38,30-45,0,3,17,1998.0,0,спорт,0,0.4401007086416297,0,0,1
3831,36,30-45,0,2,9,2005.0,1,фотография,0,0.30786268838614667,0,1,0
3832,36,30-45,0,4,10,1995.0,0,фотография,0,0.5026951472093284,1,1,0
3833,42,30-45,1,4,16,2006.0,0,путешествия,0,0.6670193430661091,1,0,1
3834,39,30-45,1,3,14,2006.0,1,фотография,0,0.4323054409765758,0,1,1
3835,48,45+,1,1,10,1999.0,1,спорт,0,0.2428906773296483,0,0,0
3836,34,30-45,0,3,13,2023.0,1,фотография,0,0.5644565922738292,1,0,1
3837,40,30-45,1,4,4,1999.0,0,спорт,0,0.629490689533844,1,0,1
3838,49,45+,0,3,17,2001.0,0,шахматы,0,0.47413190317315007,0,0,0
3839,27,<30,0,3,10,2018.0,0,путешествия,0,0.6823275759506044,1,0,1
3840,27,<30,0,4,6,2014.0,0,спорт,0,0.7173678624040237,1,0,1
3841,53,45+,1,3,18,1994.0,1,фотография,0,0.29462908550874073,0,0,0
3842,25,<30,0,3,2,2010.0,0,скейтборд,1,0.7845501536299154,1,1,1
3843,37,30-45,1,3,13,2006.0,0,спорт,0,0.6071899987497792,1,0,1
3844,49,45+,1,2,17,1999.0,0,садоводство,0,0.4416514991106009,0,1,0
3845,31,30-45,1,3,8,2023.0,0,спорт,0,0.7820527226243733,1,1,0
3846,45,30-45,0,3,12,2008.0,0,чтение,0,0.5698632963507069,1,1,1
3847,63,45+,1,3,38,1985.0,1,вязание,0,0.17601556092173282,0,0,1
3848,41,30-45,1,2,16,2000.0,0,фотография,0,0.45616722030722906,0,0,0
3849,32,30-45,0,1,11,2021.0,0,чтение,0,0.5726294124276464,1,1,1
3850,39,30-45,0,1,14,2007.0,1,фотография,0,0.2532235251165846,0,1,0
3851,47,45+,0,3,12,1996.0,1,рыбалка,0,0.2763825236006185,0,1,0
3852,21,<30,0,3,4,2011.0,1,скейтборд,1,0.6495802403805122,1,1,1
3853,30,<30,1,2,6,2018.0,0,фотография,0,0.6850012943589019,1,0,1
3854,40,30-45,1,1,12,1998.0,0,фотография,0,0.3743710801411769,0,0,0
3855,25,<30,0,2,3,2017.0,0,блогинг,1,0.786082018930655,1,1,1
3856,35,30-45,1,1,6,2013.0,0,путешествия,0,0.5622096557233132,1,1,1
3857,29,<30,1,2,7,2022.0,0,спорт,0,0.7204751699362459,1,0,1
3858,48,45+,0,2,13,2010.0,1,рыбалка,0,0.34676617173467905,0,0,0
3859,31,30-45,1,2,8,2020.0,0,спорт,0,0.6989726461961943,1,0,1
3860,51,45+,1,2,19,1993.0,1,шахматы,0,0.22622406032245138,0,0,0
3861,35,30-45,1,2,12,2017.0,0,фотография,0,0.6577808586722647,1,1,1
3862,51,45+,0,3,16,1990.0,1,чтение,0,0.2160804735984281,0,1,0
3863,28,<30,1,2,7,2021.0,0,чтение,0,0.7111735140826022,1,0,0
3864,58,45+,0,2,32,1991.0,1,чтение,0,0.14827415385547382,0,0,0
3865,29,<30,1,1,3,2012.0,1,скейтборд,1,0.583793576088427,1,0,0
3866,32,30-45,0,2,7,2008.0,0,чтение,0,0.511991505344775,1,0,0
3867,48,45+,1,1,13,2004.0,1,шахматы,0,0.2794684496129358,0,0,0
3868,46,45+,0,1,21,2001.0,1,рыбалка,0,0.19053728447177784,0,0,0
3869,43,30-45,0,3,15,2002.0,1,путешествия,0,0.32586413455628205,0,0,1
3870,35,30-45,1,3,16,2021.0,0,спорт,0,0.7469870345561324,1,1,1
3871,49,45+,0,3,20,2007.0,0,садоводство,0,0.5329424713461326,1,0,0
3872,39,30-45,1,3,21,1997.0,0,путешествия,0,0.48009736140580006,0,0,0
3873,55,45+,1,1,20,1989.0,1,рыбалка,0,0.15139586451318301,0,1,1
3874,34,30-45,1,4,8,2019.0,0,фотография,0,0.8010422165358404,1,1,0
3875,40,30-45,0,1,17,1994.0,0,фотография,0,0.26506414836702247,0,1,1
3876,41,30-45,1,3,13,2000.0,0,путешествия,0,0.540197740947054,1,0,0
3877,25,<30,1,1,2,2018.0,0,путешествия,0,0.6296192243872217,1,1,1
3878,58,45+,1,3,31,1978.0,0,вязание,0,0.253881522718713,0,1,0
3879,23,<30,0,3,2,2014.0,0,спорт,0,0.664892503868519,1,0,0
3880,22,<30,0,1,2,2013.0,0,видеоигры,1,0.6970798704965402,1,1,0
3881,61,45+,1,3,24,1987.0,1,фотография,0,0.21911773534578663,0,0,0
3882,46,45+,0,1,18,2000.0,0,чтение,0,0.31899706151517876,0,1,0
3883,45,30-45,0,3,19,2003.0,1,фотография,0,0.32453168277868305,0,0,0
3884,28,<30,0,3,8,2017.0,1,видеоигры,1,0.6984168074043161,1,0,1
3885,18,<30,1,2,0,2011.0,0,фотография,0,0.6305199105803229,1,0,0
3886,60,45+,1,2,25,1988.0,1,спорт,0,0.1771020506098864,0,1,0
3887,36,30-45,1,1,11,2007.0,0,фотография,0,0.47776615183429283,0,0,1
3888,26,<30,0,3,6,2020.0,0,программирование,1,0.845257109000289,1,0,1
3889,44,30-45,0,2,16,1998.0,1,чтение,0,0.2277799529986119,0,0,1
3890,51,45+,1,3,17,1989.0,1,вязание,0,0.2518624621249012,0,1,0
3891,61,45+,1,4,29,1982.0,0,рыбалка,0,0.3609765915316378,0,0,0
3892,21,<30,1,2,2,2013.0,0,путешествия,0,0.6456577141085315,1,0,0
3893,53,45+,1,4,25,1985.0,0,рыбалка,0,0.40561133135812183,0,0,0
3894,35,30-45,0,3,12,2018.0,1,чтение,0,0.5108912505869431,1,0,1
3895,32,30-45,1,2,9,2020.0,0,чтение,0,0.6962407610828666,1,1,1
3896,30,<30,0,2,6,2011.0,1,спорт,0,0.3782688844309096,0,1,0
3897,36,30-45,0,3,10,1996.0,1,спорт,0,0.28159242782756505,0,1,0
3898,23,<30,1,2,0,2019.0,0,блогинг,1,0.8442780951237642,1,0,1
3899,65,45+,0,1,34,1986.0,1,шахматы,0,0.09105507483311312,0,1,0
3900,29,<30,0,1,2,2017.0,0,блогинг,1,0.7342607826168179,1,0,1
3901,54,45+,0,3,18,1991.0,1,путешествия,0,0.21945816912948418,0,0,1
3902,34,30-45,0,3,13,2021.0,0,спорт,0,0.7032508591400568,1,1,0
3903,40,30-45,1,3,12,2006.0,1,чтение,0,0.43867273782383165,0,0,1
3904,43,30-45,0,1,16,2000.0,1,фотография,0,0.19348843186160597,0,0,1
3905,46,45+,0,3,14,2006.0,1,спорт,0,0.3702643792303274,0,0,0
3906,50,45+,0,4,17,1993.0,1,спорт,0,0.29601491482167336,0,0,0
3907,44,30-45,0,1,17,2003.0,0,путешествия,0,0.35245944065532014,0,0,1
3908,42,30-45,0,1,16,2000.0,1,чтение,0,0.19348843186160597,0,0,0
3909,27,<30,1,3,5,2016.0,0,спорт,0,0.7303528601713114,1,0,1
3910,64,45+,0,3,36,1984.0,0,спорт,0,0.2447108852956981,0,0,0
3911,40,30-45,1,3,2,1997.0,1,фотография,0,0.37084060562166926,0,0,0
3912,38,30-45,1,4,7,2007.0,0,путешествия,0,0.7020371242827047,1,1,1
3913,38,30-45,1,3,15,2005.0,0,путешествия,0,0.5899806773745381,1,0,1
3914,60,45+,0,2,27,1981.0,0,рыбалка,0,0.19065983822612873,0,0,0
3915,30,<30,0,3,6,2011.0,0,путешествия,0,0.6215621580644359,1,0,1
3916,54,45+,1,3,25,1989.0,1,чтение,0,0.23284666223331968,0,0,1
3917,50,45+,1,4,16,2005.0,1,чтение,0,0.4884991894978911,0,0,0
3918,41,30-45,1,2,19,1995.0,1,фотография,0,0.24263309236237082,0,1,0
3919,61,45+,1,3,28,1988.0,1,шахматы,0,0.21808056643210846,0,0,1
3920,28,<30,1,3,12,2016.0,1,программирование,1,0.7312297672975738,1,0,1
3921,34,30-45,1,2,9,2017.0,1,фотография,0,0.4993137790815721,0,0,1
3922,21,<30,1,2,2,2010.0,0,спорт,0,0.6136823906948558,1,0,1
3923,64,45+,0,3,32,1983.0,0,спорт,0,0.24583488628316613,0,0,0
3924,42,30-45,1,2,17,2000.0,0,спорт,0,0.4529563794009495,0,0,0
3925,47,45+,1,3,17,2008.0,1,спорт,0,0.4452594860509251,0,0,0
3926,26,<30,0,3,5,2017.0,0,чтение,0,0.6864364125977614,1,1,1
3927,38,30-45,1,2,9,1998.0,0,спорт,0,0.45596715901296936,0,1,1
3928,37,30-45,1,4,9,2001.0,0,спорт,0,0.6356978304113123,1,0,1
3929,36,30-45,1,3,5,1998.0,0,спорт,0,0.5432125816212011,1,0,0
3930,36,30-45,1,2,10,1998.0,0,чтение,0,0.4527565539358101,0,0,1
3931,29,<30,0,2,12,2012.0,0,видеоигры,1,0.7223739208386207,1,1,0
3932,54,45+,1,4,30,1983.0,0,вязание,0,0.3685717683726952,0,0,0
3933,59,45+,1,2,25,1980.0,1,садоводство,0,0.12988883062887094,0,0,1
3934,34,30-45,1,2,9,2016.0,1,путешествия,0,0.48788377678036904,0,0,0
3935,54,45+,0,2,12,1980.0,1,шахматы,0,0.12002229994788295,0,1,0
3936,65,45+,0,2,29,1993.0,1,шахматы,0,0.16549583974308277,0,0,0
3937,56,45+,1,2,27,1982.0,1,фотография,0,0.13747953870963783,0,0,0
3938,45,30-45,0,4,13,2005.0,0,фотография,0,0.6056884910653396,1,1,1
3939,58,45+,0,3,22,1990.0,1,чтение,0,0.20320896332466878,0,0,1
3940,52,45+,1,2,30,1994.0,1,садоводство,0,0.2097420630561213,0,1,0
3941,64,45+,0,2,32,1986.0,1,рыбалка,0,0.12165511240263695,0,1,0
3942,65,45+,0,3,22,1987.0,1,чтение,0,0.1818972276276597,0,0,1
3943,35,30-45,0,1,8,2017.0,0,спорт,0,0.5370619797550513,1,0,1
3944,31,30-45,0,3,8,2016.0,0,чтение,0,0.6679506845326314,1,0,1
3945,52,45+,1,3,20,1990.0,1,спорт,0,0.2531607574502852,0,1,0
3946,61,45+,0,3,35,1993.0,1,чтение,0,0.19820933699327925,0,1,1
3947,58,45+,0,2,31,1989.0,1,путешествия,0,0.13863062695424158,0,0,0
3948,24,<30,1,2,3,2021.0,1,видеоигры,1,0.740390964938209,1,1,1
3949,58,45+,1,1,19,1984.0,1,фотография,0,0.1257146772180192,0,0,0
3950,30,<30,1,2,6,2013.0,0,путешествия,0,0.6337189702733615,1,0,1
3951,35,30-45,0,2,8,2016.0,0,фотография,0,0.5988944681619301,1,0,1
3952,54,45+,0,4,23,1987.0,1,фотография,0,0.2282134802987906,0,0,0
3953,30,<30,1,3,6,2022.0,1,фотография,0,0.6371056357060415,1,0,1
3954,53,45+,0,4,26,1991.0,1,рыбалка,0,0.25457489944231565,0,0,1
3955,48,45+,1,3,19,2000.0,0,садоводство,0,0.5208470500992304,1,1,1
3956,19,<30,0,1,1,2016.0,0,путешествия,0,0.548210593794233,1,0,1
3957,33,30-45,0,3,5,2013.0,0,спорт,0,0.6457920633986848,1,0,0
3958,26,<30,1,1,5,2015.0,0,видеоигры,1,0.7585360944935493,1,0,1
3959,26,<30,1,2,6,2015.0,0,путешествия,0,0.6546774370404793,1,0,0
3960,55,45+,1,3,21,1987.0,0,чтение,0,0.36889793051972425,0,1,0
3961,28,<30,0,3,11,2016.0,0,путешествия,0,0.659278306445914,1,1,1
3962,39,30-45,0,3,6,2007.0,0,спорт,0,0.5776822764883371,1,0,0
3963,50,45+,1,1,35,2000.0,1,садоводство,0,0.19545830370839384,0,0,0
3964,53,45+,1,1,14,1996.0,1,путешествия,0,0.209840660513105,0,0,0
3965,62,45+,0,1,35,1992.0,1,спорт,0,0.11512852048774787,0,0,1
3966,40,30-45,0,1,8,2009.0,0,фотография,0,0.44588389420073954,0,0,0
3967,62,45+,0,1,31,1987.0,1,садоводство,0,0.09830163618718411,0,0,1
3968,62,45+,1,3,25,1987.0,1,фотография,0,0.21690992376836943,0,0,0
3969,51,45+,1,3,20,1983.0,1,фотография,0,0.19750975138605464,0,0,0
3970,26,<30,1,2,6,2015.0,0,программирование,1,0.8068685979291876,1,1,1
3971,41,30-45,0,3,14,2003.0,1,фотография,0,0.33888403714342435,0,0,0
3972,25,<30,1,2,6,2015.0,0,спорт,0,0.6546774370404793,1,0,0
3973,24,<30,0,4,5,2012.0,0,спорт,0,0.7011822425949732,1,0,0
3974,53,45+,1,2,22,1982.0,1,вязание,0,0.14533949453363917,0,0,0
3975,35,30-45,1,3,6,2014.0,0,спорт,0,0.7093035995537044,1,1,1
3976,20,<30,0,4,0,2015.0,0,программирование,1,0.86353904280175,1,0,1
3977,45,30-45,0,3,16,1999.0,0,путешествия,0,0.45460695963339626,0,1,0
3978,23,<30,0,1,5,2014.0,0,чтение,0,0.5125430969305045,1,0,0
3979,61,45+,0,3,31,1982.0,0,спорт,0,0.23980837952477518,0,1,0
3980,61,45+,1,1,26,1985.0,1,чтение,0,0.12085961474907934,0,0,0
3981,38,30-45,1,1,12,2006.0,0,чтение,0,0.46314846107278346,0,0,1
3982,45,30-45,1,1,19,2002.0,0,путешествия,0,0.39621900225235995,0,1,0
3983,57,45+,1,4,25,1984.0,1,рыбалка,0,0.24547671518247308,0,0,0
3984,18,<30,1,4,0,2019.0,0,чтение,0,0.8170405039874147,1,1,1
3985,53,45+,0,2,28,1992.0,0,шахматы,0,0.27774911887146897,0,0,0
3986,38,30-45,0,3,14,1995.0,1,чтение,0,0.2622886009495415,0,0,0
3987,60,45+,1,4,24,1985.0,1,путешествия,0,0.2565068495499752,0,1,1
3988,52,45+,0,2,23,1978.0,0,садоводство,0,0.1778305390094405,0,1,0
3989,30,<30,1,2,13,2014.0,0,фотография,0,0.6232302291711291,1,0,1
3990,27,<30,0,2,5,2013.0,0,путешествия,0,0.5750592735432947,1,0,1
3991,61,45+,1,3,20,1987.0,1,вязание,0,0.228110057480878,0,0,1
3992,64,45+,1,2,28,1990.0,1,шахматы,0,0.18489962453383063,0,1,0
3993,27,<30,0,3,5,2013.0,0,фотография,0,0.6457920633986848,1,0,1
3994,63,45+,0,2,29,1981.0,1,путешествия,0,0.10278596419657939,0,1,0
3995,30,<30,1,2,9,2017.0,0,спорт,0,0.6664720691837769,1,0,1
3996,54,45+,0,2,24,1991.0,1,чтение,0,0.16184026539139934,0,0,0
3997,55,45+,0,1,22,1991.0,1,спорт,0,0.12822239305089259,0,1,0
3998,41,30-45,1,2,11,2006.0,0,чтение,0,0.5407460486124915,1,1,0
3999,19,<30,0,1,1,2020.0,0,спорт,0,0.5929952038279853,1,0,0
4000,39,30-45,1,3,9,2005.0,0,фотография,0,0.6086372736690265,1,0,0
4001,34,30-45,1,2,12,2019.0,0,фотография,0,0.6780619528464219,1,0,1
4002,53,45+,0,3,21,1992.0,0,фотография,0,0.3619451035354465,0,1,0
4003,31,30-45,1,4,6,2016.0,1,путешествия,0,0.642565520057254,1,0,0
4004,27,<30,1,3,3,2015.0,0,путешествия,0,0.7264300399379782,1,1,0
4005,52,45+,0,4,22,1991.0,1,рыбалка,0,0.26452940827305405,0,0,0
4006,42,30-45,0,3,20,2001.0,1,фотография,0,0.3020758169188482,0,0,0
4007,20,<30,0,1,1,2013.0,0,видеоигры,1,0.6998074628148265,1,0,0
4008,64,45+,0,4,35,1991.0,1,путешествия,0,0.23309571996957906,0,0,0
4009,55,45+,0,3,28,1990.0,1,шахматы,0,0.19091745335545424,0,1,1
4010,34,30-45,0,3,12,2021.0,0,спорт,0,0.7059463254472065,1,0,0
4011,29,<30,0,3,5,2013.0,1,блогинг,1,0.667234441055868,1,0,1
4012,41,30-45,1,3,19,1996.0,0,чтение,0,0.475150136285018,0,0,0
4013,46,45+,1,1,17,2007.0,1,шахматы,0,0.29698162746573736,0,0,0
4014,60,45+,1,3,27,1985.0,1,садоводство,0,0.19763760801090002,0,1,0
4015,42,30-45,1,1,15,2009.0,1,спорт,0,0.3220529893760712,0,1,1
4016,53,45+,1,2,18,1990.0,1,шахматы,0,0.20521807840597633,0,1,1
4017,43,30-45,1,3,13,2002.0,0,путешествия,0,0.5628157867771059,1,1,1
4018,55,45+,1,2,29,1985.0,1,спорт,0,0.15121592995775773,0,0,0
4019,18,<30,0,1,0,2020.0,0,чтение,0,0.5961169945498175,1,1,1
4020,37,30-45,1,3,18,2002.0,1,путешествия,0,0.37585704180050006,0,0,1
4021,45,30-45,0,3,9,2003.0,1,чтение,0,0.35353890508387203,0,1,0
4022,33,30-45,0,3,7,2018.0,0,чтение,0,0.690688528882948,1,0,0
4023,64,45+,1,3,22,1992.0,1,чтение,0,0.26575518268468373,0,1,0
4024,34,30-45,0,4,12,2014.0,1,чтение,0,0.5395978800812757,1,1,1
4025,57,45+,0,1,19,1993.0,0,садоводство,0,0.2513469184283338,0,1,0
4026,45,30-45,1,3,10,1997.0,0,путешествия,0,0.5156951727720058,1,1,0
4027,29,<30,1,1,7,2016.0,0,блогинг,1,0.7621492738996644,1,0,1
4028,44,30-45,1,2,11,2002.0,0,спорт,0,0.49510726635015506,0,0,1
4029,59,45+,1,3,21,1983.0,1,путешествия,0,0.19546516176214052,0,0,0
4030,64,45+,0,3,25,1985.0,1,шахматы,0,0.16330278522410802,0,1,1
4031,47,45+,0,1,23,2007.0,1,шахматы,0,0.23182290549071174,0,0,0
4032,58,45+,1,2,21,1983.0,1,спорт,0,0.1527812047648032,0,1,0
4033,51,45+,0,3,28,1992.0,1,путешествия,0,0.20544549815050578,0,0,0
4034,54,45+,1,3,24,1978.0,1,чтение,0,0.15678048567010222,0,0,1
4035,23,<30,0,3,4,2019.0,0,чтение,0,0.7084609082856835,1,0,0
4036,24,<30,0,2,5,2016.0,0,фотография,0,0.608190384786386,1,0,1
4037,49,45+,1,3,15,1994.0,0,садоводство,0,0.4652712674354075,0,0,0
4038,49,45+,1,1,28,1998.0,0,садоводство,0,0.32723540392390205,0,1,0
4039,42,30-45,1,1,15,1993.0,1,чтение,0,0.18602857205552764,0,0,0
4040,50,45+,0,3,25,2001.0,1,спорт,0,0.2886018415704431,0,0,0
4041,24,<30,0,3,2,2009.0,0,спорт,0,0.6121898494881614,1,0,1
4042,29,<30,0,1,9,2013.0,0,видеоигры,1,0.677603095234807,1,1,1
4043,33,30-45,0,1,8,2022.0,0,путешествия,0,0.5931898326295507,1,1,0
4044,33,30-45,0,3,6,2019.0,0,фотография,0,0.7030825297669673,1,1,0
4045,60,45+,0,2,31,1986.0,1,вязание,0,0.12304571918153553,0,0,0
4046,53,45+,1,2,22,1991.0,1,садоводство,0,0.20422949478969477,0,0,0
4047,30,<30,0,2,3,2017.0,0,чтение,0,0.6251210500973727,1,1,1
4048,24,<30,1,1,4,2022.0,0,скейтборд,1,0.8142290456868269,1,1,1
4049,53,45+,1,1,20,1985.0,0,чтение,0,0.22941873226491316,0,0,1
4050,64,45+,0,3,36,1983.0,1,шахматы,0,0.13380006064256306,0,0,1
4051,26,<30,0,3,4,2017.0,0,скейтборд,1,0.830135532340106,1,0,1
4052,49,45+,0,3,18,2006.0,0,путешествия,0,0.5280037313600993,1,1,0
4053,28,<30,1,3,8,2017.0,0,видеоигры,1,0.8573458604749602,1,1,1
4054,25,<30,0,3,5,2016.0,0,спорт,0,0.6765106346867756,1,1,1
4055,50,45+,0,4,13,2003.0,0,шахматы,0,0.58364765604387,1,0,0
4056,40,30-45,1,3,17,2005.0,0,чтение,0,0.5837009186036751,1,1,1
4057,42,30-45,0,2,15,2009.0,0,спорт,0,0.49752547890592036,0,0,0
4058,25,<30,1,3,2,2016.0,0,скейтборд,1,0.8612117450804762,1,1,1
4059,62,45+,1,2,34,1982.0,1,чтение,0,0.12707898011048432,0,1,0
4060,39,30-45,1,3,13,1998.0,1,спорт,0,0.34856866260468394,0,0,1
4061,21,<30,0,3,4,2017.0,0,видеоигры,1,0.830135532340106,1,1,1
4062,57,45+,1,3,28,1992.0,1,садоводство,0,0.25087159773600015,0,0,1
4063,20,<30,1,3,1,2019.0,0,фотография,0,0.7659179772190268,1,0,1
4064,46,45+,0,1,22,2003.0,0,садоводство,0,0.33782593540977046,0,0,0
4065,58,45+,0,1,23,1982.0,0,рыбалка,0,0.16161404840387547,0,1,0
4066,46,45+,0,2,18,2006.0,0,путешествия,0,0.45364902899786397,0,0,1
4067,51,45+,1,1,12,1981.0,1,спорт,0,0.12068834020173828,0,0,0
4068,51,45+,1,2,22,1986.0,0,вязание,0,0.29034738726487064,0,1,0
4069,45,30-45,1,2,19,1996.0,0,путешествия,0,0.4019007780178374,0,0,1
4070,30,<30,1,2,11,2016.0,0,путешествия,0,0.6503644112869793,1,1,0
4071,32,30-45,0,4,10,2014.0,0,путешествия,0,0.7067478509969832,1,0,1
4072,40,30-45,0,2,11,2002.0,1,чтение,0,0.27423921129586765,0,1,0
4073,61,45+,1,2,31,1989.0,1,чтение,0,0.1724904555498386,0,0,0
4074,43,30-45,1,1,14,2001.0,1,чтение,0,0.2502576454255686,0,0,0
4075,21,<30,0,3,3,2019.0,0,чтение,0,0.7111284893719375,1,1,1
4076,43,30-45,1,1,12,2000.0,1,чтение,0,0.24655565066699062,0,0,1
4077,57,45+,1,3,28,1992.0,1,фотография,0,0.25087159773600015,0,0,0
4078,26,<30,1,1,6,2015.0,1,фотография,0,0.4125526460870897,0,0,0
4079,22,<30,1,3,1,2020.0,0,спорт,0,0.7740168148093618,1,0,1
4080,49,45+,1,3,27,1998.0,1,путешествия,0,0.30860656664087693,0,0,0
4081,37,30-45,0,1,7,2000.0,0,фотография,0,0.3507075001336051,0,0,1
4082,28,<30,1,2,7,2019.0,0,скейтборд,1,0.8319845118528794,1,1,0
4083,32,30-45,0,2,10,2020.0,0,путешествия,0,0.6359614329871991,1,0,1
4084,49,45+,1,3,10,2003.0,1,чтение,0,0.41148297776793585,0,0,0
4085,45,30-45,0,2,18,2002.0,1,чтение,0,0.25657016182533365,0,0,0
4086,39,30-45,1,3,13,2010.0,1,спорт,0,0.4808636521233728,0,0,0
4087,58,45+,0,3,32,1989.0,1,вязание,0,0.17630414799992988,0,0,0
4088,34,30-45,0,3,12,2019.0,0,чтение,0,0.6866099725869355,1,0,1
4089,43,30-45,0,2,19,2009.0,1,чтение,0,0.31935965807621186,0,1,0
4090,61,45+,1,1,16,1981.0,0,спорт,0,0.20706429170390747,0,0,0
4091,24,<30,1,3,1,2013.0,0,путешествия,0,0.7132101751273182,1,0,1
4092,59,45+,0,3,21,1988.0,1,фотография,0,0.19079291039221183,0,1,0
4093,43,30-45,1,4,17,2001.0,1,путешествия,0,0.4398231786462218,0,0,0
4094,42,30-45,1,4,13,2006.0,0,чтение,0,0.675591641698441,1,0,1
4095,27,<30,1,3,6,2019.0,0,блогинг,1,0.8711065299743496,1,1,1
4096,62,45+,0,3,29,1994.0,1,садоводство,0,0.21855754564702698,0,1,0
4097,36,30-45,1,3,17,1998.0,1,спорт,0,0.3369003241224002,0,1,1
4098,28,<30,1,2,8,2012.0,1,чтение,0,0.44560561975238294,0,0,1
4099,30,<30,1,3,7,2021.0,1,путешествия,0,0.6234326520033062,1,1,1
4100,25,<30,1,2,2,2011.0,0,чтение,0,0.6244658329991064,1,1,1
4101,57,45+,1,2,19,1988.0,1,путешествия,0,0.18871156462594735,0,0,0
4102,21,<30,1,3,1,2013.0,0,программирование,1,0.8456852433218004,1,1,1
4103,64,45+,0,2,18,1979.0,1,чтение,0,0.10758493956954365,0,0,0
4104,48,45+,0,2,17,1994.0,1,чтение,0,0.1951703537758693,0,0,0
4105,45,30-45,0,2,13,2005.0,1,фотография,0,0.2969358665011686,0,1,0
4106,28,<30,0,3,3,2019.0,0,чтение,0,0.7111284893719375,1,1,1
4107,60,45+,1,3,22,1988.0,1,путешествия,0,0.23162023553314134,0,0,1
4108,18,<30,1,3,0,2016.0,0,блогинг,1,0.864278691872031,1,0,1
4109,64,45+,1,2,21,1988.0,0,вязание,0,0.3123215433427782,0,1,0
4110,55,45+,0,2,19,1986.0,1,шахматы,0,0.14082017172144365,0,0,0
4111,41,30-45,1,1,13,1999.0,0,спорт,0,0.38207957694317946,0,0,0
4112,64,45+,0,2,26,1993.0,1,вязание,0,0.17093140077114055,0,0,0
4113,48,45+,0,3,10,1999.0,1,путешествия,0,0.3101564828683793,0,0,0
4114,58,45+,0,2,30,1988.0,1,чтение,0,0.1347625638956661,0,0,0
4115,63,45+,1,2,26,1985.0,1,садоводство,0,0.15627030781733872,0,0,0
4116,43,30-45,0,1,18,2004.0,0,фотография,0,0.3599763621796779,0,0,0
4117,22,<30,1,2,0,2020.0,0,блогинг,1,0.8501960688536537,1,1,1
4118,37,30-45,0,1,10,1999.0,1,спорт,0,0.19852673346543737,0,0,1
4119,58,45+,1,3,21,1985.0,1,рыбалка,0,0.21024934053242456,0,0,0
4120,28,<30,1,3,9,2018.0,0,путешествия,0,0.7380912160021298,1,1,1
4121,50,45+,1,3,18,2004.0,0,путешествия,0,0.5693758077651144,1,0,0
4122,55,45+,1,3,30,1986.0,0,чтение,0,0.33198289032999384,0,0,0
4123,44,30-45,1,2,11,2000.0,1,фотография,0,0.3087334825850976,0,0,0
4124,51,45+,1,3,10,1984.0,1,рыбалка,0,0.2267597623442453,0,0,1
4125,32,30-45,1,3,6,2015.0,0,путешествия,0,0.718641651198786,1,0,1
4126,49,45+,0,1,12,2001.0,0,садоводство,0,0.34638829410208316,0,0,0
4127,38,30-45,0,3,12,1998.0,0,фотография,0,0.4561128447750351,0,1,1
4128,63,45+,0,4,30,1983.0,1,рыбалка,0,0.18362217982276025,0,1,0
4129,22,<30,1,2,1,2011.0,0,видеоигры,1,0.7877847567872569,1,1,0
4130,23,<30,1,3,1,2012.0,0,блогинг,1,0.839622685085279,1,0,1
4131,55,45+,1,3,32,1980.0,0,рыбалка,0,0.26903815400579356,0,1,0
4132,39,30-45,1,3,12,2007.0,1,спорт,0,0.4499628172004624,0,1,0
4133,35,30-45,0,3,16,2014.0,0,фотография,0,0.6233681215710907,1,1,0
4134,31,30-45,1,2,7,2011.0,0,спорт,0,0.6091630158846866,1,1,1
4135,27,<30,1,2,4,2010.0,0,путешествия,0,0.6075241548774174,1,0,1
4136,63,45+,0,3,32,1988.0,1,фотография,0,0.16976125588186675,0,0,0
4137,30,<30,1,3,7,2018.0,0,спорт,0,0.7430671873227297,1,1,1
4138,48,45+,0,4,14,1994.0,0,рыбалка,0,0.47832602936154905,0,0,0
4139,47,45+,1,2,16,1999.0,1,спорт,0,0.2856657930440381,0,0,0
4140,20,<30,0,2,0,2019.0,0,видеоигры,1,0.8071782811690567,1,0,1
4141,47,45+,1,2,19,1999.0,1,чтение,0,0.27780426117906565,0,0,0
4142,23,<30,1,1,1,2014.0,0,программирование,1,0.7596464797947341,1,1,1
4143,46,45+,0,2,17,2008.0,1,шахматы,0,0.3150650190437601,0,1,1
4144,25,<30,0,2,4,2020.0,0,программирование,1,0.8062314715475489,1,1,1
4145,61,45+,0,2,36,1984.0,1,шахматы,0,0.10715757744891015,0,0,0
4146,62,45+,1,2,21,1993.0,0,фотография,0,0.36339924131729545,0,1,0
4147,60,45+,1,2,29,1984.0,1,спорт,0,0.1454396997863571,0,1,1
4148,61,45+,0,4,18,1988.0,1,вязание,0,0.24825416978299736,0,1,1
4149,50,45+,0,3,13,2010.0,0,шахматы,0,0.5889925178756672,1,1,1
4150,34,30-45,1,1,8,2015.0,0,путешествия,0,0.5782742405323545,1,0,0
4151,65,45+,1,3,32,1990.0,1,фотография,0,0.22491858361929298,0,0,1
4152,28,<30,1,3,7,2016.0,0,фотография,0,0.7252217082405914,1,0,1
4153,30,<30,0,3,15,2014.0,1,спорт,0,0.4555682186898145,0,1,1
4154,28,<30,1,2,3,2013.0,0,блогинг,1,0.7985380545826533,1,1,1
4155,48,45+,1,2,20,1998.0,1,рыбалка,0,0.26618619162094426,0,0,0
4156,45,30-45,1,3,15,1995.0,0,спорт,0,0.4766645967456895,0,0,0
4157,61,45+,1,2,24,1987.0,1,чтение,0,0.17237537223635024,0,0,0
4158,23,<30,1,4,2,2018.0,0,чтение,0,0.8060888108105738,1,1,1
4159,58,45+,1,3,34,1993.0,1,фотография,0,0.24491080092934084,0,0,0
4160,33,30-45,0,4,11,2019.0,0,путешествия,0,0.7493856183773383,1,1,1
4161,21,<30,1,2,1,2018.0,0,спорт,0,0.6988029294070346,1,1,1
4162,52,45+,0,2,23,1993.0,1,вязание,0,0.17650772745388194,0,1,0
4163,65,45+,0,2,31,1984.0,1,садоводство,0,0.1135121171019704,0,0,0
4164,43,30-45,0,4,19,2004.0,0,чтение,0,0.5758580309171265,1,1,0
4165,29,<30,1,2,6,2017.0,0,блогинг,1,0.8207223321814423,1,1,1
4166,28,<30,0,3,7,2016.0,1,фотография,0,0.5042160756283108,1,1,1
4167,54,45+,0,2,22,1984.0,0,шахматы,0,0.22377729728580373,0,0,1
4168,42,30-45,0,2,9,2000.0,0,путешествия,0,0.4148960595485006,0,0,1
4169,35,30-45,0,1,15,2011.0,0,фотография,0,0.44608315895315215,0,0,0
4170,36,30-45,0,3,7,1993.0,0,фотография,0,0.41583444171007056,0,0,0
4171,40,30-45,1,3,12,2001.0,1,путешествия,0,0.3833867074164134,0,1,1
4172,55,45+,1,1,25,1992.0,0,путешествия,0,0.2776313226699362,0,0,0
4173,35,30-45,0,3,11,2012.0,0,фотография,0,0.6170774460680093,1,0,0
4174,43,30-45,1,3,17,2006.0,0,фотография,0,0.5947686277643616,1,0,0
4175,23,<30,1,3,2,2021.0,0,скейтборд,1,0.8863550474196579,1,1,1
4176,21,<30,0,3,0,2010.0,0,фотография,0,0.629053099952989,1,1,0
4177,61,45+,1,2,30,1993.0,0,путешествия,0,0.33688788649769225,0,0,0
4178,46,45+,1,2,21,1999.0,0,спорт,0,0.4289188312097031,0,0,0
4179,51,45+,0,3,25,1986.0,0,фотография,0,0.2904684092863051,0,0,1
4180,34,30-45,0,2,7,2018.0,0,спорт,0,0.6236970444669075,1,1,1
4181,60,45+,1,2,23,1992.0,1,фотография,0,0.2096084214388333,0,0,0
4182,60,45+,1,1,26,1990.0,1,фотография,0,0.14733379241232308,0,0,0
4183,33,30-45,0,3,9,2023.0,1,чтение,0,0.5771465271893993,1,0,1
4184,19,<30,1,2,0,2020.0,0,фотография,0,0.7203127252130874,1,0,1
4185,51,45+,1,3,23,1994.0,1,путешествия,0,0.2813533660394906,0,0,0
4186,25,<30,1,1,2,2011.0,0,фотография,0,0.5524258887758793,1,0,1
4187,30,<30,1,4,10,2017.0,0,спорт,0,0.7816761948766935,1,1,0
4188,59,45+,0,2,15,1987.0,0,шахматы,0,0.2658176070480039,0,0,0
4189,25,<30,1,3,6,2015.0,1,видеоигры,1,0.7374668026599758,1,1,1
4190,47,45+,1,3,16,2001.0,0,шахматы,0,0.5419057513909201,1,0,0
4191,49,45+,0,3,17,1997.0,0,садоводство,0,0.42886514231972966,0,0,0
4192,53,45+,1,2,23,1989.0,1,шахматы,0,0.18778370951365594,0,0,0
4193,64,45+,1,3,23,1980.0,1,рыбалка,0,0.1710829845857178,0,1,1
4194,47,45+,0,2,13,1995.0,1,фотография,0,0.21094694422447569,0,0,0
4195,18,<30,1,2,0,2018.0,0,программирование,1,0.8381708331057517,1,1,0
4196,60,45+,0,3,24,1983.0,1,спорт,0,0.15285723761642026,0,0,0
4197,56,45+,0,3,33,1987.0,0,спорт,0,0.27868705856991555,0,0,0
4198,34,30-45,0,3,8,2012.0,0,чтение,0,0.626214967506952,1,0,1
4199,37,30-45,0,3,9,1999.0,1,фотография,0,0.31293412484875677,0,1,0
4200,41,30-45,1,2,10,2001.0,1,спорт,0,0.32139524494504795,0,0,0
4201,39,30-45,0,4,6,1999.0,0,чтение,0,0.561068619875854,1,0,0
4202,46,45+,1,1,15,2003.0,1,рыбалка,0,0.26527485155537944,0,0,0
4203,39,30-45,0,3,11,2002.0,1,спорт,0,0.337344697512358,0,0,0
4204,61,45+,1,3,25,1982.0,1,путешествия,0,0.1805814551904687,0,0,1
4205,26,<30,1,2,6,2012.0,0,фотография,0,0.6230408393233847,1,1,0
4206,54,45+,1,2,15,1986.0,1,спорт,0,0.18271482798898556,0,0,0
4207,27,<30,0,3,4,2019.0,1,фотография,0,0.5480770739152279,1,0,0
4208,53,45+,0,1,24,1993.0,0,чтение,0,0.23935965707760462,0,0,0
4209,54,45+,0,2,28,1992.0,1,шахматы,0,0.16101830854111557,0,0,0
4210,45,30-45,1,1,19,2002.0,0,путешествия,0,0.39621900225235995,0,0,1
4211,45,30-45,0,3,19,2000.0,0,фотография,0,0.45631291637599747,0,0,0
4212,59,45+,1,1,26,1993.0,1,садоводство,0,0.16541474784287732,0,1,1
4213,60,45+,1,1,22,1995.0,1,спорт,0,0.18615072045053155,0,0,0
4214,38,30-45,0,1,20,2004.0,0,спорт,0,0.3540309023852946,0,1,1
4215,41,30-45,1,2,15,2004.0,1,фотография,0,0.33739369742290765,0,0,0
4216,59,45+,1,3,32,1985.0,0,садоводство,0,0.3162929766438589,0,1,0
4217,57,45+,1,4,30,1985.0,1,фотография,0,0.24197052522383736,0,1,0
4218,19,<30,0,1,0,2022.0,0,фотография,0,0.6179298469408482,1,0,0
4219,25,<30,0,3,4,2016.0,0,спорт,0,0.679338240234442,1,1,1
4220,65,45+,0,3,30,1983.0,1,путешествия,0,0.14306450985702915,0,0,0
4221,44,30-45,1,3,15,2002.0,1,спорт,0,0.3850140730779342,0,0,1
4222,39,30-45,1,3,13,2008.0,0,чтение,0,0.628777235524947,1,1,1
4223,54,45+,0,2,25,1992.0,1,рыбалка,0,0.16633612168616504,0,0,0
4224,44,30-45,1,2,15,2009.0,0,путешествия,0,0.5618647424990052,1,1,1
4225,46,45+,0,2,20,1998.0,0,чтение,0,0.35946788114663897,0,0,0
4226,20,<30,1,1,3,2015.0,0,видеоигры,1,0.763248229738904,1,1,1
4227,61,45+,1,3,25,1982.0,1,фотография,0,0.1805814551904687,0,0,0
4228,30,<30,1,2,5,2024.0,0,чтение,0,0.7434884506561273,1,0,1
4229,62,45+,1,2,23,1994.0,1,путешествия,0,0.22516295345883292,0,0,0
4230,27,<30,0,2,4,2016.0,0,спорт,0,0.6112720280866951,1,0,1
4231,53,45+,0,3,22,1986.0,0,рыбалка,0,0.29854017481071227,0,0,0
4232,26,<30,1,3,9,2020.0,0,чтение,0,0.7553828034874475,1,0,1
4233,44,30-45,0,3,24,2011.0,1,путешествия,0,0.3936634326909729,0,1,0
4234,51,45+,0,2,24,1982.0,1,фотография,0,0.1134309894973112,0,1,0
4235,18,<30,1,3,0,2022.0,0,видеоигры,1,0.8933731198233407,1,1,1
4236,49,45+,0,2,18,2008.0,0,путешествия,0,0.47639786798309647,0,0,0
4237,42,30-45,1,1,18,2000.0,1,чтение,0,0.23240698384729994,0,0,0
4238,46,45+,1,2,12,2007.0,1,путешествия,0,0.3778013376916948,0,0,0
4239,24,<30,1,3,3,2009.0,0,программирование,1,0.8164283552997438,1,0,1
4240,20,<30,1,3,1,2015.0,0,путешествия,0,0.731546980230165,1,1,1
4241,37,30-45,1,4,10,2006.0,0,спорт,0,0.6840477881627378,1,0,1
4242,37,30-45,1,3,8,2007.0,0,спорт,0,0.6332063705657306,1,0,0
4243,47,45+,1,1,13,1998.0,1,путешествия,0,0.22767666869063372,0,0,0
4244,52,45+,0,1,20,1982.0,0,фотография,0,0.16694762144253728,0,1,1
4245,52,45+,1,1,14,1981.0,1,садоводство,0,0.11796657864007601,0,0,0
4246,56,45+,1,3,25,1993.0,1,спорт,0,0.2670995243696331,0,0,0
4247,44,30-45,0,3,11,1996.0,0,спорт,0,0.43671370354808603,0,1,1
4248,43,30-45,0,4,16,1995.0,1,фотография,0,0.31822565897148025,0,0,0
4249,31,30-45,1,3,8,2019.0,0,путешествия,0,0.7492753065310351,1,1,0
4250,34,30-45,0,3,8,2012.0,1,фотография,0,0.4553682001293075,0,0,0
4251,35,30-45,1,3,12,2019.0,0,путешествия,0,0.7394187210073279,1,1,1
4252,62,45+,1,3,22,1988.0,1,садоводство,0,0.23162023553314134,0,1,0
4253,46,45+,0,3,18,2006.0,0,чтение,0,0.5280037313600993,1,1,0
4254,37,30-45,1,3,12,1995.0,0,спорт,0,0.48636378442274847,0,0,0
4255,44,30-45,0,3,10,2002.0,0,путешествия,0,0.5082035550397135,1,1,0
4256,35,30-45,1,3,8,2021.0,1,фотография,0,0.6203875436228561,1,1,1
4257,21,<30,0,2,1,2015.0,0,спорт,0,0.609636343500578,1,0,0
4258,18,<30,1,1,0,2022.0,0,спорт,0,0.6768651508177532,1,0,1
4259,18,<30,0,1,0,2021.0,0,путешествия,0,0.6070768155084947,1,0,0
4260,43,30-45,0,2,20,1998.0,1,путешествия,0,0.21879695527893314,0,0,0
4261,62,45+,0,3,24,1989.0,1,рыбалка,0,0.1918571349952141,0,1,0
4262,37,30-45,0,1,6,1993.0,1,спорт,0,0.16546660196575114,0,1,0
4263,40,30-45,1,2,18,1994.0,1,спорт,0,0.23666044523121826,0,0,0
4264,27,<30,0,2,5,2016.0,0,спорт,0,0.608190384786386,1,1,1
4265,28,<30,1,3,4,2014.0,0,чтение,0,0.7146150302713681,1,0,1
4266,58,45+,1,2,19,1979.0,1,чтение,0,0.13354526516450826,0,0,0
4267,58,45+,1,1,25,1994.0,1,садоводство,0,0.1736754772538727,0,0,1
4268,22,<30,1,1,5,2012.0,0,видеоигры,1,0.7325270620664318,1,0,1
4269,18,<30,1,1,0,2013.0,0,блогинг,1,0.7536107136356075,1,0,0
4270,34,30-45,0,3,8,2015.0,0,спорт,0,0.6577315164408027,1,1,0
4271,39,30-45,0,2,11,2010.0,0,спорт,0,0.5218941838500005,1,0,0
4272,51,45+,1,3,23,1985.0,1,садоводство,0,0.20598093876636836,0,0,1
4273,62,45+,1,3,40,1986.0,1,путешествия,0,0.17890990840012216,0,0,0
4274,58,45+,1,4,25,1988.0,1,чтение,0,0.2809071995810938,0,0,0
4275,46,45+,0,2,15,2011.0,0,шахматы,0,0.520378911560979,1,0,0
4276,21,<30,0,1,3,2014.0,0,блогинг,1,0.7039564582240355,1,0,1
4277,22,<30,0,1,1,2016.0,0,чтение,0,0.548210593794233,1,0,1
4278,28,<30,1,2,2,2009.0,1,спорт,0,0.4309617440965224,0,0,0
4279,38,30-45,1,3,13,2002.0,0,спорт,0,0.5628157867771059,1,0,0
4280,52,45+,0,1,7,1995.0,1,фотография,0,0.17659419301208043,0,0,0
4281,29,<30,0,2,6,2017.0,0,фотография,0,0.6159731862784673,1,0,1
4282,43,30-45,1,3,14,2000.0,1,спорт,0,0.36660061935678895,0,0,0
4283,36,30-45,1,3,11,2002.0,0,путешествия,0,0.5691780604002105,1,0,1
4284,62,45+,0,1,26,1986.0,1,садоводство,0,0.10000067483576229,0,0,0
4285,24,<30,1,1,3,2011.0,0,видеоигры,1,0.7286241192811769,1,1,0
4286,64,45+,1,1,27,1990.0,1,спорт,0,0.14571430245723002,0,0,0
4287,24,<30,1,4,5,2023.0,0,блогинг,1,0.9171862451582735,1,1,1
4288,43,30-45,1,3,15,2007.0,0,спорт,0,0.6119091812370155,1,1,0
4289,57,45+,0,3,27,1990.0,1,садоводство,0,0.19292588048471432,0,0,1
4290,22,<30,0,4,1,2021.0,0,чтение,0,0.7885656084044977,1,0,1
4291,38,30-45,1,3,7,2001.0,0,спорт,0,0.5706663588751612,1,1,0
4292,31,30-45,0,2,11,2018.0,0,спорт,0,0.6114636434448205,1,1,1
4293,21,<30,1,2,2,2015.0,0,спорт,0,0.6662927769643038,1,1,0
4294,40,30-45,1,3,16,2001.0,0,фотография,0,0.5419057513909201,1,0,1
4295,59,45+,1,3,25,1984.0,0,спорт,0,0.32608683720447046,0,0,0
4296,37,30-45,0,2,4,1999.0,0,путешествия,0,0.4195212113645073,0,1,0
4297,32,30-45,0,3,7,2012.0,0,путешествия,0,0.6292412666777559,1,0,0
4298,62,45+,1,4,24,1978.0,1,спорт,0,0.2003175801791553,0,1,0
4299,46,45+,0,1,14,1997.0,1,фотография,0,0.17671149155058563,0,0,0
4300,25,<30,1,3,3,2008.0,0,путешествия,0,0.6584688478417714,1,0,1
4301,58,45+,1,1,25,1991.0,1,спорт,0,0.1548591130440448,0,0,0
4302,65,45+,0,2,22,1988.0,1,садоводство,0,0.14730625861651736,0,0,0
4303,36,30-45,1,2,11,1999.0,0,путешествия,0,0.4608900442237616,0,0,0
4304,65,45+,0,3,21,1985.0,1,фотография,0,0.17050467512882111,0,0,0
4305,56,45+,0,3,22,1984.0,1,шахматы,0,0.16236512821984123,0,0,0
4306,63,45+,1,2,24,1994.0,0,путешествия,0,0.36499198591827764,0,0,0
4307,45,30-45,1,3,14,2001.0,0,спорт,0,0.5483281177556675,1,0,1
4308,63,45+,1,3,25,1989.0,0,шахматы,0,0.3781777257063048,0,0,0
4309,44,30-45,1,3,18,1999.0,1,чтение,0,0.3442618314185985,0,0,1
4310,21,<30,1,1,1,2011.0,0,программирование,1,0.7337150642465701,1,1,0
4311,32,30-45,0,3,7,2012.0,0,фотография,0,0.6292412666777559,1,0,1
4312,52,45+,0,1,15,1990.0,1,садоводство,0,0.1333283704391625,0,1,0
4313,54,45+,1,2,20,1986.0,1,рыбалка,0,0.17324333259124225,0,0,0
4314,18,<30,0,1,0,2018.0,0,видеоигры,1,0.7480009689927809,1,0,0
4315,20,<30,1,2,3,2017.0,0,скейтборд,1,0.8263677170516013,1,1,0
4316,64,45+,1,3,24,1984.0,1,садоводство,0,0.19654911766387714,0,0,0
4317,41,30-45,1,2,13,2009.0,0,путешествия,0,0.5682302387205446,1,0,1
4318,44,30-45,0,2,12,1998.0,0,чтение,0,0.3836530154234536,0,0,1
4319,57,45+,0,3,29,1993.0,0,фотография,0,0.34868938368389746,0,0,0
4320,53,45+,0,3,19,1987.0,0,рыбалка,0,0.31654864931073085,0,1,0
4321,51,45+,1,3,14,1986.0,0,садоводство,0,0.37941674274547516,0,1,1
4322,46,45+,1,2,11,2009.0,1,фотография,0,0.40263891774540245,0,1,0
4323,41,30-45,1,3,17,2004.0,0,чтение,0,0.57254817322906,1,1,1
4324,41,30-45,1,2,14,2011.0,0,спорт,0,0.5873794999991232,1,1,0
4325,59,45+,0,4,20,1993.0,0,вязание,0,0.4476471122186682,0,0,0
4326,21,<30,1,3,1,2021.0,0,чтение,0,0.7819152313142779,1,0,1
4327,20,<30,1,3,0,2012.0,0,видеоигры,1,0.8413588739764747,1,0,1
4328,51,45+,0,1,15,1989.0,0,фотография,0,0.22748658268137653,0,0,0
4329,40,30-45,0,2,13,2007.0,1,путешествия,0,0.31637680791046946,0,0,1
4330,40,30-45,1,1,11,1997.0,0,спорт,0,0.36672580462876203,0,0,1
4331,62,45+,1,2,22,1982.0,0,шахматы,0,0.2541470420817081,0,0,0
4332,22,<30,0,2,3,2015.0,0,скейтборд,1,0.770300624089443,1,1,0
4333,48,45+,1,3,14,1996.0,1,путешествия,0,0.3252504420579459,0,1,0
4334,58,45+,0,1,28,1982.0,1,фотография,0,0.08271359386235974,0,0,0
4335,23,<30,0,3,2,2014.0,0,фотография,0,0.664892503868519,1,0,0
4336,54,45+,1,1,26,1989.0,0,рыбалка,0,0.2485463024580794,0,0,0
4337,27,<30,1,2,5,2013.0,0,скейтборд,1,0.7943390418393003,1,0,1
4338,57,45+,1,3,20,1991.0,1,чтение,0,0.26190402015068887,0,0,1
4339,24,<30,0,3,4,2020.0,0,скейтборд,1,0.8486146471051719,1,0,1
4340,56,45+,0,2,19,1979.0,1,вязание,0,0.10634787397478575,0,0,0
4341,55,45+,0,1,17,1988.0,1,шахматы,0,0.1203410118423853,0,0,1
4342,38,30-45,0,3,15,2005.0,0,чтение,0,0.5262891979963604,1,0,0
4343,37,30-45,0,2,10,2002.0,0,фотография,0,0.4340728841479176,0,0,0
4344,20,<30,0,2,0,2010.0,0,фотография,0,0.5572692548165374,1,1,0
4345,39,30-45,0,3,15,1998.0,1,спорт,0,0.28702661786717076,0,1,0
4346,64,45+,0,2,31,1979.0,1,садоводство,0,0.0924563222903953,0,0,0
4347,21,<30,1,1,2,2021.0,0,чтение,0,0.6610041208761466,1,0,1
4348,45,30-45,0,4,16,1996.0,0,чтение,0,0.49470220524648056,0,0,1
4349,29,<30,0,3,5,2010.0,0,спорт,0,0.6138216122147333,1,1,1
4350,55,45+,1,1,19,1989.0,1,фотография,0,0.15306718600302524,0,0,0
4351,53,45+,0,3,24,1989.0,1,чтение,0,0.1918571349952141,0,0,0
4352,64,45+,1,1,34,1990.0,1,вязание,0,0.13478812370287077,0,0,0
4353,58,45+,0,3,31,1992.0,1,чтение,0,0.19917607349038075,0,0,0
4354,22,<30,0,3,3,2010.0,0,скейтборд,1,0.7823530729411655,1,1,1
4355,30,<30,0,1,7,2013.0,0,путешествия,0,0.49463838012772776,0,1,0
4356,40,30-45,0,1,13,2009.0,0,чтение,0,0.42994698547752996,0,0,0
4357,47,45+,1,1,25,2003.0,1,фотография,0,0.2408118671491093,0,1,1
4358,54,45+,1,3,20,1994.0,0,вязание,0,0.44920315999790517,0,0,0
4359,42,30-45,0,3,19,2011.0,0,путешествия,0,0.5812311419450455,1,0,1
4360,65,45+,0,1,23,1988.0,1,спорт,0,0.11235513796450637,0,1,0
4361,44,30-45,1,2,11,2005.0,0,фотография,0,0.5293703823543636,1,0,0
4362,31,30-45,0,2,6,2010.0,0,спорт,0,0.5380225953402515,1,0,1
4363,65,45+,1,2,35,1981.0,1,фотография,0,0.12071081017462346,0,0,0
4364,64,45+,0,2,35,1985.0,1,чтение,0,0.11290254720776463,0,1,1
4365,53,45+,1,3,32,1988.0,1,садоводство,0,0.20937637128551692,0,1,0
4366,56,45+,0,3,13,1982.0,0,чтение,0,0.2848307955206627,0,1,0
4367,33,30-45,0,4,8,2013.0,0,чтение,0,0.7026214502728527,1,1,1
4368,39,30-45,1,4,14,1994.0,0,спорт,0,0.5428648711581998,1,1,0
4369,38,30-45,1,3,11,2003.0,0,спорт,0,0.5803542881214152,1,1,0
4370,38,30-45,1,3,9,2000.0,1,чтение,0,0.3817619503201748,0,0,0
4371,25,<30,1,4,8,2013.0,0,скейтборд,1,0.8708584468992466,1,0,1
4372,33,30-45,1,1,11,2011.0,1,фотография,0,0.35409376435346124,0,0,0
4373,48,45+,0,1,20,2002.0,0,чтение,0,0.3334046091912043,0,0,0
4374,59,45+,1,1,30,1993.0,1,путешествия,0,0.15838679838384928,0,1,0
4375,27,<30,0,3,6,2008.0,0,чтение,0,0.5887972729988447,1,1,1
4376,49,45+,1,3,17,1997.0,1,чтение,0,0.3267618077505336,0,0,1
4377,51,45+,1,2,21,1996.0,0,рыбалка,0,0.3956909775498211,0,0,0
4378,26,<30,0,3,4,2017.0,0,программирование,1,0.830135532340106,1,0,1
4379,34,30-45,0,3,9,2013.0,0,спорт,0,0.6338552791781953,1,0,1
4380,28,<30,0,1,9,2012.0,0,видеоигры,1,0.6675331295806233,1,1,0
4381,49,45+,0,2,19,1999.0,1,рыбалка,0,0.22899210544671852,0,1,0
4382,27,<30,1,1,6,2011.0,0,фотография,0,0.5395859043368793,1,0,1
4383,39,30-45,0,1,10,1997.0,0,фотография,0,0.31174575626659695,0,1,0
4384,34,30-45,0,3,12,2022.0,0,чтение,0,0.7153489432560726,1,1,1
4385,21,<30,1,3,1,2013.0,0,скейтборд,1,0.8456852433218004,1,1,1
4386,65,45+,1,3,31,1980.0,1,чтение,0,0.15688713100263355,0,0,0
4387,64,45+,1,3,26,1991.0,1,чтение,0,0.24716351496910724,0,1,0
4388,42,30-45,1,3,15,2004.0,1,чтение,0,0.4068843281685314,0,0,0
4389,38,30-45,1,3,9,2011.0,1,спорт,0,0.5052368434887934,1,0,0
4390,54,45+,1,3,21,1982.0,1,вязание,0,0.18837379978869964,0,1,0
4391,55,45+,1,3,29,1993.0,1,садоводство,0,0.25708210635904705,0,0,1
4392,18,<30,1,3,0,2018.0,0,блогинг,1,0.8746540248651011,1,0,0
4393,42,30-45,0,2,13,2005.0,0,спорт,0,0.45836775569294214,0,0,1
4394,53,45+,0,3,22,1985.0,0,спорт,0,0.28905283751840116,0,0,1
4395,34,30-45,1,2,7,2010.0,0,путешествия,0,0.5982228736288712,1,0,0
4396,58,45+,1,3,27,1987.0,1,шахматы,0,0.21254269281411353,0,0,1
4397,41,30-45,1,2,12,2002.0,0,фотография,0,0.4918702366082277,0,1,0
4398,19,<30,1,2,0,2011.0,0,скейтборд,1,0.7899417281874469,1,1,1
4399,57,45+,1,4,18,1988.0,1,вязание,0,0.2995768798948848,0,0,0
4400,32,30-45,1,2,9,2011.0,0,спорт,0,0.602979345243762,1,0,1
4401,49,45+,1,2,19,2005.0,1,спорт,0,0.3360376015181492,0,0,0
4402,56,45+,1,1,28,1984.0,1,садоводство,0,0.11345303394920071,0,0,0
4403,23,<30,0,3,1,2014.0,0,блогинг,1,0.8158155669005073,1,0,1
4404,18,<30,0,3,0,2009.0,0,блогинг,1,0.7811795641907716,1,1,1
4405,64,45+,1,3,38,1987.0,1,спорт,0,0.18967547266730928,0,0,1
4406,40,30-45,0,3,13,2004.0,0,фотография,0,0.5213432918459089,1,0,0
4407,56,45+,1,2,33,1981.0,1,рыбалка,0,0.12348702312399017,0,1,0
4408,34,30-45,0,1,7,2019.0,0,спорт,0,0.5628974635489622,1,0,1
4409,51,45+,1,1,20,1986.0,1,спорт,0,0.13460013262283496,0,0,0
4410,58,45+,1,3,27,1982.0,1,чтение,0,0.17678053720735484,0,1,1
4411,46,45+,1,3,15,1997.0,1,фотография,0,0.3324850293374282,0,0,0
4412,26,<30,0,2,3,2013.0,0,программирование,1,0.7537197449888717,1,0,1
4413,30,<30,1,1,3,2018.0,1,чтение,0,0.4557701044441035,0,0,1
4414,23,<30,1,1,4,2009.0,1,путешествия,0,0.35390933687577203,0,0,1
4415,23,<30,0,3,5,2013.0,0,скейтборд,1,0.8007071239027166,1,1,1
4416,37,30-45,1,1,15,2003.0,0,спорт,0,0.4197710039751454,0,1,0
4417,20,<30,0,1,1,2012.0,0,чтение,0,0.5026313166487443,1,0,1
4418,34,30-45,0,2,10,2023.0,1,фотография,0,0.50001252319737,1,0,0
4419,29,<30,0,3,14,2010.0,0,спорт,0,0.5858539170017545,1,0,1
4420,65,45+,1,3,28,1982.0,1,садоводство,0,0.17490376393206705,0,0,0
4421,64,45+,1,2,26,1984.0,1,фотография,0,0.15033520393175687,0,1,1
4422,62,45+,1,3,23,1981.0,1,фотография,0,0.17766591720369906,0,0,1
4423,18,<30,0,3,0,2014.0,0,фотография,0,0.6706385936259679,1,1,1
4424,34,30-45,0,4,9,2009.0,0,путешествия,0,0.6601457993141373,1,1,0
4425,20,<30,1,1,2,2014.0,0,спорт,0,0.5860513890488961,1,0,0
4426,43,30-45,1,3,12,2002.0,1,спорт,0,0.39425327602449356,0,1,1
4427,32,30-45,1,2,12,2016.0,0,спорт,0,0.647413917605881,1,0,1
4428,53,45+,0,1,20,1984.0,0,чтение,0,0.18005758348694081,0,0,0
4429,49,45+,0,3,20,2002.0,0,садоводство,0,0.4758472028495407,0,0,1
4430,49,45+,1,2,16,2000.0,0,садоводство,0,0.45616722030722906,0,0,0
4431,21,<30,1,2,1,2012.0,0,блогинг,1,0.7953292095076274,1,0,1
4432,35,30-45,0,2,8,2022.0,0,фотография,0,0.6626750010821919,1,0,0
4433,36,30-45,0,2,13,2000.0,0,фотография,0,0.40237886149635393,0,1,0
4434,60,45+,1,2,29,1995.0,1,садоводство,0,0.21963391145742578,0,0,0
4435,52,45+,0,2,26,1980.0,1,фотография,0,0.10215336062936756,0,0,0
4436,57,45+,1,3,32,1979.0,1,вязание,0,0.1492806670206947,0,0,0
4437,31,30-45,0,3,11,2013.0,1,фотография,0,0.4570746194611437,0,1,1
4438,50,45+,0,1,17,2001.0,1,вязание,0,0.1986550854567783,0,1,0
4439,31,30-45,1,3,9,2021.0,1,чтение,0,0.6173329255230567,1,0,1
4440,51,45+,0,3,23,1988.0,1,вязание,0,0.18682606381881622,0,1,0
4441,21,<30,1,1,0,2012.0,0,путешествия,0,0.5700627975785706,1,1,1
4442,41,30-45,1,2,10,2004.0,0,чтение,0,0.5211967368655387,1,0,0
4443,46,45+,0,3,20,2004.0,1,вязание,0,0.3317581432507119,0,0,0
4444,36,30-45,0,3,14,1994.0,1,спорт,0,0.2535369096995308,0,0,0
4445,23,<30,1,1,1,2009.0,0,спорт,0,0.5329443307118924,1,0,0
4446,50,45+,0,2,13,2008.0,1,фотография,0,0.3263493001347633,0,1,0
4447,57,45+,0,3,18,1981.0,1,шахматы,0,0.15108433389703071,0,1,0
4448,36,30-45,0,4,11,2003.0,1,фотография,0,0.41791213633821805,0,1,0
4449,18,<30,1,1,0,2023.0,0,блогинг,1,0.8285319093481065,1,0,0
4450,22,<30,1,4,3,2017.0,1,спорт,0,0.6617488182033482,1,0,1
4451,44,30-45,1,2,16,2006.0,1,фотография,0,0.3551627377770554,0,0,0
4452,33,30-45,0,2,10,2012.0,1,путешествия,0,0.3768419343088448,0,1,1
4453,23,<30,1,2,3,2018.0,0,чтение,0,0.6933235051475721,1,0,1
4454,57,45+,1,3,25,1990.0,1,путешествия,0,0.24111485078841366,0,1,0
4455,30,<30,1,2,7,2011.0,0,чтение,0,0.6091630158846866,1,1,1
4456,65,45+,1,2,33,1985.0,1,садоводство,0,0.1446866595725796,0,0,0
4457,52,45+,1,3,25,1991.0,0,чтение,0,0.3999121733441192,0,0,0
4458,36,30-45,1,4,8,2003.0,0,фотография,0,0.659518456277495,1,0,1
4459,29,<30,1,2,11,2016.0,0,программирование,1,0.803887005824458,1,1,1
4460,33,30-45,0,1,8,2018.0,0,фотография,0,0.5484103294281562,1,1,1
4461,60,45+,0,3,21,1989.0,0,вязание,0,0.33089934632826706,0,0,0
4462,27,<30,0,3,6,2010.0,0,путешествия,0,0.6107473100323895,1,1,1
4463,42,30-45,0,1,16,2000.0,1,фотография,0,0.19348843186160597,0,0,0
4464,37,30-45,0,4,19,2005.0,0,чтение,0,0.5869867134139487,1,0,1
4465,48,45+,1,1,14,2000.0,0,путешествия,0,0.3898478913669808,0,1,1
4466,21,<30,0,3,2,2020.0,0,скейтборд,1,0.8519120982048642,1,1,1
4467,61,45+,1,2,35,1983.0,1,путешествия,0,0.13075983216704093,0,0,1
4468,40,30-45,1,3,5,2005.0,0,фотография,0,0.6209044928892704,1,1,1
4469,19,<30,0,2,0,2011.0,0,блогинг,1,0.7438245373187528,1,1,1
4470,39,30-45,1,3,12,1999.0,0,путешествия,0,0.53204591185542,1,0,1
4471,54,45+,1,4,27,1978.0,1,вязание,0,0.19416639990013088,0,0,0
4472,25,<30,0,2,7,2018.0,0,чтение,0,0.6236970444669075,1,0,1
4473,24,<30,0,3,1,2018.0,0,скейтборд,1,0.841731575394451,1,1,0
4474,31,30-45,0,2,10,2022.0,0,чтение,0,0.6568610642641884,1,0,1
4475,20,<30,1,3,2,2009.0,0,блогинг,1,0.8183613178828388,1,1,1
4476,33,30-45,0,4,9,2016.0,0,путешествия,0,0.7279111833343906,1,0,1
4477,36,30-45,1,3,5,2006.0,0,спорт,0,0.6316073579733992,1,0,0
4478,35,30-45,1,3,11,2019.0,1,чтение,0,0.5892542626708555,1,1,0
4479,33,30-45,0,4,15,2021.0,0,спорт,0,0.7567596809074163,1,1,1
4480,25,<30,1,1,2,2017.0,1,блогинг,1,0.6410591118042489,1,0,1
4481,50,45+,0,2,16,2000.0,1,рыбалка,0,0.24426621441460467,0,0,0
4482,29,<30,1,3,7,2014.0,0,скейтборд,1,0.8414664874106736,1,1,1
4483,28,<30,0,2,6,2018.0,1,спорт,0,0.4559157800084056,0,0,1
4484,22,<30,1,3,2,2015.0,0,спорт,0,0.7289960973310353,1,1,1
4485,44,30-45,0,3,22,2008.0,0,путешествия,0,0.5378747636972764,1,0,0
4486,29,<30,1,1,4,2015.0,0,спорт,0,0.5908534032072572,1,0,1
4487,34,30-45,1,2,12,2012.0,0,фотография,0,0.6046248333323666,1,0,0
4488,23,<30,0,2,3,2015.0,0,чтение,0,0.6034552867036194,1,0,1
4489,50,45+,1,3,17,2006.0,1,спорт,0,0.42279691129772207,0,0,0
4490,22,<30,0,2,0,2017.0,0,блогинг,1,0.7925424851788052,1,1,1
4491,45,30-45,1,1,15,1995.0,0,спорт,0,0.3341332989244903,0,0,1
4492,31,30-45,1,3,7,2012.0,1,спорт,0,0.5231280731154385,1,0,1
4493,22,<30,0,3,1,2021.0,0,программирование,1,0.8591632073113185,1,0,1
4494,50,45+,0,4,18,1995.0,0,путешествия,0,0.47681109962574575,0,1,0
4495,65,45+,0,4,35,1984.0,0,чтение,0,0.30661281550746666,0,1,0
4496,58,45+,1,3,29,1988.0,1,рыбалка,0,0.2158803161874944,0,0,0
4497,36,30-45,0,1,8,1995.0,1,чтение,0,0.17471897816896576,0,0,0
4498,39,30-45,0,3,14,2007.0,1,путешествия,0,0.38098882175778437,0,0,0
4499,22,<30,0,2,2,2014.0,0,спорт,0,0.5955853538257013,1,0,1
4500,19,<30,0,3,0,2019.0,1,скейтборд,1,0.7378516146545543,1,0,1
4501,47,45+,1,3,15,1998.0,1,чтение,0,0.34271072683768067,0,0,0
4502,64,45+,0,3,22,1989.0,0,садоводство,0,0.3280383774427775,0,0,1
4503,56,45+,1,2,36,1987.0,0,рыбалка,0,0.263225067127364,0,1,0
4504,21,<30,1,1,1,2013.0,0,программирование,1,0.7511981800270782,1,1,0
4505,50,45+,1,3,14,2010.0,1,вязание,0,0.4776316505702662,0,0,0
4506,30,<30,0,1,11,2024.0,0,чтение,0,0.6058201125972822,1,0,1
4507,37,30-45,1,4,10,1999.0,0,чтение,0,0.6111931469362826,1,1,1
4508,24,<30,1,3,2,2020.0,0,программирование,1,0.8816667096179757,1,0,1
4509,32,30-45,0,3,5,2010.0,1,фотография,0,0.44235457371929576,0,1,0
4510,40,30-45,0,4,15,1997.0,1,путешествия,0,0.34129499121356466,0,0,1
4511,31,30-45,0,3,7,2022.0,1,чтение,0,0.5723000908768437,1,1,1
4512,40,30-45,0,2,5,1999.0,0,спорт,0,0.41637082606519765,0,0,0
4513,36,30-45,0,2,7,2001.0,0,путешествия,0,0.4323839489529702,0,1,1
4514,46,45+,1,3,15,2008.0,0,садоводство,0,0.6227116898178564,1,0,0
4515,37,30-45,0,3,17,1996.0,0,фотография,0,0.41770242405575847,0,1,1
4516,46,45+,1,3,14,2004.0,1,чтение,0,0.4100133613194304,0,0,0
4517,41,30-45,1,4,13,2003.0,1,фотография,0,0.4753651451295571,0,0,1
4518,35,30-45,0,1,9,2015.0,1,чтение,0,0.34278550655129325,0,1,0
4519,27,<30,1,2,8,2021.0,0,блогинг,1,0.8426748231716241,1,0,1
4520,58,45+,0,1,23,1982.0,1,чтение,0,0.08776106563220278,0,0,0
4521,25,<30,1,3,3,2017.0,0,спорт,0,0.7442247209509573,1,1,0
4522,43,30-45,0,1,22,2002.0,0,путешествия,0,0.3276733287464324,0,0,0
4523,46,45+,1,1,22,2008.0,1,чтение,0,0.2930254807455244,0,1,0
4524,27,<30,1,3,11,2011.0,1,чтение,0,0.4987618573108889,0,1,0
4525,34,30-45,0,2,10,2016.0,0,спорт,0,0.5926569717363814,1,0,0
4526,19,<30,0,3,0,2016.0,0,блогинг,1,0.8309900249415416,1,1,1
4527,23,<30,1,2,1,2022.0,0,скейтборд,1,0.8599227270235236,1,0,1
4528,22,<30,0,2,0,2020.0,0,фотография,0,0.6653842223180944,1,1,1
4529,45,30-45,1,2,19,2006.0,0,спорт,0,0.5149314455712773,1,0,1
4530,58,45+,1,3,27,1982.0,1,чтение,0,0.17678053720735484,0,1,0
4531,22,<30,0,2,1,2023.0,0,путешествия,0,0.6924545752747168,1,0,1
4532,35,30-45,0,2,8,2013.0,0,чтение,0,0.5655388206939682,1,1,0
4533,43,30-45,0,2,23,1997.0,0,спорт,0,0.3402332357709768,0,0,1
4534,37,30-45,0,1,9,2009.0,1,фотография,0,0.28388276900347026,0,0,0
4535,58,45+,1,3,27,1991.0,0,чтение,0,0.3937128727940045,0,0,0
4536,44,30-45,1,1,18,1999.0,0,спорт,0,0.36691311805759397,0,1,0
4537,29,<30,0,4,6,2022.0,0,программирование,1,0.889672959458017,1,0,0
4538,24,<30,0,2,2,2020.0,0,спорт,0,0.6595929937068933,1,0,1
4539,20,<30,0,3,1,2020.0,0,фотография,0,0.725617790765921,1,1,1
4540,27,<30,0,3,8,2008.0,1,фотография,0,0.41049447181349114,0,0,1
4541,51,45+,1,3,19,1995.0,0,путешествия,0,0.46376092772035027,0,0,1
4542,42,30-45,0,3,17,2002.0,0,путешествия,0,0.4855451894987185,0,0,1
4543,52,45+,1,2,18,1980.0,1,рыбалка,0,0.14048234708921076,0,1,0
4544,33,30-45,1,3,9,2017.0,0,спорт,0,0.7291553950369674,1,1,1
4545,19,<30,1,2,0,2022.0,0,путешествия,0,0.7383619998431913,1,1,1
4546,41,30-45,0,2,9,1999.0,0,фотография,0,0.4038398441849093,0,1,1
4547,27,<30,1,3,5,2013.0,1,спорт,0,0.5409601463480767,1,1,1
4548,55,45+,1,2,23,1984.0,1,чтение,0,0.15536553211591195,0,1,0
4549,39,30-45,1,3,13,2001.0,0,спорт,0,0.5515334100274133,1,1,0
4550,43,30-45,0,2,22,2003.0,0,путешествия,0,0.40735086122322783,0,1,1
4551,60,45+,0,3,22,1992.0,0,путешествия,0,0.35895971553025424,0,1,1
4552,56,45+,1,4,20,1991.0,0,спорт,0,0.4892493433621163,0,0,0
4553,44,30-45,0,3,20,1994.0,1,фотография,0,0.23911476346708524,0,1,1
4554,46,45+,0,3,19,1994.0,1,спорт,0,0.24147889201530642,0,0,0
4555,64,45+,1,3,28,1981.0,1,спорт,0,0.16840221685825887,0,0,0
4556,55,45+,0,4,23,1993.0,1,садоводство,0,0.28008309035098766,0,0,1
4557,37,30-45,0,2,7,2003.0,1,спорт,0,0.2940719676008412,0,1,0
4558,44,30-45,0,3,15,2007.0,0,спорт,0,0.5490202403920534,1,0,0
4559,58,45+,1,2,26,1989.0,0,шахматы,0,0.30825064977940964,0,0,1
4560,37,30-45,0,1,22,1999.0,1,чтение,0,0.17495167407982565,0,0,0
4561,61,45+,1,1,33,1984.0,1,рыбалка,0,0.10710140223718018,0,0,1
4562,36,30-45,0,2,12,2003.0,0,путешествия,0,0.4389501107217353,0,0,1
4563,37,30-45,0,3,14,2003.0,0,фотография,0,0.5066859066152511,1,0,0
4564,52,45+,1,3,16,1992.0,1,спорт,0,0.2811903313921715,0,0,1
4565,64,45+,0,3,24,1991.0,1,шахматы,0,0.2064384409181918,0,0,0
4566,19,<30,1,3,0,2021.0,0,скейтборд,1,0.8889380292914172,1,1,1
4567,47,45+,0,1,19,2010.0,0,спорт,0,0.4221288993933346,0,0,0
4568,51,45+,0,2,27,1981.0,0,фотография,0,0.19065983822612873,0,1,0
4569,39,30-45,0,2,7,1997.0,0,путешествия,0,0.3881609348645234,0,0,1
4570,20,<30,0,3,1,2019.0,0,скейтборд,1,0.8477288714274908,1,1,1
4571,23,<30,1,1,7,2011.0,0,спорт,0,0.5363670028249965,1,1,1
4572,32,30-45,1,3,7,2013.0,0,спорт,0,0.6970573891353095,1,0,0
4573,44,30-45,0,4,20,2009.0,1,спорт,0,0.4567269163010984,0,1,0
4574,27,<30,1,3,7,2019.0,1,спорт,0,0.6017314776827174,1,1,1
4575,26,<30,1,3,6,2016.0,0,спорт,0,0.7277948526145521,1,1,0
4576,50,45+,0,3,15,1998.0,1,спорт,0,0.28702661786717076,0,1,0
4577,49,45+,0,2,21,2006.0,0,шахматы,0,0.444038242643886,0,0,0
4578,65,45+,1,1,27,1993.0,1,вязание,0,0.16363465352980444,0,0,0
4579,23,<30,1,3,3,2016.0,0,блогинг,1,0.8596565863048213,1,1,1
4580,58,45+,1,3,26,1994.0,1,шахматы,0,0.2735650627243763,0,1,0
4581,53,45+,1,3,19,1992.0,0,садоводство,0,0.4298656281012686,0,1,1
4582,19,<30,1,1,1,2014.0,0,спорт,0,0.5891895427815838,1,0,1
4583,46,45+,0,3,22,2007.0,0,шахматы,0,0.5264902542136443,1,1,1
4584,21,<30,0,1,0,2013.0,0,скейтборд,1,0.7025209760412934,1,1,1
4585,18,<30,0,1,0,2022.0,0,спорт,0,0.6179298469408482,1,0,1
4586,36,30-45,1,2,7,1996.0,1,спорт,0,0.2814736368736692,0,0,0
4587,43,30-45,1,2,11,1995.0,1,чтение,0,0.26217498155145624,0,1,1
4588,42,30-45,1,1,14,2003.0,0,фотография,0,0.42292847306643955,0,0,1
4589,27,<30,1,1,11,2014.0,0,чтение,0,0.5575222910502157,1,0,0
4590,32,30-45,1,3,7,2019.0,0,спорт,0,0.7517003224893382,1,0,1
4591,39,30-45,1,3,12,2000.0,1,путешествия,0,0.37263539966404113,0,0,0
4592,65,45+,0,3,30,1981.0,0,рыбалка,0,0.23388379280458668,0,0,1
4593,38,30-45,1,2,8,2008.0,0,чтение,0,0.5728910693502273,1,0,0
4594,39,30-45,1,4,9,1996.0,0,спорт,0,0.5812951063421866,1,0,0
4595,53,45+,0,1,18,1993.0,1,чтение,0,0.14510665243840168,0,0,1
4596,51,45+,1,1,21,1987.0,0,спорт,0,0.24359173989579427,0,0,0
4597,47,45+,1,3,13,2002.0,1,вязание,0,0.39116477437427527,0,1,0
4598,42,30-45,0,1,16,2007.0,0,путешествия,0,0.3983421716389469,0,1,1
4599,62,45+,0,3,34,1987.0,1,шахматы,0,0.15990293710428005,0,0,1
4600,45,30-45,1,3,11,2000.0,1,спорт,0,0.3756678718028003,0,1,1
4601,18,<30,1,4,0,2020.0,0,путешествия,0,0.8237775441625701,1,0,0
4602,62,45+,1,3,22,1993.0,0,спорт,0,0.43155220530296573,0,1,1
4603,21,<30,0,4,1,2014.0,1,скейтборд,1,0.7486272319054762,1,1,1
4604,24,<30,0,1,2,2022.0,0,скейтборд,1,0.7764324949126041,1,1,1
4605,26,<30,0,3,7,2011.0,0,спорт,0,0.6185111796392684,1,1,1
4606,53,45+,0,1,21,1991.0,1,спорт,0,0.12967698564239208,0,1,0
4607,36,30-45,0,3,11,2008.0,0,чтение,0,0.5730347635745132,1,0,0
4608,18,<30,1,3,0,2013.0,0,программирование,1,0.84736773194247,1,1,1
4609,27,<30,0,1,4,2016.0,0,чтение,0,0.5385712812254726,1,1,1
4610,53,45+,0,3,29,1982.0,0,шахматы,0,0.24456185791111754,0,1,0
4611,26,<30,0,1,3,2010.0,0,блогинг,1,0.664473035005272,1,0,0
4612,62,45+,0,2,25,1987.0,1,шахматы,0,0.13699604549272423,0,1,0
4613,63,45+,1,4,23,1978.0,1,спорт,0,0.20240015757469312,0,0,0
4614,59,45+,1,1,21,1984.0,1,рыбалка,0,0.12289540448178563,0,0,0
4615,49,45+,1,1,16,1999.0,1,путешествия,0,0.2288884344157508,0,0,1
4616,49,45+,0,2,18,1998.0,0,путешествия,0,0.36545299137733245,0,0,0
4617,23,<30,0,3,2,2018.0,0,скейтборд,1,0.8399986897121253,1,0,1
4618,65,45+,0,1,25,1988.0,0,рыбалка,0,0.19816684553255196,0,0,0
4619,55,45+,0,2,16,1982.0,1,чтение,0,0.12427432607383006,0,0,0
4620,34,30-45,1,3,10,2015.0,0,чтение,0,0.7080500238632996,1,1,0
4621,27,<30,0,1,4,2018.0,0,скейтборд,1,0.738111796311951,1,1,1
4622,44,30-45,1,2,9,2008.0,0,путешествия,0,0.5697193362286823,1,1,1
4623,52,45+,0,3,15,1988.0,0,фотография,0,0.3380161246164496,0,0,0
4624,38,30-45,1,3,12,2000.0,0,чтение,0,0.5434126865516582,1,0,0
4625,42,30-45,1,3,22,2009.0,1,спорт,0,0.44056593948816214,0,1,0
4626,45,30-45,1,1,14,2001.0,0,фотография,0,0.40077856261660944,0,0,1
4627,64,45+,1,4,31,1992.0,1,путешествия,0,0.3026415973732966,0,1,1
4628,32,30-45,1,4,12,2014.0,0,чтение,0,0.7525710729487141,1,1,1
4629,21,<30,1,1,5,2014.0,0,спорт,0,0.5765958826025587,1,1,1
4630,46,45+,0,1,30,2004.0,0,вязание,0,0.3250036070560798,0,1,0
4631,26,<30,0,4,3,2012.0,0,фотография,0,0.7065806776300844,1,0,1
4632,44,30-45,1,2,19,2002.0,0,фотография,0,0.469245263589328,0,0,1
4633,43,30-45,1,3,13,2003.0,0,спорт,0,0.5740335423846635,1,0,1
4634,36,30-45,0,3,11,2004.0,0,чтение,0,0.5278027414129605,1,1,0
4635,45,30-45,0,3,18,2002.0,1,спорт,0,0.3173878684160605,0,0,0
4636,34,30-45,1,3,9,2017.0,0,спорт,0,0.7291553950369674,1,1,1
4637,60,45+,0,1,11,1990.0,1,вязание,0,0.13942863131007144,0,0,0
4638,58,45+,0,2,24,1985.0,1,спорт,0,0.12797581621832302,0,1,0
4639,59,45+,0,3,32,1994.0,0,спорт,0,0.3502531283490813,0,1,1
4640,37,30-45,1,3,14,1999.0,1,фотография,0,0.3560482309577807,0,0,1
4641,62,45+,0,3,27,1993.0,1,вязание,0,0.21518989013922055,0,1,0
4642,57,45+,1,4,24,1988.0,1,чтение,0,0.28353055762180174,0,0,1
4643,56,45+,0,3,22,1983.0,1,фотография,0,0.15624140998154304,0,0,0
4644,40,30-45,1,2,14,2001.0,0,спорт,0,0.4739854777109529,0,1,1
4645,64,45+,1,3,22,1995.0,1,рыбалка,0,0.2933687725628031,0,0,0
4646,49,45+,0,2,18,2003.0,0,вязание,0,0.4199140512292963,0,0,0
4647,64,45+,1,1,19,1987.0,1,шахматы,0,0.14158305632790083,0,0,0
4648,50,45+,0,2,22,2005.0,0,чтение,0,0.4296035896334762,0,1,0
4649,63,45+,0,3,30,1990.0,1,садоводство,0,0.18694861558837553,0,0,0
4650,22,<30,1,4,5,2019.0,0,спорт,0,0.8071617104087008,1,1,1
4651,60,45+,0,2,21,1981.0,1,рыбалка,0,0.11274110284168429,0,0,0
4652,65,45+,1,2,30,1982.0,0,фотография,0,0.2350129383326332,0,0,0
4653,51,45+,0,3,24,1987.0,1,рыбалка,0,0.17807463353575362,0,0,0
4654,57,45+,0,3,29,1992.0,1,садоводство,0,0.2033395744686224,0,0,0
4655,28,<30,0,3,7,2015.0,0,видеоигры,1,0.8109627495724698,1,1,1
4656,20,<30,1,3,4,2017.0,0,блогинг,1,0.8635648698054125,1,0,1
4657,50,45+,0,3,17,1998.0,1,спорт,0,0.2817556042274737,0,0,1
4658,28,<30,1,2,10,2011.0,0,спорт,0,0.5998749937770198,1,1,0
4659,33,30-45,0,2,13,2016.0,0,чтение,0,0.5832450527568408,1,0,1
4660,35,30-45,0,2,9,2017.0,0,спорт,0,0.6067425250534261,1,0,0
4661,47,45+,1,3,18,2003.0,1,фотография,0,0.3866440150023748,0,0,1
4662,65,45+,1,1,26,1985.0,1,рыбалка,0,0.12085961474907934,0,0,0
4663,27,<30,0,3,7,2017.0,0,видеоигры,1,0.8245866480412495,1,0,1
4664,35,30-45,1,2,10,2015.0,0,спорт,0,0.6428744997852123,1,1,1
4665,55,45+,0,2,15,1981.0,1,фотография,0,0.12075067809206295,0,0,0
4666,36,30-45,1,2,13,2010.0,0,фотография,0,0.5794128854548868,1,0,1
4667,53,45+,1,2,18,1991.0,1,вязание,0,0.21277730775717,0,0,0
4668,30,<30,1,2,10,2021.0,0,фотография,0,0.7031282850203354,1,0,0
4669,63,45+,1,3,38,1994.0,1,шахматы,0,0.24378965923451806,0,0,0
4670,20,<30,0,2,0,2015.0,0,путешествия,0,0.612713856062652,1,1,1
4671,27,<30,1,3,8,2016.0,0,программирование,1,0.8516610568285985,1,1,1
4672,55,45+,1,2,19,1984.0,1,фотография,0,0.16228527202705237,0,0,0
4673,18,<30,0,3,0,2012.0,0,скейтборд,1,0.8037252573394984,1,1,1
4674,44,30-45,0,3,19,2000.0,1,фотография,0,0.29521027889728596,0,0,1
4675,63,45+,1,4,17,1989.0,1,чтение,0,0.31203262366022894,0,1,0
4676,25,<30,1,2,4,2018.0,0,фотография,0,0.6905630489995018,1,1,1
4677,63,45+,0,2,25,1993.0,1,садоводство,0,0.17277447490305436,0,0,0
4678,59,45+,1,4,27,1988.0,0,фотография,0,0.4326983669654351,0,0,1
4679,34,30-45,1,1,9,2018.0,0,чтение,0,0.6082426150933683,1,0,0
4680,26,<30,0,3,3,2012.0,0,блогинг,1,0.7975240672672966,1,1,1
4681,23,<30,0,1,2,2021.0,0,скейтборд,1,0.7683943259528603,1,1,1
4682,60,45+,1,3,34,1991.0,1,вязание,0,0.22839418232496572,0,0,0
4683,42,30-45,0,1,18,2004.0,1,фотография,0,0.21917453954788627,0,0,0
4684,56,45+,0,4,25,1993.0,0,шахматы,0,0.4316962802878904,0,1,0
4685,45,30-45,1,3,18,1996.0,1,чтение,0,0.31398644691574007,0,0,0
4686,50,45+,1,2,15,2009.0,1,рыбалка,0,0.39024487258728097,0,0,0
4687,54,45+,1,1,21,1991.0,0,спорт,0,0.2788507070005036,0,1,0
4688,26,<30,1,2,3,2011.0,0,видеоигры,1,0.783422403611084,1,1,0
4689,35,30-45,0,3,12,2019.0,1,чтение,0,0.5223105231838941,1,1,1
4690,38,30-45,0,2,11,1994.0,0,спорт,0,0.3443340484978772,0,0,0
4691,19,<30,1,2,1,2014.0,0,чтение,0,0.6589651573979477,1,0,1
4692,60,45+,0,3,24,1988.0,1,путешествия,0,0.18486659249609316,0,0,1
4693,55,45+,1,2,26,1992.0,0,вязание,0,0.3382456657105774,0,1,1
4694,57,45+,0,1,24,1994.0,0,вязание,0,0.2477844179097606,0,1,0
4695,53,45+,0,1,20,1986.0,1,путешествия,0,0.10721449359935352,0,0,0
4696,60,45+,0,3,19,1991.0,1,шахматы,0,0.21724788167517564,0,1,0
4697,54,45+,1,4,19,1986.0,1,вязание,0,0.2781367362462478,0,0,1
4698,32,30-45,0,2,12,2011.0,0,путешествия,0,0.5300666582884581,1,0,0
4699,45,30-45,0,3,21,2002.0,1,спорт,0,0.30903101284743395,0,0,1
4700,35,30-45,0,1,11,2017.0,0,путешествия,0,0.5273898646136617,1,1,1
4701,51,45+,1,2,19,1984.0,1,чтение,0,0.16228527202705237,0,0,0
4702,39,30-45,0,3,6,2001.0,0,чтение,0,0.5097210522793885,1,1,0
4703,28,<30,0,2,11,2017.0,0,чтение,0,0.600545670721046,1,0,1
4704,30,<30,0,3,8,2021.0,1,фотография,0,0.5578798226033882,1,0,1
4705,21,<30,1,3,2,2015.0,0,скейтборд,1,0.8556550605733588,1,1,1
4706,39,30-45,0,4,18,2004.0,0,путешествия,0,0.5790179505073593,1,0,1
4707,24,<30,0,1,5,2014.0,0,фотография,0,0.5125430969305045,1,0,1
4708,60,45+,0,2,29,1988.0,0,путешествия,0,0.2402110742729928,0,0,0
4709,41,30-45,1,4,15,1995.0,0,спорт,0,0.5509872872061963,1,0,1
4710,21,<30,1,2,1,2008.0,1,путешествия,0,0.42294206119295835,0,0,1
4711,45,30-45,1,3,13,1996.0,1,чтение,0,0.32809896832668134,0,0,1
4712,32,30-45,1,2,6,2020.0,0,спорт,0,0.7043941708208155,1,0,1
4713,18,<30,1,2,0,2018.0,1,спорт,0,0.5398000826330296,1,0,0
4714,20,<30,0,1,0,2009.0,0,спорт,0,0.4716024013672868,0,1,1
4715,31,30-45,1,3,8,2020.0,1,спорт,0,0.6095602137505624,1,1,1
4716,55,45+,1,3,17,1981.0,1,шахматы,0,0.1893038910255345,0,0,1
4717,18,<30,1,2,0,2019.0,0,путешествия,0,0.7110078320057013,1,1,1
4718,55,45+,0,3,23,1987.0,1,спорт,0,0.17997800951270382,0,1,0
4719,55,45+,1,2,18,1985.0,1,фотография,0,0.17042163014559406,0,0,0
4720,38,30-45,0,1,8,1998.0,0,фотография,0,0.3273180905698751,0,0,0
4721,65,45+,1,3,31,1983.0,1,шахматы,0,0.17589862563489275,0,1,0
4722,46,45+,0,3,22,2002.0,0,вязание,0,0.46939153141944784,0,0,0
4723,22,<30,0,2,0,2012.0,1,программирование,1,0.6026826763791153,1,0,1
4724,27,<30,0,2,8,2019.0,0,видеоигры,1,0.7905387063732958,1,0,0
4725,45,30-45,0,4,19,2004.0,1,фотография,0,0.4039042217997101,0,0,0
4726,38,30-45,1,3,14,1994.0,1,фотография,0,0.30550790739944667,0,0,0
4727,24,<30,0,3,8,2021.0,1,видеоигры,1,0.735495887951079,1,1,0
4728,20,<30,0,1,1,2016.0,0,фотография,0,0.548210593794233,1,0,0
4729,62,45+,1,3,18,1991.0,1,фотография,0,0.2669416812978829,0,0,0
4730,64,45+,0,2,34,1980.0,1,рыбалка,0,0.09303509762441632,0,0,0
4731,37,30-45,1,4,9,2003.0,0,фотография,0,0.6566044236838262,1,1,1
4732,36,30-45,0,1,11,2007.0,1,путешествия,0,0.2606404954017846,0,1,0
4733,52,45+,0,2,16,1982.0,0,спорт,0,0.22139680487172583,0,0,0
4734,21,<30,1,2,1,2011.0,0,спорт,0,0.627497869794884,1,1,1
4735,22,<30,1,3,6,2015.0,0,путешествия,0,0.718641651198786,1,0,1
4736,18,<30,0,3,0,2011.0,0,путешествия,0,0.6396594212664829,1,1,1
4737,21,<30,1,2,3,2018.0,0,блогинг,1,0.8328315763012786,1,0,0
4738,29,<30,1,3,8,2018.0,0,видеоигры,1,0.86284788918617,1,0,1
4739,44,30-45,1,3,14,2005.0,1,путешествия,0,0.4211192023898322,0,1,0
4740,59,45+,0,1,32,1983.0,1,фотография,0,0.08225406868363724,0,1,1
4741,40,30-45,0,3,17,1999.0,0,чтение,0,0.451397985373157,0,0,0
4742,42,30-45,1,4,15,2008.0,0,чтение,0,0.6897913445333445,1,1,1
4743,38,30-45,1,1,9,2002.0,1,фотография,0,0.2715530369069443,0,0,1
4744,41,30-45,0,1,11,2007.0,0,чтение,0,0.41395829438125936,0,0,0
4745,42,30-45,1,2,13,1996.0,0,чтение,0,0.4207124839577384,0,1,1
4746,62,45+,0,1,18,1987.0,1,шахматы,0,0.11426629527578627,0,1,0
4747,63,45+,0,2,27,1980.0,1,чтение,0,0.10097168362365667,0,0,0
4748,49,45+,0,3,15,2001.0,1,вязание,0,0.3158995156413515,0,0,0
4749,49,45+,1,3,16,2001.0,1,рыбалка,0,0.37121701232375376,0,1,0
4750,22,<30,0,1,3,2017.0,0,скейтборд,1,0.7317262300647182,1,1,0
4751,53,45+,1,3,14,1995.0,1,вязание,0,0.3152958122904819,0,0,0
4752,63,45+,1,3,27,1992.0,1,вязание,0,0.25331326767112616,0,1,0
4753,59,45+,1,4,30,1991.0,1,спорт,0,0.2957686497927465,0,1,0
4754,59,45+,1,1,38,1982.0,1,фотография,0,0.09305359432550156,0,0,0
4755,56,45+,1,3,28,1984.0,0,садоводство,0,0.31760750740790483,0,1,1
4756,33,30-45,1,4,8,2017.0,0,спорт,0,0.7860641157086585,1,1,1
4757,50,45+,0,3,22,1998.0,0,рыбалка,0,0.42421225849658345,0,0,1
4758,38,30-45,0,2,12,1996.0,0,путешествия,0,0.3622687659579096,0,1,0
4759,26,<30,0,1,3,2019.0,0,спорт,0,0.5755986698889753,1,0,1
4760,23,<30,0,3,3,2018.0,0,блогинг,1,0.8382504765984982,1,0,1
4761,62,45+,1,2,25,1988.0,1,садоводство,0,0.1771020506098864,0,1,0
4762,52,45+,0,4,22,1994.0,1,чтение,0,0.2920662958431892,0,1,0
4763,56,45+,1,3,21,1990.0,1,садоводство,0,0.2507200639472054,0,0,1
4764,39,30-45,1,2,15,1996.0,1,путешествия,0,0.2610021263759734,0,0,1
4765,58,45+,1,3,24,1986.0,1,путешествия,0,0.2113937403536367,0,0,0
4766,22,<30,0,1,5,2013.0,0,блогинг,1,0.6888138433136733,1,0,1
4767,59,45+,1,2,31,1986.0,0,садоводство,0,0.26693078671943876,0,1,1
4768,40,30-45,0,3,9,1996.0,1,путешествия,0,0.28421965583831493,0,0,1
4769,34,30-45,0,3,9,2014.0,0,спорт,0,0.6444019120859529,1,0,1
4770,29,<30,1,2,7,2014.0,1,программирование,1,0.6628662875733601,1,0,0
4771,40,30-45,1,3,12,2002.0,1,путешествия,0,0.39425327602449356,0,1,1
4772,33,30-45,0,2,10,2016.0,0,путешествия,0,0.5926569717363814,1,0,1
4773,20,<30,1,2,2,2011.0,0,чтение,0,0.6244658329991064,1,1,0
4774,47,45+,0,2,7,1998.0,1,чтение,0,0.24892829264255176,0,0,0
4775,39,30-45,0,2,11,2003.0,1,фотография,0,0.28343417342629534,0,0,0
4776,26,<30,0,4,3,2013.0,0,фотография,0,0.715971172484695,1,0,1
4777,46,45+,1,3,17,1993.0,0,шахматы,0,0.4475019056503311,0,0,0
4778,64,45+,1,3,32,1992.0,1,садоводство,0,0.24126244851495915,0,1,0
4779,54,45+,0,3,19,1982.0,1,шахматы,0,0.15533677078960595,0,0,0
4780,40,30-45,0,1,10,2001.0,0,путешествия,0,0.352275400147909,0,0,0
4781,30,<30,1,2,6,2010.0,1,фотография,0,0.4294733270784568,0,1,1
4782,49,45+,0,3,10,1994.0,0,садоводство,0,0.41750628136672163,0,0,0
4783,63,45+,0,4,27,1981.0,1,рыбалка,0,0.17586685466511925,0,0,1
4784,64,45+,1,3,33,1982.0,1,садоводство,0,0.165755055384915,0,1,1
4785,65,45+,0,2,29,1985.0,1,вязание,0,0.12092202894021761,0,0,0
4786,40,30-45,1,2,16,1999.0,0,фотография,0,0.44484736934188807,0,0,1
4787,62,45+,0,1,32,1980.0,1,фотография,0,0.07247377982458589,0,0,0
4788,34,30-45,1,1,5,2019.0,0,путешествия,0,0.6312218279589032,1,1,1
4789,57,45+,0,2,19,1981.0,1,фотография,0,0.1153580687201179,0,0,0
4790,38,30-45,1,3,13,2009.0,1,чтение,0,0.4694599904454375,0,1,0
4791,19,<30,0,2,1,2011.0,0,программирование,1,0.7413490694056895,1,0,0
4792,54,45+,1,3,20,1986.0,0,садоводство,0,0.36129987829662086,0,1,1
4793,23,<30,1,3,2,2019.0,0,видеоигры,1,0.8768118391498794,1,1,1
4794,61,45+,0,2,21,1981.0,1,рыбалка,0,0.11274110284168429,0,0,0
4795,35,30-45,0,3,8,2010.0,0,путешествия,0,0.6045724342639361,1,1,1
4796,47,45+,1,2,22,1994.0,1,путешествия,0,0.2274303714750547,0,1,0
4797,39,30-45,1,3,17,2003.0,0,чтение,0,0.5613211940066404,1,1,1
4798,50,45+,0,3,19,2010.0,1,вязание,0,0.39821298034878977,0,0,0
4799,47,45+,0,3,16,2005.0,1,спорт,0,0.3537232452086535,0,0,0
4800,34,30-45,1,4,7,2021.0,0,фотография,0,0.8171610288055201,1,0,0
4801,60,45+,0,1,19,1990.0,1,садоводство,0,0.12745547822234074,0,1,0
4802,49,45+,1,3,18,2009.0,0,шахматы,0,0.6243263482837121,1,0,0
4803,59,45+,1,3,20,1982.0,0,фотография,0,0.3202452988088937,0,1,1
4804,31,30-45,1,3,14,2022.0,0,спорт,0,0.7602840280213348,1,1,1
4805,27,<30,0,3,3,2010.0,0,видеоигры,1,0.7823530729411655,1,0,1
4806,64,45+,0,3,28,1991.0,1,рыбалка,0,0.1980812018125307,0,0,0
4807,53,45+,1,3,26,1981.0,0,шахматы,0,0.2939915048453684,0,1,0
4808,51,45+,1,2,13,1990.0,1,рыбалка,0,0.21598101054328858,0,0,1
4809,26,<30,1,2,4,2020.0,0,чтение,0,0.709758598277723,1,0,1
4810,59,45+,0,3,27,1991.0,1,фотография,0,0.20014634809432538,0,1,1
4811,45,30-45,0,3,17,1999.0,0,чтение,0,0.451397985373157,0,1,1
4812,28,<30,0,4,5,2022.0,0,чтение,0,0.787551459940945,1,0,1
4813,31,30-45,1,1,6,2012.0,0,путешествия,0,0.550924117793441,1,0,0
4814,56,45+,0,2,28,1990.0,0,чтение,0,0.259779812077254,0,0,0
4815,64,45+,0,3,25,1981.0,1,садоводство,0,0.13982139526191395,0,1,1
4816,36,30-45,0,3,11,2000.0,0,фотография,0,0.48210959326423464,0,0,1
4817,32,30-45,0,4,7,2019.0,0,путешествия,0,0.7589880851034567,1,0,1
4818,45,30-45,1,2,9,1999.0,1,спорт,0,0.30451780866586864,0,0,1
4819,41,30-45,1,1,15,1997.0,1,чтение,0,0.21532738302327104,0,0,1
4820,25,<30,0,2,4,2024.0,0,скейтборд,1,0.8332203400424577,1,1,1
4821,60,45+,0,2,22,1990.0,1,садоводство,0,0.15916853394019392,0,0,0
4822,26,<30,0,4,3,2020.0,0,спорт,0,0.7763759613668366,1,0,0
4823,64,45+,0,2,30,1992.0,0,путешествия,0,0.27258334189142935,0,1,0
4824,50,45+,0,2,19,2003.0,1,чтение,0,0.2628722397634214,0,0,0
4825,50,45+,1,2,22,1998.0,1,рыбалка,0,0.26115770858055387,0,0,0
4826,36,30-45,0,2,8,1998.0,0,чтение,0,0.3959736602115616,0,1,0
4827,20,<30,0,3,0,2011.0,0,спорт,0,0.6396594212664829,1,0,1
4828,27,<30,0,1,8,2021.0,0,скейтборд,1,0.7542788256336092,1,0,1
4829,57,45+,1,2,16,1994.0,1,шахматы,0,0.24137133763264026,0,0,1
4830,64,45+,1,4,18,1983.0,0,шахматы,0,0.40541691333926516,0,0,0
4831,59,45+,1,1,21,1990.0,0,вязание,0,0.2697484632291063,0,1,0
4832,18,<30,1,3,0,2014.0,0,видеоигры,1,0.8531887063330404,1,0,1
4833,46,45+,1,2,16,2001.0,1,садоводство,0,0.3046886355237285,0,0,0
4834,51,45+,0,3,21,1982.0,1,фотография,0,0.15196866368418313,0,1,0
4835,30,<30,1,1,8,2019.0,1,спорт,0,0.4510558497524489,0,0,1
4836,18,<30,0,2,0,2020.0,0,путешествия,0,0.6653842223180944,1,0,0
4837,51,45+,0,3,24,1986.0,1,спорт,0,0.17147971495808254,0,0,0
4838,46,45+,1,2,20,1999.0,0,спорт,0,0.43209386752973555,0,0,1
4839,65,45+,0,3,32,1979.0,1,чтение,0,0.11931996550437275,0,1,0
4840,64,45+,1,2,33,1991.0,1,путешествия,0,0.1820499065623131,0,1,0
4841,30,<30,0,3,10,2010.0,0,чтение,0,0.5983640202122203,1,0,0
4842,65,45+,1,4,29,1985.0,1,вязание,0,0.24435382121823185,0,1,0
4843,46,45+,1,1,15,2011.0,1,чтение,0,0.34233766873915994,0,1,0
4844,56,45+,1,2,23,1991.0,1,вязание,0,0.2021328647937812,0,1,0
4845,41,30-45,1,3,11,1997.0,0,путешествия,0,0.5124601605075169,1,1,1
4846,43,30-45,1,3,8,1995.0,1,фотография,0,0.33230606627257714,0,1,0
4847,34,30-45,1,1,10,2020.0,0,путешествия,0,0.6267828535402966,1,0,1
4848,24,<30,0,2,4,2009.0,0,программирование,1,0.715588291435149,1,0,1
4849,30,<30,0,2,8,2016.0,0,фотография,0,0.5988944681619301,1,0,1
4850,22,<30,1,1,4,2020.0,0,чтение,0,0.6447731396304669,1,1,0
4851,43,30-45,1,4,20,2000.0,1,спорт,0,0.41910213868537405,0,0,1
4852,20,<30,1,3,2,2010.0,0,спорт,0,0.6815464256823821,1,1,1
4853,24,<30,1,3,4,2023.0,1,видеоигры,1,0.8060554482889027,1,1,1
4854,56,45+,1,2,27,1986.0,1,вязание,0,0.1606410886302102,0,0,0
4855,18,<30,0,1,0,2010.0,0,программирование,1,0.6730787573748982,1,0,0
4856,34,30-45,0,3,13,2008.0,0,фотография,0,0.5666860852095201,1,0,0
4857,60,45+,0,1,36,1986.0,1,садоводство,0,0.0889340111389941,0,0,0
4858,42,30-45,0,2,21,2006.0,1,спорт,0,0.284997562462608,0,1,1
4859,20,<30,1,2,2,2011.0,0,видеоигры,1,0.7856116477651917,1,0,1
4860,32,30-45,1,3,3,2024.0,0,путешествия,0,0.8002967802874369,1,0,1
4861,46,45+,1,2,22,1996.0,1,путешествия,0,0.24389932230666733,0,0,0
4862,60,45+,0,2,33,1984.0,1,чтение,0,0.11093177652210558,0,1,0
4863,49,45+,0,3,21,2002.0,1,спорт,0,0.30903101284743395,0,0,0
4864,43,30-45,0,3,18,2010.0,1,спорт,0,0.4013204497544154,0,1,0
4865,33,30-45,1,1,13,2010.0,0,чтение,0,0.5055731913970254,1,1,1
4866,42,30-45,0,3,13,2005.0,0,спорт,0,0.5327417233507219,1,0,0
4867,45,30-45,0,2,17,2010.0,1,спорт,0,0.3351271307193833,0,0,0
4868,26,<30,0,2,5,2022.0,0,программирование,1,0.8182023208664392,1,1,1
4869,18,<30,0,3,0,2010.0,0,фотография,0,0.629053099952989,1,1,0
4870,46,45+,1,2,26,2001.0,0,чтение,0,0.4354727425714315,0,0,0
4871,39,30-45,0,2,6,2000.0,0,чтение,0,0.4243575370602693,0,0,0
4872,33,30-45,0,3,5,2021.0,0,спорт,0,0.7244072325154337,1,1,1
4873,58,45+,0,4,27,1980.0,1,вязание,0,0.16933685481391245,0,1,0
4874,61,45+,0,3,32,1982.0,1,спорт,0,0.13450535054049587,0,0,0
4875,58,45+,1,1,22,1992.0,0,садоводство,0,0.2854898952003319,0,0,0
4876,24,<30,1,2,5,2017.0,1,фотография,0,0.5122616801486631,1,1,1
4877,31,30-45,0,2,6,2021.0,1,фотография,0,0.49009942927879085,0,0,0
4878,46,45+,1,2,13,1995.0,0,путешествия,0,0.4096097793038166,0,0,1
4879,36,30-45,0,2,8,1997.0,0,фотография,0,0.3850898185544114,0,0,1
4880,36,30-45,1,3,11,2001.0,0,спорт,0,0.5579309091739143,1,1,0
4881,19,<30,0,1,1,2015.0,0,программирование,1,0.7186631772762004,1,1,1
4882,58,45+,0,2,29,1987.0,1,фотография,0,0.13098601521815176,0,0,1
4883,62,45+,1,3,20,1991.0,1,фотография,0,0.26190402015068887,0,0,0
4884,32,30-45,1,2,5,2012.0,0,чтение,0,0.6260774921861615,1,0,0
4885,20,<30,1,4,2,2017.0,0,программирование,1,0.8974484869131393,1,0,0
4886,28,<30,0,2,5,2019.0,0,путешествия,0,0.6403538795510788,1,0,0
4887,63,45+,0,3,31,1985.0,1,фотография,0,0.1529616983772706,0,1,1
4888,47,45+,1,3,14,2004.0,1,фотография,0,0.4100133613194304,0,0,0
4889,57,45+,0,3,25,1990.0,0,рыбалка,0,0.3295563707000536,0,0,0
4890,35,30-45,0,1,10,2010.0,0,чтение,0,0.45078812049366895,0,1,0
4891,65,45+,0,4,24,1984.0,1,шахматы,0,0.20285173834036616,0,0,0
4892,19,<30,0,1,0,2013.0,0,видеоигры,1,0.7025209760412934,1,1,0
4893,49,45+,0,1,16,2005.0,0,путешествия,0,0.3766394961365335,0,1,1
4894,25,<30,0,2,6,2019.0,0,фотография,0,0.6373660122452657,1,0,0
4895,39,30-45,0,1,8,2010.0,0,чтение,0,0.4572083986248231,0,1,0
4896,23,<30,1,1,5,2012.0,0,спорт,0,0.5541259678498095,1,1,1
4897,29,<30,0,2,3,2021.0,0,спорт,0,0.6669139420627345,1,0,1
4898,64,45+,0,2,36,1985.0,1,чтение,0,0.11161198427619635,0,0,0
4899,57,45+,1,3,25,1980.0,1,спорт,0,0.16744113935288668,0,1,0
4900,53,45+,1,1,20,1989.0,0,чтение,0,0.2633404282787341,0,0,0
4901,32,30-45,0,3,8,2015.0,0,путешествия,0,0.6577315164408027,1,0,1
4902,45,30-45,1,4,18,2003.0,1,спорт,0,0.4592478314626666,0,1,1
4903,62,45+,0,2,19,1986.0,1,фотография,0,0.14082017172144365,0,0,0
4904,35,30-45,1,3,7,2023.0,0,фотография,0,0.7842519991457138,1,1,1
4905,19,<30,0,4,0,2017.0,0,спорт,0,0.7588405303648074,1,0,0
4906,30,<30,0,1,8,2011.0,0,фотография,0,0.4685773026452778,0,0,1
4907,62,45+,1,2,25,1993.0,1,рыбалка,0,0.21291242553523437,0,0,1
4908,32,30-45,1,3,7,2010.0,1,чтение,0,0.5002798408733902,1,0,1
4909,37,30-45,0,4,17,2005.0,0,фотография,0,0.5932514461655224,1,0,1
4910,46,45+,0,3,24,2004.0,1,спорт,0,0.3203757837011318,0,1,0
4911,59,45+,0,1,27,1981.0,1,садоводство,0,0.08026034923031786,0,0,0
4912,46,45+,1,4,12,1998.0,0,спорт,0,0.5940419495213406,1,1,0
4913,20,<30,0,1,1,2015.0,0,путешествия,0,0.5368614636730221,1,0,0
4914,36,30-45,0,2,13,2003.0,0,спорт,0,0.4357633518085729,0,0,0
4915,20,<30,0,2,0,2024.0,0,спорт,0,0.7048080553506396,1,0,1
4916,31,30-45,1,2,7,2013.0,0,чтение,0,0.630707770055331,1,0,0
4917,57,45+,1,3,17,1985.0,1,вязание,0,0.2189797751843637,0,0,0
4918,21,<30,1,3,4,2018.0,0,чтение,0,0.7504142656715748,1,1,0
4919,28,<30,0,3,4,2014.0,0,фотография,0,0.6590971251623374,1,0,0
4920,48,45+,1,1,19,2000.0,1,шахматы,0,0.2301047280120167,0,0,0
4921,60,45+,1,3,23,1982.0,1,садоводство,0,0.18444578553544444,0,1,0
4922,49,45+,1,3,16,2009.0,1,вязание,0,0.45979613803429753,0,1,0
4923,44,30-45,0,2,20,2003.0,0,фотография,0,0.4136184029127436,0,0,1
4924,47,45+,0,4,20,2008.0,1,садоводство,0,0.44540455157976383,0,0,0
4925,60,45+,1,3,27,1987.0,1,путешествия,0,0.21254269281411353,0,1,0
4926,19,<30,0,3,0,2018.0,0,блогинг,1,0.8434491909346176,1,1,1
4927,26,<30,1,1,9,2022.0,0,фотография,0,0.6508662535684988,1,0,0
4928,45,30-45,1,3,17,2002.0,0,путешествия,0,0.5500310836472078,1,0,1
4929,48,45+,1,4,16,2002.0,1,путешествия,0,0.4543277047925732,0,0,0
4930,51,45+,1,2,24,1985.0,0,вязание,0,0.27581277013220556,0,0,1
4931,32,30-45,1,3,7,2013.0,0,путешествия,0,0.6970573891353095,1,1,0
4932,65,45+,0,2,21,1994.0,1,фотография,0,0.18716169343662678,0,0,0
4933,42,30-45,0,3,16,2007.0,0,путешествия,0,0.5458117778082846,1,0,0
4934,53,45+,0,3,34,1985.0,1,чтение,0,0.14799556279720677,0,0,0
4935,25,<30,1,3,5,2018.0,0,чтение,0,0.7479809004742399,1,0,1
4936,26,<30,0,3,6,2020.0,0,блогинг,1,0.845257109000289,1,0,1
4937,54,45+,0,2,14,1989.0,1,шахматы,0,0.16706755986703162,0,0,0
4938,65,45+,1,2,33,1992.0,0,садоводство,0,0.3182611356286902,0,0,0
4939,62,45+,1,3,24,1981.0,1,фотография,0,0.17578175146081637,0,1,0
4940,56,45+,1,1,21,1988.0,1,путешествия,0,0.1440101620015609,0,1,1
4941,49,45+,1,2,18,2008.0,1,вязание,0,0.3703154886301208,0,0,0
4942,34,30-45,1,1,6,2011.0,1,фотография,0,0.3690392162024362,0,0,1
4943,52,45+,1,1,27,1987.0,1,чтение,0,0.1294527262674909,0,0,0
4944,54,45+,1,3,24,1983.0,1,садоводство,0,0.1894276895400932,0,1,0
4945,36,30-45,1,3,8,2005.0,0,фотография,0,0.6117176460781468,1,1,1
4946,61,45+,1,1,28,1986.0,1,фотография,0,0.12298236219292134,0,0,0
4947,46,45+,1,2,14,1996.0,0,спорт,0,0.4175595878891,0,0,1
4948,24,<30,1,1,3,2012.0,0,чтение,0,0.5605159534293422,1,1,1
4949,45,30-45,0,2,11,2001.0,1,фотография,0,0.2652321329683229,0,1,0
4950,26,<30,0,1,3,2009.0,0,чтение,0,0.46193284592424594,0,1,0
4951,45,30-45,0,2,20,1998.0,1,путешествия,0,0.21879695527893314,0,0,0
4952,23,<30,0,3,5,2020.0,0,чтение,0,0.7151846971271032,1,0,1
4953,46,45+,0,3,20,2001.0,1,вязание,0,0.3020758169188482,0,1,1
4954,34,30-45,0,2,13,2013.0,0,спорт,0,0.5495667998341823,1,1,1
4955,33,30-45,0,3,8,2014.0,0,фотография,0,0.6473638819649369,1,0,0
4956,40,30-45,1,4,12,2005.0,0,путешествия,0,0.6683665790835263,1,0,1
4957,48,45+,1,2,15,2007.0,0,рыбалка,0,0.5392377748533927,1,1,0
4958,20,<30,0,2,3,2015.0,0,фотография,0,0.6034552867036194,1,1,1
4959,38,30-45,1,3,12,2004.0,0,путешествия,0,0.588315740733327,1,1,1
4960,43,30-45,1,2,9,2004.0,1,путешествия,0,0.35497805952071454,0,0,1
4961,53,45+,1,3,21,1985.0,1,чтение,0,0.21024934053242456,0,0,0
4962,59,45+,1,3,33,1982.0,1,вязание,0,0.165755055384915,0,1,0
4963,54,45+,0,2,33,1982.0,1,садоводство,0,0.10222735235520489,0,0,0
4964,39,30-45,0,3,14,2007.0,0,путешествия,0,0.5522246319619197,1,1,1
4965,59,45+,0,3,26,1989.0,0,рыбалка,0,0.3167231516685648,0,1,1
4966,29,<30,0,1,1,2016.0,0,блогинг,1,0.7278159436351868,1,0,1
4967,59,45+,1,1,34,1986.0,0,рыбалка,0,0.2063331304126425,0,0,0
4968,30,<30,0,3,6,2014.0,0,чтение,0,0.6532537891335233,1,1,1
4969,28,<30,0,4,3,2014.0,0,блогинг,1,0.8532622527787377,1,1,1
4970,33,30-45,0,3,11,2012.0,0,путешествия,0,0.6170774460680093,1,1,1
4971,25,<30,0,4,5,2008.0,0,программирование,1,0.8115544355960969,1,1,1
4972,57,45+,1,2,24,1986.0,1,чтение,0,0.16594890784862568,0,1,0
4973,57,45+,1,2,23,1978.0,1,чтение,0,0.12265763034768411,0,1,0
4974,62,45+,0,2,28,1982.0,0,спорт,0,0.19576929494913922,0,0,0
4975,19,<30,0,1,0,2019.0,0,скейтборд,1,0.7565226453488925,1,0,1
4976,47,45+,0,3,15,2010.0,1,фотография,0,0.41068964291610144,0,1,0
4977,47,45+,0,4,22,1997.0,1,вязание,0,0.32121774987503937,0,0,0
4978,29,<30,1,3,5,2021.0,0,блогинг,1,0.8823824565028262,1,0,1
4979,27,<30,0,3,3,2023.0,0,скейтборд,1,0.8669106783010586,1,1,1
4980,61,45+,1,2,27,1990.0,1,шахматы,0,0.1868593657151552,0,1,0
4981,28,<30,1,1,2,2012.0,0,скейтборд,1,0.7400701075989873,1,0,0
4982,32,30-45,0,2,11,2013.0,0,путешествия,0,0.5559697672249018,1,1,0
4983,33,30-45,0,3,9,2014.0,0,фотография,0,0.6444019120859529,1,1,1
4984,34,30-45,1,2,11,2011.0,0,фотография,0,0.596762601579678,1,0,1
4985,43,30-45,1,4,10,2008.0,1,спорт,0,0.5421197662773812,1,1,0
4986,19,<30,0,3,2,2013.0,0,программирование,1,0.8068344390857829,1,0,1
4987,29,<30,1,1,2,2021.0,0,скейтборд,1,0.8112110372015401,1,1,0
4988,43,30-45,1,1,9,2009.0,1,фотография,0,0.33924717181596764,0,0,1
4989,40,30-45,0,3,19,2001.0,0,путешествия,0,0.46767873903550095,0,1,0
4990,35,30-45,1,2,13,2020.0,0,путешествия,0,0.6851752843800386,1,0,0
4991,49,45+,0,3,15,2004.0,1,спорт,0,0.3462662552137687,0,0,0
4992,55,45+,1,3,12,1983.0,1,спорт,0,0.21444640091242745,0,0,0
4993,64,45+,1,2,26,1985.0,1,садоводство,0,0.15627030781733872,0,0,0
4994,20,<30,1,2,1,2011.0,0,путешествия,0,0.627497869794884,1,0,1
4995,55,45+,0,2,23,1978.0,1,вязание,0,0.09742825103870587,0,0,0
4996,20,<30,0,3,0,2017.0,0,путешествия,0,0.7002026879248531,1,0,1
4997,47,45+,1,1,21,2002.0,1,чтение,0,0.24192369557315105,0,0,0
4998,18,<30,1,3,0,2009.0,0,фотография,0,0.6772273638753864,1,1,1
4999,47,45+,1,3,12,2003.0,0,рыбалка,0,0.5771970747282651,1,1,0
5000,62,45+,1,3,26,1995.0,1,шахматы,0,0.2827462273513013,0,0,0
