index,cluster
0,0
1,1
2,1
3,0
4,1
5,2
6,0
7,2
8,1
9,1
10,0
11,0
12,2
13,1
14,1
15,0
16,0
17,2
18,1
19,0
20,0
21,0
22,2
23,0
24,0
25,1
26,2
27,2
28,0
29,1
30,0
31,1
32,2
33,1
34,0
35,0
36,0
37,0
38,1
39,0
40,1
41,0
42,1
43,2
44,1
45,1
46,2
47,2
48,0
49,0
50,1
51,1
52,0
53,0
54,1
55,0
56,1
57,1
58,1
59,2
60,1
61,0
62,0
63,1
64,0
65,2
66,0
67,2
68,0
69,0
70,1
71,1
72,1
73,2
74,2
75,0
76,0
77,1
78,0
79,0
80,0
81,2
82,0
83,0
84,0
85,0
86,1
87,1
88,1
89,1
90,0
91,0
92,1
93,2
94,0
95,0
96,2
97,1
98,2
99,2
100,2
101,1
102,2
103,0
104,0
105,2
106,0
107,0
108,2
109,2
110,1
111,0
112,2
113,1
114,2
115,1
116,1
117,0
118,0
119,0
120,1
121,0
122,0
123,1
124,1
125,1
126,1
127,1
128,2
129,2
130,1
131,1
132,2
133,0
134,1
135,1
136,2
137,2
138,1
139,0
140,0
141,0
142,0
143,2
144,2
145,1
146,1
147,0
148,2
149,0
150,2
151,1
152,0
153,1
154,0
155,1
156,1
157,0
158,0
159,0
160,0
161,1
162,1
163,0
164,1
165,2
166,0
167,2
168,0
169,2
170,2
171,1
172,0
173,2
174,2
175,0
176,2
177,1
178,0
179,2
180,1
181,2
182,1
183,2
184,1
185,0
186,2
187,0
188,1
189,0
190,0
191,1
192,2
193,2
194,0
195,2
196,0
197,1
198,2
199,0
200,0
201,0
202,1
203,1
204,0
205,0
206,1
207,1
208,0
209,2
210,1
211,1
212,2
213,2
214,2
215,0
216,1
217,1
218,1
219,0
220,1
221,1
222,0
223,2
224,2
225,0
226,0
227,0
228,1
229,0
230,1
231,2
232,0
233,0
234,2
235,0
236,1
237,0
238,0
239,0
240,0
241,2
242,0
243,0
244,2
245,1
246,0
247,1
248,0
249,1
250,2
251,2
252,1
253,0
254,0
255,2
256,2
257,0
258,0
259,0
260,1
261,0
262,1
263,1
264,1
265,2
266,0
267,0
268,1
269,1
270,0
271,0
272,2
273,0
274,1
275,0
276,2
277,1
278,0
279,1
280,1
281,1
282,1
283,0
284,0
285,1
286,1
287,0
288,2
289,1
290,0
291,1
292,0
293,2
294,1
295,0
296,1
297,1
298,0
299,1
300,1
301,0
302,0
303,0
304,1
305,0
306,1
307,0
308,2
309,2
310,1
311,0
312,0
313,1
314,2
315,0
316,2
317,0
318,1
319,1
320,1
321,0
322,1
323,1
324,2
325,0
326,1
327,1
328,0
329,2
330,0
331,2
332,1
333,2
334,2
335,1
336,0
337,1
338,1
339,1
340,1
341,2
342,1
343,0
344,1
345,1
346,0
347,0
348,1
349,0
350,2
351,1
352,0
353,2
354,0
355,1
356,1
357,1
358,1
359,0
360,0
361,2
362,0
363,0
364,0
365,2
366,0
367,0
368,1
369,0
370,0
371,0
372,1
373,1
374,0
375,1
376,0
377,2
378,1
379,0
380,1
381,2
382,1
383,2
384,0
385,0
386,1
387,0
388,2
389,0
390,0
391,0
392,1
393,1
394,0
395,2
396,1
397,1
398,1
399,1
400,1
401,1
402,1
403,0
404,2
405,1
406,0
407,0
408,2
409,1
410,0
411,0
412,1
413,1
414,0
415,1
416,0
417,2
418,1
419,1
420,1
421,0
422,2
423,1
424,1
425,0
426,2
427,0
428,0
429,0
430,0
431,0
432,2
433,2
434,0
435,2
436,0
437,0
438,0
439,1
440,2
441,0
442,2
443,2
444,0
445,0
446,0
447,0
448,1
449,0
450,0
451,1
452,0
453,1
454,1
455,1
456,2
457,1
458,1
459,0
460,1
461,0
462,2
463,1
464,1
465,0
466,0
467,0
468,1
469,2
470,2
471,2
472,0
473,0
474,2
475,0
476,1
477,0
478,0
479,1
480,0
481,1
482,0
483,2
484,0
485,0
486,1
487,2
488,0
489,1
490,0
491,2
492,0
493,0
494,0
495,2
496,2
497,1
498,2
499,0
500,0
501,2
502,0
503,0
504,2
505,0
506,2
507,1
508,2
509,0
510,0
511,1
512,2
513,2
514,0
515,2
516,2
517,2
518,1
519,1
520,1
521,1
522,2
523,0
524,1
525,0
526,0
527,2
528,0
529,0
530,1
531,1
532,2
533,0
534,1
535,1
536,0
537,1
538,2
539,1
540,2
541,1
542,0
543,0
544,1
545,2
546,1
547,2
548,1
549,0
550,1
551,2
552,1
553,1
554,0
555,0
556,1
557,2
558,2
559,1
560,0
561,0
562,1
563,2
564,0
565,2
566,0
567,1
568,0
569,0
570,0
571,0
572,2
573,1
574,1
575,2
576,0
577,2
578,0
579,0
580,0
581,0
582,0
583,0
584,0
585,1
586,0
587,1
588,2
589,0
590,0
591,0
592,2
593,2
594,0
595,0
596,1
597,2
598,1
599,0
600,1
601,1
602,1
603,0
604,1
605,2
606,2
607,0
608,2
609,1
610,0
611,0
612,0
613,0
614,0
615,0
616,0
617,0
618,1
619,0
620,2
621,0
622,1
623,1
624,0
625,1
626,2
627,0
628,2
629,1
630,1
631,1
632,0
633,2
634,2
635,0
636,2
637,1
638,2
639,1
640,0
641,2
642,1
643,2
644,1
645,1
646,0
647,2
648,2
649,1
650,1
651,1
652,1
653,0
654,2
655,0
656,0
657,0
658,0
659,1
660,0
661,2
662,0
663,2
664,1
665,1
666,0
667,1
668,0
669,0
670,1
671,0
672,0
673,0
674,1
675,1
676,0
677,2
678,0
679,0
680,1
681,0
682,0
683,0
684,1
685,2
686,0
687,0
688,0
689,0
690,1
691,1
692,2
693,0
694,1
695,0
696,0
697,0
698,0
699,1
700,1
701,2
702,1
703,1
704,1
705,2
706,1
707,1
708,0
709,0
710,0
711,0
712,0
713,1
714,1
715,0
716,1
717,1
718,1
719,2
720,1
721,1
722,0
723,0
724,1
725,1
726,0
727,2
728,2
729,1
730,0
731,1
732,0
733,0
734,2
735,1
736,2
737,0
738,1
739,0
740,0
741,0
742,0
743,0
744,1
745,0
746,1
747,1
748,1
749,0
750,2
751,2
752,2
753,2
754,0
755,0
756,0
757,2
758,0
759,1
760,2
761,2
762,0
763,1
764,0
765,1
766,1
767,0
768,0
769,0
770,0
771,1
772,1
773,1
774,1
775,1
776,2
777,1
778,1
779,0
780,0
781,2
782,2
783,1
784,0
785,1
786,1
787,1
788,0
789,2
790,1
791,2
792,0
793,0
794,1
795,1
796,1
797,0
798,1
799,0
800,2
801,2
802,2
803,1
804,2
805,1
806,2
807,1
808,1
809,2
810,1
811,1
812,1
813,0
814,2
815,1
816,1
817,1
818,1
819,2
820,2
821,0
822,1
823,1
824,1
825,0
826,0
827,0
828,0
829,0
830,2
831,2
832,2
833,0
834,0
835,1
836,2
837,2
838,0
839,2
840,1
841,0
842,0
843,0
844,1
845,1
846,1
847,1
848,0
849,0
850,1
851,0
852,1
853,0
854,1
855,0
856,0
857,0
858,0
859,0
860,1
861,0
862,0
863,2
864,1
865,0
866,2
867,1
868,0
869,0
870,2
871,0
872,0
873,0
874,0
875,0
876,0
877,0
878,2
879,0
880,0
881,1
882,1
883,1
884,2
885,1
886,1
887,1
888,2
889,1
890,2
891,1
892,1
893,0
894,2
895,2
896,0
897,2
898,0
899,1
900,1
901,2
902,0
903,1
904,0
905,0
906,1
907,1
908,0
909,2
910,2
911,0
912,0
913,0
914,2
915,0
916,0
917,0
918,1
919,0
920,0
921,0
922,1
923,0
924,0
925,0
926,0
927,0
928,2
929,1
930,1
931,1
932,1
933,0
934,0
935,0
936,0
937,1
938,1
939,0
940,1
941,0
942,0
943,0
944,0
945,0
946,0
947,0
948,0
949,0
950,2
951,1
952,1
953,0
954,0
955,1
956,2
957,2
958,0
959,2
960,2
961,2
962,2
963,2
964,2
965,0
966,2
967,0
968,1
969,2
970,1
971,1
972,0
973,1
974,2
975,2
976,1
977,0
978,1
979,0
980,0
981,1
982,2
983,1
984,1
985,0
986,2
987,0
988,0
989,1
990,0
991,1
992,0
993,2
994,1
995,1
996,2
997,0
998,1
999,0
1000,1
1001,1
1002,0
1003,1
1004,0
1005,2
1006,0
1007,1
1008,1
1009,1
1010,1
1011,0
1012,0
1013,2
1014,1
1015,2
1016,2
1017,2
1018,0
1019,1
1020,0
1021,1
1022,1
1023,2
1024,0
1025,2
1026,0
1027,2
1028,0
1029,1
1030,2
1031,1
1032,1
1033,0
1034,1
1035,2
1036,2
1037,1
1038,1
1039,2
1040,0
1041,1
1042,0
1043,1
1044,0
1045,1
1046,0
1047,0
1048,1
1049,1
1050,1
1051,1
1052,0
1053,0
1054,2
1055,2
1056,0
1057,1
1058,1
1059,0
1060,2
1061,1
1062,0
1063,0
1064,0
1065,2
1066,2
1067,1
1068,0
1069,0
1070,1
1071,2
1072,0
1073,1
1074,2
1075,0
1076,0
1077,0
1078,0
1079,0
1080,1
1081,0
1082,1
1083,1
1084,0
1085,0
1086,0
1087,1
1088,1
1089,0
1090,0
1091,2
1092,2
1093,0
1094,0
1095,1
1096,1
1097,1
1098,0
1099,1
1100,2
1101,2
1102,0
1103,1
1104,1
1105,0
1106,2
1107,1
1108,1
1109,1
1110,1
1111,0
1112,0
1113,1
1114,0
1115,2
1116,2
1117,2
1118,0
1119,2
1120,1
1121,0
1122,1
1123,1
1124,2
1125,0
1126,0
1127,2
1128,2
1129,0
1130,0
1131,2
1132,0
1133,0
1134,1
1135,0
1136,0
1137,2
1138,0
1139,1
1140,0
1141,1
1142,1
1143,0
1144,2
1145,2
1146,0
1147,2
1148,2
1149,2
1150,0
1151,1
1152,2
1153,1
1154,2
1155,1
1156,1
1157,2
1158,1
1159,0
1160,0
1161,1
1162,1
1163,0
1164,0
1165,1
1166,0
1167,1
1168,0
1169,1
1170,0
1171,1
1172,2
1173,2
1174,2
1175,2
1176,2
1177,1
1178,1
1179,2
1180,0
1181,2
1182,1
1183,2
1184,1
1185,2
1186,0
1187,0
1188,1
1189,2
1190,1
1191,1
1192,1
1193,1
1194,0
1195,2
1196,2
1197,0
1198,0
1199,0
1200,0
1201,1
1202,1
1203,0
1204,1
1205,0
1206,0
1207,0
1208,1
1209,1
1210,2
1211,0
1212,0
1213,1
1214,0
1215,1
1216,0
1217,2
1218,0
1219,2
1220,1
1221,2
1222,2
1223,0
1224,1
1225,1
1226,1
1227,1
1228,2
1229,2
1230,2
1231,1
1232,2
1233,1
1234,1
1235,2
1236,2
1237,2
1238,2
1239,0
1240,1
1241,0
1242,0
1243,2
1244,0
1245,0
1246,2
1247,1
1248,0
1249,0
1250,0
1251,2
1252,0
1253,2
1254,0
1255,1
1256,1
1257,1
1258,0
1259,2
1260,2
1261,0
1262,2
1263,1
1264,2
1265,0
1266,2
1267,0
1268,2
1269,2
1270,1
1271,0
1272,1
1273,2
1274,0
1275,1
1276,1
1277,2
1278,0
1279,0
1280,2
1281,2
1282,0
1283,1
1284,1
1285,2
1286,1
1287,1
1288,0
1289,1
1290,2
1291,0
1292,2
1293,0
1294,0
1295,0
1296,2
1297,0
1298,1
1299,0
1300,1
1301,2
1302,0
1303,2
1304,0
1305,1
1306,0
1307,0
1308,0
1309,0
1310,1
1311,0
1312,1
1313,1
1314,0
1315,2
1316,0
1317,0
1318,0
1319,2
1320,0
1321,1
1322,1
1323,1
1324,0
1325,1
1326,0
1327,0
1328,0
1329,0
1330,0
1331,0
1332,0
1333,0
1334,2
1335,1
1336,1
1337,1
1338,1
1339,1
1340,0
1341,2
1342,1
1343,2
1344,0
1345,0
1346,1
1347,0
1348,1
1349,0
1350,1
1351,0
1352,0
1353,2
1354,1
1355,0
1356,2
1357,1
1358,2
1359,2
1360,0
1361,2
1362,0
1363,2
1364,0
1365,2
1366,1
1367,0
1368,1
1369,2
1370,2
1371,2
1372,0
1373,1
1374,0
1375,0
1376,2
1377,2
1378,2
1379,1
1380,1
1381,1
1382,1
1383,1
1384,2
1385,1
1386,2
1387,1
1388,1
1389,1
1390,0
1391,1
1392,0
1393,0
1394,1
1395,0
1396,0
1397,2
1398,1
1399,0
1400,0
1401,2
1402,1
1403,1
1404,1
1405,0
1406,1
1407,1
1408,0
1409,2
1410,0
1411,2
1412,1
1413,1
1414,1
1415,0
1416,1
1417,2
1418,0
1419,0
1420,0
1421,2
1422,2
1423,1
1424,1
1425,1
1426,2
1427,2
1428,1
1429,0
1430,0
1431,2
1432,2
1433,2
1434,0
1435,0
1436,1
1437,2
1438,1
1439,1
1440,0
1441,0
1442,2
1443,2
1444,0
1445,2
1446,2
1447,0
1448,2
1449,0
1450,2
1451,0
1452,1
1453,2
1454,1
1455,1
1456,0
1457,2
1458,2
1459,2
1460,1
1461,0
1462,2
1463,0
1464,0
1465,0
1466,2
1467,1
1468,1
1469,2
1470,2
1471,2
1472,0
1473,2
1474,1
1475,2
1476,2
1477,2
1478,1
1479,1
1480,0
1481,0
1482,0
1483,1
1484,0
1485,0
1486,1
1487,2
1488,0
1489,2
1490,0
1491,2
1492,0
1493,1
1494,0
1495,0
1496,2
1497,1
1498,0
1499,2
1500,0
1501,0
1502,2
1503,0
1504,0
1505,2
1506,1
1507,1
1508,0
1509,2
1510,0
1511,2
1512,1
1513,0
1514,1
1515,0
1516,1
1517,1
1518,0
1519,2
1520,1
1521,0
1522,2
1523,0
1524,0
1525,1
1526,0
1527,2
1528,0
1529,0
1530,0
1531,2
1532,2
1533,1
1534,1
1535,1
1536,1
1537,1
1538,0
1539,0
1540,2
1541,2
1542,0
1543,1
1544,1
1545,2
1546,0
1547,2
1548,1
1549,1
1550,1
1551,1
1552,1
1553,0
1554,2
1555,1
1556,1
1557,2
1558,0
1559,2
1560,0
1561,2
1562,1
1563,2
1564,1
1565,1
1566,0
1567,2
1568,0
1569,0
1570,0
1571,0
1572,1
1573,0
1574,1
1575,0
1576,1
1577,1
1578,0
1579,2
1580,1
1581,1
1582,1
1583,1
1584,1
1585,0
1586,1
1587,0
1588,1
1589,0
1590,2
1591,2
1592,0
1593,1
1594,1
1595,0
1596,2
1597,0
1598,1
1599,2
1600,1
1601,0
1602,1
1603,2
1604,1
1605,2
1606,2
1607,2
1608,1
1609,0
1610,2
1611,1
1612,1
1613,1
1614,1
1615,0
1616,1
1617,1
1618,0
1619,0
1620,1
1621,1
1622,1
1623,2
1624,1
1625,2
1626,2
1627,0
1628,1
1629,0
1630,2
1631,1
1632,1
1633,1
1634,2
1635,2
1636,2
1637,1
1638,0
1639,1
1640,2
1641,2
1642,0
1643,2
1644,2
1645,0
1646,2
1647,1
1648,0
1649,1
1650,0
1651,0
1652,2
1653,0
1654,1
1655,1
1656,1
1657,2
1658,0
1659,2
1660,1
1661,0
1662,2
1663,1
1664,0
1665,2
1666,0
1667,0
1668,0
1669,2
1670,0
1671,0
1672,1
1673,1
1674,0
1675,1
1676,0
1677,2
1678,2
1679,1
1680,0
1681,2
1682,1
1683,0
1684,2
1685,1
1686,1
1687,1
1688,1
1689,0
1690,2
1691,0
1692,1
1693,0
1694,0
1695,0
1696,0
1697,1
1698,2
1699,0
1700,0
1701,1
1702,1
1703,2
1704,2
1705,1
1706,1
1707,0
1708,0
1709,1
1710,1
1711,0
1712,0
1713,1
1714,2
1715,2
1716,1
1717,1
1718,0
1719,2
1720,1
1721,0
1722,1
1723,2
1724,2
1725,2
1726,1
1727,0
1728,1
1729,0
1730,0
1731,0
1732,0
1733,1
1734,0
1735,1
1736,0
1737,2
1738,2
1739,1
1740,0
1741,0
1742,0
1743,1
1744,2
1745,0
1746,1
1747,1
1748,0
1749,1
1750,0
1751,1
1752,2
1753,2
1754,0
1755,0
1756,0
1757,0
1758,0
1759,0
1760,0
1761,2
1762,2
1763,1
1764,1
1765,2
1766,2
1767,2
1768,2
1769,2
1770,1
1771,1
1772,1
1773,0
1774,0
1775,2
1776,1
1777,0
1778,1
1779,1
1780,2
1781,1
1782,0
1783,2
1784,0
1785,2
1786,2
1787,0
1788,1
1789,0
1790,0
1791,0
1792,0
1793,1
1794,1
1795,2
1796,2
1797,0
1798,2
1799,1
1800,2
1801,0
1802,1
1803,2
1804,0
1805,0
1806,1
1807,0
1808,0
1809,0
1810,2
1811,1
1812,0
1813,0
1814,2
1815,2
1816,0
1817,2
1818,0
1819,1
1820,0
1821,1
1822,2
1823,0
1824,1
1825,1
1826,0
1827,1
1828,0
1829,0
1830,1
1831,0
1832,0
1833,0
1834,2
1835,0
1836,1
1837,1
1838,0
1839,2
1840,0
1841,1
1842,0
1843,0
1844,0
1845,1
1846,1
1847,0
1848,1
1849,2
1850,2
1851,1
1852,0
1853,0
1854,1
1855,0
1856,1
1857,1
1858,0
1859,1
1860,0
1861,2
1862,2
1863,1
1864,0
1865,1
1866,2
1867,0
1868,1
1869,1
1870,2
1871,1
1872,0
1873,1
1874,2
1875,1
1876,1
1877,0
1878,0
1879,0
1880,0
1881,2
1882,1
1883,0
1884,2
1885,1
1886,2
1887,1
1888,2
1889,0
1890,1
1891,2
1892,2
1893,0
1894,1
1895,0
1896,1
1897,2
1898,0
1899,0
1900,1
1901,1
1902,2
1903,2
1904,0
1905,0
1906,0
1907,1
1908,0
1909,0
1910,0
1911,0
1912,2
1913,0
1914,1
1915,0
1916,2
1917,1
1918,0
1919,0
1920,1
1921,1
1922,0
1923,1
1924,1
1925,0
1926,1
1927,2
1928,1
1929,0
1930,0
1931,1
1932,0
1933,1
1934,1
1935,0
1936,0
1937,1
1938,1
1939,0
1940,2
1941,1
1942,1
1943,0
1944,0
1945,2
1946,1
1947,2
1948,0
1949,2
1950,1
1951,2
1952,2
1953,1
1954,1
1955,0
1956,1
1957,0
1958,1
1959,2
1960,2
1961,0
1962,1
1963,1
1964,0
1965,0
1966,2
1967,2
1968,1
1969,1
1970,1
1971,1
1972,0
1973,2
1974,0
1975,1
1976,2
1977,2
1978,2
1979,1
1980,0
1981,2
1982,2
1983,0
1984,0
1985,2
1986,1
1987,1
1988,1
1989,2
1990,0
1991,0
1992,2
1993,0
1994,0
1995,1
1996,1
1997,0
1998,2
1999,0
2000,1
2001,1
2002,2
2003,2
2004,1
2005,1
2006,1
2007,1
2008,0
2009,1
2010,0
2011,2
2012,1
2013,0
2014,2
2015,0
2016,1
2017,0
2018,2
2019,2
2020,0
2021,0
2022,1
2023,0
2024,0
2025,2
2026,0
2027,0
2028,1
2029,0
2030,2
2031,1
2032,0
2033,0
2034,1
2035,2
2036,0
2037,0
2038,1
2039,1
2040,0
2041,1
2042,1
2043,0
2044,1
2045,0
2046,0
2047,0
2048,0
2049,1
2050,0
2051,2
2052,0
2053,0
2054,0
2055,0
2056,2
2057,0
2058,2
2059,0
2060,1
2061,2
2062,0
2063,0
2064,0
2065,0
2066,1
2067,1
2068,0
2069,1
2070,0
2071,1
2072,1
2073,2
2074,0
2075,0
2076,1
2077,0
2078,2
2079,1
2080,1
2081,2
2082,0
2083,2
2084,2
2085,0
2086,2
2087,2
2088,0
2089,0
2090,2
2091,2
2092,0
2093,0
2094,0
2095,2
2096,2
2097,1
2098,2
2099,1
2100,2
2101,2
2102,1
2103,0
2104,1
2105,1
2106,0
2107,1
2108,2
2109,0
2110,0
2111,0
2112,0
2113,0
2114,2
2115,2
2116,1
2117,1
2118,1
2119,2
2120,0
2121,2
2122,0
2123,1
2124,0
2125,0
2126,0
2127,0
2128,2
2129,2
2130,0
2131,0
2132,1
2133,2
2134,0
2135,0
2136,0
2137,0
2138,0
2139,2
2140,2
2141,1
2142,0
2143,1
2144,1
2145,1
2146,0
2147,1
2148,0
2149,1
2150,1
2151,1
2152,2
2153,1
2154,0
2155,1
2156,1
2157,2
2158,2
2159,2
2160,0
2161,0
2162,0
2163,0
2164,2
2165,0
2166,1
2167,1
2168,0
2169,1
2170,0
2171,0
2172,2
2173,0
2174,0
2175,1
2176,1
2177,0
2178,0
2179,0
2180,1
2181,1
2182,0
2183,0
2184,1
2185,2
2186,1
2187,2
2188,0
2189,1
2190,2
2191,0
2192,0
2193,0
2194,0
2195,1
2196,1
2197,0
2198,0
2199,1
2200,1
2201,1
2202,1
2203,1
2204,2
2205,1
2206,1
2207,1
2208,0
2209,0
2210,0
2211,0
2212,0
2213,1
2214,2
2215,0
2216,2
2217,1
2218,0
2219,2
2220,1
2221,0
2222,1
2223,2
2224,0
2225,2
2226,1
2227,2
2228,1
2229,1
2230,0
2231,0
2232,1
2233,0
2234,1
2235,1
2236,2
2237,1
2238,1
2239,1
2240,2
2241,1
2242,0
2243,0
2244,0
2245,1
2246,1
2247,0
2248,0
2249,2
2250,0
2251,0
2252,1
2253,1
2254,1
2255,0
2256,1
2257,2
2258,2
2259,2
2260,1
2261,0
2262,2
2263,0
2264,1
2265,2
2266,0
2267,1
2268,1
2269,0
2270,2
2271,0
2272,1
2273,0
2274,1
2275,1
2276,2
2277,1
2278,0
2279,0
2280,1
2281,2
2282,1
2283,1
2284,2
2285,0
2286,2
2287,0
2288,0
2289,0
2290,2
2291,1
2292,0
2293,2
2294,2
2295,0
2296,2
2297,1
2298,2
2299,0
2300,1
2301,2
2302,1
2303,1
2304,0
2305,0
2306,2
2307,1
2308,0
2309,1
2310,0
2311,1
2312,1
2313,1
2314,1
2315,0
2316,2
2317,0
2318,2
2319,0
2320,0
2321,2
2322,1
2323,1
2324,2
2325,1
2326,1
2327,1
2328,1
2329,2
2330,1
2331,2
2332,0
2333,1
2334,2
2335,0
2336,1
2337,2
2338,2
2339,0
2340,1
2341,0
2342,0
2343,1
2344,0
2345,1
2346,2
2347,0
2348,0
2349,0
2350,2
2351,2
2352,1
2353,2
2354,0
2355,0
2356,0
2357,1
2358,2
2359,2
2360,0
2361,1
2362,1
2363,1
2364,0
2365,0
2366,1
2367,0
2368,1
2369,2
2370,1
2371,2
2372,1
2373,2
2374,1
2375,0
2376,1
2377,0
2378,0
2379,0
2380,1
2381,1
2382,0
2383,1
2384,0
2385,1
2386,0
2387,2
2388,0
2389,1
2390,0
2391,0
2392,2
2393,2
2394,0
2395,2
2396,0
2397,0
2398,2
2399,0
2400,1
2401,1
2402,1
2403,0
2404,1
2405,0
2406,1
2407,0
2408,1
2409,1
2410,0
2411,2
2412,1
2413,1
2414,0
2415,1
2416,0
2417,1
2418,0
2419,0
2420,2
2421,1
2422,2
2423,2
2424,2
2425,2
2426,0
2427,0
2428,1
2429,2
2430,0
2431,1
2432,0
2433,1
2434,0
2435,0
2436,0
2437,1
2438,2
2439,0
2440,2
2441,1
2442,2
2443,1
2444,1
2445,1
2446,0
2447,1
2448,0
2449,1
2450,1
2451,0
2452,0
2453,2
2454,0
2455,2
2456,1
2457,1
2458,1
2459,1
2460,1
2461,1
2462,0
2463,1
2464,2
2465,0
2466,2
2467,1
2468,2
2469,0
2470,2
2471,0
2472,2
2473,0
2474,1
2475,2
2476,0
2477,0
2478,0
2479,1
2480,0
2481,0
2482,0
2483,0
2484,0
2485,0
2486,2
2487,0
2488,2
2489,1
2490,2
2491,0
2492,1
2493,0
2494,1
2495,0
2496,0
2497,0
2498,1
2499,1
2500,0
2501,0
2502,1
2503,2
2504,0
2505,0
2506,2
2507,1
2508,1
2509,2
2510,1
2511,1
2512,0
2513,0
2514,1
2515,2
2516,0
2517,0
2518,0
2519,1
2520,0
2521,1
2522,1
2523,1
2524,0
2525,0
2526,1
2527,0
2528,2
2529,2
2530,0
2531,1
2532,2
2533,0
2534,2
2535,0
2536,2
2537,0
2538,1
2539,2
2540,2
2541,0
2542,2
2543,1
2544,0
2545,0
2546,0
2547,1
2548,1
2549,0
2550,0
2551,0
2552,1
2553,1
2554,0
2555,1
2556,1
2557,0
2558,1
2559,1
2560,1
2561,1
2562,2
2563,2
2564,0
2565,0
2566,1
2567,1
2568,0
2569,2
2570,1
2571,1
2572,2
2573,1
2574,1
2575,2
2576,1
2577,0
2578,0
2579,0
2580,0
2581,2
2582,2
2583,2
2584,2
2585,1
2586,1
2587,1
2588,2
2589,0
2590,1
2591,2
2592,2
2593,1
2594,0
2595,1
2596,1
2597,1
2598,0
2599,0
2600,2
2601,0
2602,1
2603,1
2604,1
2605,0
2606,2
2607,1
2608,1
2609,2
2610,0
2611,0
2612,1
2613,1
2614,2
2615,1
2616,0
2617,2
2618,0
2619,0
2620,2
2621,2
2622,1
2623,0
2624,0
2625,1
2626,1
2627,1
2628,2
2629,2
2630,1
2631,1
2632,1
2633,0
2634,2
2635,2
2636,2
2637,0
2638,0
2639,0
2640,1
2641,2
2642,0
2643,0
2644,2
2645,1
2646,0
2647,0
2648,2
2649,2
2650,0
2651,1
2652,1
2653,1
2654,2
2655,1
2656,0
2657,0
2658,1
2659,0
2660,0
2661,1
2662,0
2663,2
2664,0
2665,1
2666,0
2667,0
2668,0
2669,1
2670,0
2671,1
2672,2
2673,0
2674,1
2675,1
2676,1
2677,0
2678,2
2679,2
2680,0
2681,0
2682,1
2683,1
2684,0
2685,0
2686,2
2687,1
2688,0
2689,0
2690,0
2691,1
2692,1
2693,1
2694,0
2695,2
2696,0
2697,1
2698,0
2699,0
2700,2
2701,1
2702,1
2703,2
2704,1
2705,2
2706,1
2707,2
2708,0
2709,0
2710,1
2711,2
2712,0
2713,0
2714,0
2715,1
2716,1
2717,0
2718,1
2719,2
2720,0
2721,2
2722,1
2723,0
2724,1
2725,1
2726,1
2727,0
2728,0
2729,0
2730,0
2731,0
2732,2
2733,1
2734,0
2735,0
2736,1
2737,2
2738,1
2739,1
2740,2
2741,0
2742,1
2743,1
2744,2
2745,1
2746,0
2747,0
2748,1
2749,0
2750,0
2751,1
2752,2
2753,0
2754,2
2755,2
2756,0
2757,2
2758,0
2759,2
2760,0
2761,0
2762,0
2763,1
2764,1
2765,2
2766,0
2767,2
2768,2
2769,2
2770,2
2771,1
2772,0
2773,1
2774,2
2775,0
2776,0
2777,1
2778,0
2779,2
2780,1
2781,1
2782,0
2783,0
2784,1
2785,0
2786,1
2787,0
2788,1
2789,2
2790,1
2791,0
2792,0
2793,1
2794,2
2795,2
2796,0
2797,1
2798,0
2799,0
2800,0
2801,0
2802,0
2803,0
2804,0
2805,2
2806,1
2807,2
2808,2
2809,0
2810,1
2811,0
2812,1
2813,0
2814,0
2815,2
2816,2
2817,1
2818,1
2819,0
2820,0
2821,2
2822,0
2823,2
2824,0
2825,0
2826,2
2827,2
2828,0
2829,0
2830,1
2831,1
2832,1
2833,2
2834,0
2835,0
2836,0
2837,0
2838,1
2839,1
2840,1
2841,2
2842,2
2843,1
2844,1
2845,2
2846,0
2847,0
2848,0
2849,0
2850,1
2851,0
2852,2
2853,0
2854,1
2855,1
2856,0
2857,1
2858,0
2859,1
2860,0
2861,0
2862,2
2863,1
2864,1
2865,2
2866,2
2867,2
2868,1
2869,2
2870,0
2871,1
2872,0
2873,0
2874,1
2875,2
2876,2
2877,2
2878,1
2879,0
2880,1
2881,1
2882,0
2883,2
2884,2
2885,1
2886,0
2887,0
2888,0
2889,1
2890,2
2891,2
2892,2
2893,0
2894,1
2895,2
2896,1
2897,0
2898,1
2899,0
2900,0
2901,0
2902,1
2903,2
2904,1
2905,0
2906,0
2907,0
2908,0
2909,1
2910,1
2911,1
2912,1
2913,2
2914,0
2915,2
2916,0
2917,1
2918,2
2919,0
2920,2
2921,0
2922,0
2923,1
2924,0
2925,0
2926,2
2927,0
2928,0
2929,0
2930,0
2931,0
2932,1
2933,2
2934,1
2935,2
2936,0
2937,1
2938,0
2939,0
2940,0
2941,0
2942,0
2943,0
2944,1
2945,0
2946,0
2947,0
2948,0
2949,2
2950,1
2951,0
2952,1
2953,0
2954,1
2955,2
2956,2
2957,1
2958,2
2959,1
2960,2
2961,0
2962,0
2963,1
2964,0
2965,1
2966,1
2967,0
2968,0
2969,2
2970,2
2971,1
2972,0
2973,1
2974,0
2975,1
2976,0
2977,0
2978,2
2979,2
2980,0
2981,0
2982,0
2983,0
2984,2
2985,0
2986,0
2987,0
2988,0
2989,2
2990,0
2991,0
2992,0
2993,1
2994,0
2995,1
2996,0
2997,1
2998,1
2999,2
3000,0
3001,2
3002,1
3003,1
3004,1
3005,0
3006,1
3007,0
3008,2
3009,0
3010,0
3011,1
3012,0
3013,1
3014,1
3015,0
3016,0
3017,0
3018,0
3019,0
3020,1
3021,2
3022,2
3023,1
3024,0
3025,0
3026,1
3027,0
3028,1
3029,2
3030,2
3031,1
3032,1
3033,0
3034,0
3035,0
3036,2
3037,2
3038,0
3039,1
3040,0
3041,2
3042,2
3043,2
3044,1
3045,0
3046,1
3047,1
3048,2
3049,2
3050,0
3051,0
3052,0
3053,2
3054,1
3055,1
3056,0
3057,0
3058,1
3059,2
3060,2
3061,0
3062,1
3063,0
3064,0
3065,0
3066,0
3067,2
3068,0
3069,0
3070,0
3071,0
3072,0
3073,2
3074,2
3075,1
3076,1
3077,1
3078,2
3079,0
3080,1
3081,0
3082,1
3083,2
3084,1
3085,1
3086,1
3087,0
3088,2
3089,1
3090,0
3091,0
3092,0
3093,1
3094,0
3095,0
3096,0
3097,1
3098,2
3099,0
3100,2
3101,0
3102,0
3103,2
3104,1
3105,0
3106,1
3107,2
3108,1
3109,1
3110,1
3111,1
3112,2
3113,0
3114,0
3115,0
3116,1
3117,0
3118,2
3119,1
3120,0
3121,1
3122,2
3123,0
3124,0
3125,0
3126,1
3127,1
3128,0
3129,1
3130,0
3131,1
3132,0
3133,1
3134,0
3135,0
3136,2
3137,0
3138,1
3139,1
3140,1
3141,2
3142,1
3143,1
3144,2
3145,0
3146,1
3147,0
3148,1
3149,0
3150,0
3151,2
3152,2
3153,0
3154,1
3155,0
3156,1
3157,2
3158,0
3159,0
3160,2
3161,0
3162,2
3163,0
3164,0
3165,0
3166,1
3167,1
3168,2
3169,1
3170,0
3171,0
3172,1
3173,1
3174,1
3175,0
3176,0
3177,0
3178,1
3179,0
3180,0
3181,1
3182,1
3183,1
3184,1
3185,1
3186,2
3187,1
3188,1
3189,2
3190,0
3191,0
3192,1
3193,1
3194,1
3195,1
3196,0
3197,0
3198,1
3199,2
3200,2
3201,1
3202,2
3203,0
3204,1
3205,1
3206,0
3207,2
3208,0
3209,0
3210,0
3211,1
3212,0
3213,2
3214,0
3215,1
3216,0
3217,0
3218,0
3219,1
3220,0
3221,1
3222,0
3223,2
3224,1
3225,0
3226,1
3227,2
3228,1
3229,2
3230,1
3231,1
3232,0
3233,2
3234,2
3235,0
3236,2
3237,1
3238,1
3239,1
3240,2
3241,2
3242,2
3243,0
3244,1
3245,0
3246,0
3247,0
3248,0
3249,0
3250,1
3251,1
3252,2
3253,0
3254,0
3255,0
3256,0
3257,1
3258,0
3259,0
3260,1
3261,0
3262,1
3263,1
3264,0
3265,0
3266,2
3267,2
3268,2
3269,0
3270,1
3271,2
3272,0
3273,0
3274,0
3275,2
3276,0
3277,1
3278,2
3279,1
3280,1
3281,0
3282,0
3283,1
3284,0
3285,1
3286,0
3287,0
3288,0
3289,0
3290,1
3291,1
3292,1
3293,2
3294,2
3295,0
3296,2
3297,1
3298,2
3299,1
3300,0
3301,1
3302,0
3303,2
3304,0
3305,0
3306,2
3307,2
3308,2
3309,2
3310,1
3311,0
3312,1
3313,2
3314,2
3315,1
3316,1
3317,1
3318,2
3319,0
3320,1
3321,0
3322,2
3323,0
3324,1
3325,0
3326,0
3327,1
3328,1
3329,1
3330,0
3331,0
3332,1
3333,1
3334,0
3335,1
3336,1
3337,1
3338,0
3339,1
3340,2
3341,1
3342,2
3343,1
3344,1
3345,1
3346,1
3347,1
3348,0
3349,0
3350,2
3351,0
3352,2
3353,0
3354,1
3355,2
3356,0
3357,2
3358,1
3359,2
3360,0
3361,1
3362,1
3363,0
3364,1
3365,2
3366,2
3367,0
3368,0
3369,1
3370,1
3371,1
3372,0
3373,0
3374,1
3375,1
3376,0
3377,0
3378,1
3379,1
3380,0
3381,0
3382,0
3383,1
3384,1
3385,2
3386,0
3387,1
3388,0
3389,0
3390,1
3391,2
3392,2
3393,2
3394,1
3395,2
3396,0
3397,1
3398,1
3399,1
3400,1
3401,0
3402,2
3403,0
3404,0
3405,2
3406,0
3407,0
3408,0
3409,0
3410,0
3411,0
3412,2
3413,2
3414,0
3415,1
3416,0
3417,1
3418,1
3419,1
3420,2
3421,2
3422,0
3423,0
3424,0
3425,0
3426,0
3427,2
3428,1
3429,1
3430,2
3431,0
3432,0
3433,1
3434,0
3435,0
3436,1
3437,0
3438,1
3439,2
3440,2
3441,0
3442,0
3443,1
3444,0
3445,0
3446,0
3447,0
3448,1
3449,0
3450,2
3451,0
3452,1
3453,2
3454,0
3455,0
3456,2
3457,1
3458,2
3459,1
3460,0
3461,1
3462,0
3463,0
3464,2
3465,0
3466,1
3467,2
3468,1
3469,2
3470,0
3471,2
3472,1
3473,0
3474,1
3475,2
3476,0
3477,0
3478,0
3479,1
3480,0
3481,1
3482,0
3483,1
3484,0
3485,0
3486,1
3487,2
3488,2
3489,0
3490,0
3491,0
3492,1
3493,1
3494,0
3495,1
3496,0
3497,0
3498,2
3499,2
3500,2
3501,0
3502,0
3503,0
3504,2
3505,1
3506,2
3507,0
3508,0
3509,0
3510,2
3511,0
3512,2
3513,1
3514,2
3515,0
3516,2
3517,0
3518,0
3519,1
3520,1
3521,2
3522,1
3523,1
3524,0
3525,2
3526,1
3527,1
3528,0
3529,0
3530,2
3531,2
3532,1
3533,2
3534,1
3535,0
3536,1
3537,0
3538,2
3539,0
3540,2
3541,2
3542,0
3543,1
3544,0
3545,0
3546,1
3547,2
3548,2
3549,1
3550,0
3551,0
3552,2
3553,0
3554,0
3555,1
3556,1
3557,2
3558,1
3559,2
3560,0
3561,0
3562,0
3563,1
3564,1
3565,2
3566,0
3567,2
3568,0
3569,0
3570,1
3571,2
3572,0
3573,0
3574,0
3575,2
3576,1
3577,0
3578,0
3579,1
3580,0
3581,2
3582,0
3583,1
3584,1
3585,0
3586,2
3587,0
3588,2
3589,0
3590,0
3591,0
3592,1
3593,2
3594,2
3595,0
3596,1
3597,1
3598,1
3599,2
3600,0
3601,2
3602,0
3603,0
3604,0
3605,1
3606,0
3607,0
3608,2
3609,1
3610,0
3611,1
3612,2
3613,2
3614,0
3615,2
3616,0
3617,1
3618,2
3619,2
3620,0
3621,2
3622,1
3623,0
3624,1
3625,0
3626,1
3627,0
3628,2
3629,2
3630,1
3631,0
3632,2
3633,1
3634,1
3635,1
3636,1
3637,2
3638,0
3639,0
3640,0
3641,0
3642,1
3643,0
3644,0
3645,1
3646,2
3647,1
3648,1
3649,1
3650,0
3651,2
3652,0
3653,0
3654,0
3655,0
3656,1
3657,1
3658,0
3659,1
3660,1
3661,0
3662,0
3663,1
3664,0
3665,2
3666,1
3667,1
3668,0
3669,0
3670,0
3671,2
3672,1
3673,1
3674,0
3675,2
3676,0
3677,0
3678,0
3679,1
3680,1
3681,1
3682,2
3683,0
3684,2
3685,1
3686,0
3687,0
3688,0
3689,0
3690,2
3691,0
3692,1
3693,2
3694,1
3695,0
3696,2
3697,1
3698,0
3699,1
3700,0
3701,0
3702,0
3703,0
3704,0
3705,1
3706,2
3707,1
3708,2
3709,1
3710,1
3711,2
3712,0
3713,1
3714,0
3715,2
3716,2
3717,0
3718,1
3719,1
3720,0
3721,1
3722,1
3723,1
3724,1
3725,0
3726,0
3727,1
3728,1
3729,0
3730,1
3731,2
3732,0
3733,0
3734,2
3735,0
3736,2
3737,0
3738,2
3739,0
3740,1
3741,1
3742,0
3743,0
3744,0
3745,2
3746,1
3747,1
3748,1
3749,1
3750,2
3751,0
3752,1
3753,0
3754,0
3755,0
3756,2
3757,2
3758,1
3759,0
3760,0
3761,0
3762,0
3763,2
3764,1
3765,0
3766,0
3767,2
3768,0
3769,0
3770,2
3771,0
3772,1
3773,2
3774,1
3775,2
3776,0
3777,0
3778,0
3779,2
3780,2
3781,0
3782,0
3783,1
3784,1
3785,1
3786,1
3787,0
3788,1
3789,1
3790,2
3791,2
3792,2
3793,2
3794,0
3795,2
3796,1
3797,2
3798,0
3799,0
3800,1
3801,2
3802,0
3803,1
3804,1
3805,2
3806,0
3807,2
3808,0
3809,0
3810,0
3811,0
3812,0
3813,0
3814,0
3815,1
3816,0
3817,2
3818,0
3819,0
3820,1
3821,0
3822,1
3823,1
3824,0
3825,1
3826,1
3827,1
3828,0
3829,1
3830,1
3831,1
3832,2
3833,0
3834,1
3835,1
3836,2
3837,1
3838,2
3839,2
3840,1
3841,0
3842,0
3843,0
3844,0
3845,1
3846,0
3847,0
3848,0
3849,2
3850,0
3851,2
3852,1
3853,0
3854,1
3855,1
3856,0
3857,1
3858,2
3859,0
3860,2
3861,0
3862,1
3863,0
3864,0
3865,1
3866,0
3867,0
3868,1
3869,2
3870,0
3871,2
3872,1
3873,1
3874,0
3875,0
3876,0
3877,1
3878,0
3879,1
3880,0
3881,0
3882,2
3883,1
3884,0
3885,1
3886,2
3887,0
3888,1
3889,1
3890,1
3891,1
3892,1
3893,2
3894,0
3895,0
3896,1
3897,1
3898,0
3899,0
3900,0
3901,0
3902,1
3903,1
3904,1
3905,1
3906,1
3907,1
3908,1
3909,1
3910,0
3911,0
3912,0
3913,1
3914,2
3915,1
3916,1
3917,1
3918,2
3919,2
3920,1
3921,1
3922,1
3923,2
3924,0
3925,1
3926,0
3927,1
3928,2
3929,0
3930,0
3931,1
3932,1
3933,0
3934,2
3935,1
3936,1
3937,0
3938,1
3939,0
3940,1
3941,1
3942,1
3943,1
3944,1
3945,2
3946,0
3947,0
3948,1
3949,0
3950,0
3951,1
3952,0
3953,0
3954,1
3955,0
3956,1
3957,2
3958,0
3959,1
3960,2
3961,2
3962,0
3963,1
3964,2
3965,2
3966,1
3967,0
3968,0
3969,0
3970,1
3971,0
3972,1
3973,0
3974,0
3975,2
3976,1
3977,0
3978,0
3979,0
3980,2
3981,1
3982,2
3983,0
3984,1
3985,1
3986,2
3987,1
3988,2
3989,0
3990,0
3991,1
3992,0
3993,1
3994,1
3995,0
3996,1
3997,1
3998,0
3999,2
4000,0
4001,0
4002,0
4003,2
4004,0
4005,0
4006,0
4007,1
4008,1
4009,1
4010,0
4011,2
4012,0
4013,0
4014,1
4015,1
4016,2
4017,1
4018,0
4019,2
4020,2
4021,0
4022,0
4023,1
4024,2
4025,2
4026,1
4027,2
4028,0
4029,0
4030,1
4031,1
4032,0
4033,2
4034,2
4035,2
4036,1
4037,2
4038,2
4039,1
4040,2
4041,0
4042,1
4043,2
4044,1
4045,2
4046,2
4047,0
4048,2
4049,1
4050,0
4051,0
4052,1
4053,1
4054,2
4055,2
4056,0
4057,1
4058,0
4059,2
4060,0
4061,1
4062,0
4063,0
4064,1
4065,0
4066,2
4067,1
4068,1
4069,1
4070,2
4071,2
4072,0
4073,0
4074,1
4075,1
4076,0
4077,1
4078,0
4079,0
4080,2
4081,0
4082,1
4083,2
4084,1
4085,0
4086,0
4087,0
4088,0
4089,1
4090,2
4091,0
4092,2
4093,1
4094,1
4095,1
4096,1
4097,1
4098,2
4099,2
4100,2
4101,1
4102,2
4103,0
4104,1
4105,1
4106,1
4107,2
4108,0
4109,1
4110,2
4111,1
4112,1
4113,1
4114,1
4115,0
4116,0
4117,1
4118,0
4119,0
4120,0
4121,0
4122,2
4123,0
4124,2
4125,0
4126,1
4127,1
4128,2
4129,1
4130,1
4131,0
4132,2
4133,0
4134,2
4135,1
4136,2
4137,0
4138,2
4139,2
4140,1
4141,0
4142,0
4143,1
4144,0
4145,1
4146,0
4147,1
4148,2
4149,0
4150,0
4151,0
4152,0
4153,2
4154,1
4155,1
4156,2
4157,2
4158,0
4159,0
4160,1
4161,2
4162,1
4163,0
4164,0
4165,0
4166,0
4167,0
4168,1
4169,2
4170,1
4171,2
4172,0
4173,0
4174,0
4175,0
4176,1
4177,2
4178,1
4179,0
4180,2
4181,0
4182,1
4183,1
4184,1
4185,1
4186,2
4187,1
4188,1
4189,0
4190,1
4191,1
4192,1
4193,2
4194,2
4195,1
4196,1
4197,1
4198,0
4199,0
4200,2
4201,1
4202,1
4203,1
4204,1
4205,2
4206,1
4207,1
4208,2
4209,0
4210,0
4211,1
4212,1
4213,2
4214,2
4215,0
4216,2
4217,0
4218,2
4219,1
4220,0
4221,0
4222,0
4223,1
4224,0
4225,0
4226,2
4227,0
4228,0
4229,0
4230,2
4231,1
4232,0
4233,1
4234,0
4235,1
4236,2
4237,1
4238,0
4239,0
4240,1
4241,1
4242,0
4243,0
4244,2
4245,1
4246,1
4247,1
4248,1
4249,2
4250,0
4251,0
4252,0
4253,0
4254,0
4255,2
4256,0
4257,2
4258,0
4259,1
4260,1
4261,0
4262,0
4263,2
4264,1
4265,0
4266,1
4267,2
4268,2
4269,1
4270,0
4271,0
4272,2
4273,1
4274,1
4275,0
4276,1
4277,0
4278,1
4279,2
4280,0
4281,0
4282,0
4283,0
4284,1
4285,0
4286,2
4287,1
4288,0
4289,2
4290,2
4291,1
4292,2
4293,2
4294,0
4295,1
4296,1
4297,0
4298,1
4299,1
4300,2
4301,0
4302,1
4303,2
4304,0
4305,2
4306,0
4307,0
4308,0
4309,0
4310,1
4311,2
4312,0
4313,0
4314,0
4315,2
4316,0
4317,0
4318,1
4319,2
4320,1
4321,2
4322,0
4323,1
4324,1
4325,0
4326,2
4327,0
4328,0
4329,1
4330,2
4331,0
4332,2
4333,0
4334,1
4335,1
4336,2
4337,0
4338,0
4339,0
4340,0
4341,1
4342,1
4343,0
4344,1
4345,0
4346,1
4347,2
4348,2
4349,2
4350,2
4351,1
4352,0
4353,2
4354,1
4355,1
4356,1
4357,0
4358,1
4359,1
4360,2
4361,1
4362,0
4363,0
4364,2
4365,0
4366,2
4367,0
4368,0
4369,0
4370,2
4371,0
4372,0
4373,2
4374,2
4375,0
4376,0
4377,0
4378,0
4379,1
4380,2
4381,2
4382,0
4383,0
4384,0
4385,1
4386,1
4387,0
4388,1
4389,0
4390,2
4391,2
4392,1
4393,1
4394,2
4395,0
4396,0
4397,2
4398,1
4399,1
4400,2
4401,2
4402,1
4403,1
4404,2
4405,0
4406,1
4407,0
4408,0
4409,0
4410,2
4411,1
4412,2
4413,0
4414,0
4415,2
4416,0
4417,2
4418,0
4419,1
4420,2
4421,1
4422,2
4423,2
4424,1
4425,1
4426,1
4427,1
4428,0
4429,1
4430,2
4431,0
4432,2
4433,2
4434,2
4435,2
4436,1
4437,2
4438,2
4439,0
4440,1
4441,0
4442,1
4443,2
4444,0
4445,1
4446,0
4447,1
4448,1
4449,2
4450,1
4451,0
4452,0
4453,0
4454,2
4455,0
4456,2
4457,2
4458,1
4459,0
4460,1
4461,1
4462,0
4463,2
4464,1
4465,1
4466,0
4467,1
4468,0
4469,1
4470,0
4471,2
4472,2
4473,1
4474,0
4475,1
4476,1
4477,0
4478,2
4479,0
4480,1
4481,0
4482,1
4483,0
4484,0
4485,0
4486,0
4487,0
4488,0
4489,0
4490,0
4491,2
4492,0
4493,1
4494,0
4495,1
4496,2
4497,0
4498,1
4499,2
4500,1
4501,0
4502,1
4503,0
4504,0
4505,0
4506,1
4507,0
4508,2
4509,0
4510,0
4511,0
4512,0
4513,2
4514,0
4515,2
4516,0
4517,2
4518,2
4519,1
4520,1
4521,1
4522,2
4523,1
4524,2
4525,2
4526,0
4527,2
4528,1
4529,0
4530,0
4531,2
4532,0
4533,0
4534,2
4535,0
4536,2
4537,1
4538,2
4539,1
4540,1
4541,0
4542,1
4543,0
4544,2
4545,0
4546,1
4547,0
4548,0
4549,1
4550,0
4551,0
4552,1
4553,0
4554,0
4555,0
4556,1
4557,1
4558,0
4559,0
4560,1
4561,2
4562,2
4563,0
4564,1
4565,0
4566,0
4567,2
4568,0
4569,2
4570,2
4571,0
4572,1
4573,0
4574,2
4575,1
4576,1
4577,1
4578,0
4579,1
4580,0
4581,1
4582,0
4583,0
4584,1
4585,2
4586,1
4587,0
4588,1
4589,0
4590,1
4591,0
4592,0
4593,0
4594,0
4595,2
4596,1
4597,1
4598,1
4599,0
4600,0
4601,0
4602,0
4603,0
4604,1
4605,0
4606,0
4607,0
4608,2
4609,2
4610,2
4611,0
4612,1
4613,1
4614,1
4615,0
4616,0
4617,1
4618,2
4619,1
4620,1
4621,0
4622,1
4623,1
4624,2
4625,1
4626,0
4627,2
4628,1
4629,2
4630,1
4631,1
4632,2
4633,0
4634,1
4635,2
4636,2
4637,1
4638,1
4639,1
4640,2
4641,0
4642,0
4643,1
4644,1
4645,2
4646,1
4647,0
4648,0
4649,0
4650,1
4651,1
4652,0
4653,1
4654,1
4655,1
4656,0
4657,1
4658,1
4659,2
4660,0
4661,2
4662,2
4663,0
4664,0
4665,1
4666,1
4667,0
4668,1
4669,2
4670,1
4671,0
4672,1
4673,1
4674,0
4675,2
4676,1
4677,0
4678,2
4679,1
4680,0
4681,2
4682,0
4683,0
4684,1
4685,0
4686,1
4687,1
4688,0
4689,1
4690,0
4691,2
4692,2
4693,0
4694,1
4695,2
4696,2
4697,1
4698,1
4699,2
4700,1
4701,0
4702,2
4703,0
4704,1
4705,1
4706,0
4707,1
4708,1
4709,0
4710,2
4711,1
4712,2
4713,0
4714,1
4715,2
4716,0
4717,0
4718,1
4719,2
4720,1
4721,1
4722,0
4723,0
4724,1
4725,0
4726,0
4727,0
4728,0
4729,2
4730,1
4731,1
4732,1
4733,0
4734,1
4735,2
4736,1
4737,0
4738,0
4739,1
4740,2
4741,2
4742,1
4743,2
4744,1
4745,0
4746,1
4747,2
4748,1
4749,1
4750,2
4751,2
4752,1
4753,1
4754,2
4755,2
4756,2
4757,0
4758,0
4759,1
4760,2
4761,1
4762,2
4763,2
4764,1
4765,1
4766,2
4767,0
4768,0
4769,2
4770,0
4771,0
4772,2
4773,1
4774,1
4775,0
4776,1
4777,2
4778,0
4779,0
4780,1
4781,0
4782,1
4783,1
4784,1
4785,2
4786,1
4787,2
4788,0
4789,0
4790,1
4791,2
4792,1
4793,2
4794,2
4795,0
4796,0
4797,0
4798,0
4799,0
4800,1
4801,0
4802,2
4803,1
4804,0
4805,2
4806,1
4807,2
4808,2
4809,0
4810,2
4811,0
4812,1
4813,2
4814,0
4815,0
4816,0
4817,0
4818,1
4819,2
4820,0
4821,2
4822,1
4823,0
4824,1
4825,0
4826,2
4827,2
4828,0
4829,0
4830,1
4831,2
4832,0
4833,0
4834,0
4835,1
4836,0
4837,1
4838,0
4839,1
4840,2
4841,0
4842,0
4843,0
4844,2
4845,0
4846,0
4847,0
4848,1
4849,0
4850,0
4851,1
4852,0
4853,2
4854,1
4855,1
4856,0
4857,0
4858,0
4859,0
4860,0
4861,1
4862,1
4863,1
4864,1
4865,0
4866,0
4867,0
4868,2
4869,1
4870,1
4871,2
4872,2
4873,0
4874,1
4875,1
4876,1
4877,2
4878,0
4879,1
4880,1
4881,2
4882,1
4883,1
4884,1
4885,2
4886,0
4887,0
4888,0
4889,0
4890,1
4891,2
4892,2
4893,1
4894,0
4895,0
4896,0
4897,1
4898,0
4899,1
4900,1
4901,1
4902,1
4903,0
4904,0
4905,2
4906,0
4907,1
4908,0
4909,1
4910,1
4911,0
4912,0
4913,1
4914,0
4915,2
4916,2
4917,2
4918,0
4919,1
4920,0
4921,1
4922,2
4923,2
4924,0
4925,1
4926,0
4927,1
4928,0
4929,1
4930,0
4931,1
4932,1
4933,1
4934,0
4935,2
4936,1
4937,2
4938,2
4939,0
4940,1
4941,2
4942,0
4943,0
4944,0
4945,1
4946,0
4947,0
4948,1
4949,1
4950,0
4951,2
4952,0
4953,2
4954,1
4955,0
4956,0
4957,2
4958,0
4959,0
4960,0
4961,0
4962,1
4963,2
4964,0
4965,2
4966,2
4967,0
4968,1
4969,1
4970,1
4971,2
4972,1
4973,2
4974,2
4975,0
4976,2
4977,1
4978,0
4979,2
4980,1
4981,0
4982,0
4983,1
4984,0
4985,1
4986,0
4987,2
4988,0
4989,1
4990,1
4991,1
4992,2
4993,1
4994,1
4995,0
4996,0
4997,0
4998,0
4999,0
5000,0
5001,0
5002,1
5003,0
5004,1
5005,1
5006,1
5007,0
5008,0
5009,1
5010,0
5011,0
5012,2
5013,1
5014,0
5015,0
5016,1
5017,0
5018,1
5019,1
5020,1
5021,1
5022,2
5023,0
5024,2
5025,2
5026,1
5027,2
5028,1
5029,2
5030,0
5031,2
5032,2
5033,1
5034,0
5035,0
5036,0
5037,0
5038,1
5039,1
5040,0
5041,2
5042,1
5043,1
5044,0
5045,0
5046,1
5047,2
5048,1
5049,2
5050,0
5051,0
5052,0
5053,2
5054,0
5055,2
5056,0
5057,1
5058,1
5059,2
5060,0
5061,0
5062,0
5063,0
5064,0
5065,2
5066,1
5067,0
5068,1
5069,1
5070,1
5071,1
5072,2
5073,0
5074,0
5075,2
5076,0
5077,1
5078,2
5079,1
5080,2
5081,0
5082,0
5083,0
5084,0
5085,0
5086,1
5087,0
5088,0
5089,2
5090,1
5091,2
5092,1
5093,1
5094,0
5095,0
5096,0
5097,1
5098,1
5099,1
5100,1
5101,2
5102,1
5103,0
5104,2
5105,2
5106,1
5107,0
5108,2
5109,0
5110,0
5111,1
5112,2
5113,2
5114,2
5115,0
5116,0
5117,1
5118,2
5119,1
5120,2
5121,0
5122,1
5123,1
5124,2
5125,1
5126,1
5127,2
5128,0
5129,1
5130,2
5131,1
5132,1
5133,2
5134,0
5135,0
5136,1
5137,0
5138,2
5139,1
5140,1
5141,1
5142,0
5143,1
5144,1
5145,0
5146,0
5147,1
5148,0
5149,0
5150,2
5151,2
5152,1
5153,1
5154,0
5155,0
5156,2
5157,0
5158,0
5159,0
5160,1
5161,1
5162,0
5163,2
5164,1
5165,0
5166,1
5167,0
5168,0
5169,2
5170,2
5171,1
5172,0
5173,1
5174,1
5175,1
5176,0
5177,1
5178,2
5179,0
5180,0
5181,0
5182,1
5183,0
5184,2
5185,2
5186,0
5187,0
5188,1
5189,0
5190,0
5191,1
5192,1
5193,1
5194,2
5195,2
5196,1
5197,1
5198,1
5199,0
5200,0
5201,1
5202,1
5203,1
5204,1
5205,1
5206,1
5207,1
5208,2
5209,0
5210,1
5211,0
5212,1
5213,2
5214,1
5215,0
5216,1
5217,1
5218,0
5219,2
5220,0
5221,0
5222,1
5223,0
5224,2
5225,0
5226,0
5227,0
5228,0
5229,1
5230,1
5231,2
5232,0
5233,1
5234,1
5235,1
5236,2
5237,0
5238,0
5239,2
5240,1
5241,1
5242,1
5243,2
5244,1
5245,2
5246,1
5247,2
5248,0
5249,1
5250,0
5251,1
5252,0
5253,2
5254,0
5255,0
5256,0
5257,1
5258,2
5259,1
5260,1
5261,0
5262,2
5263,2
5264,1
5265,2
5266,1
5267,2
5268,1
5269,0
5270,0
5271,1
5272,0
5273,1
5274,0
5275,2
5276,2
5277,0
5278,2
5279,1
5280,1
5281,0
5282,2
5283,0
5284,2
5285,1
5286,0
5287,0
5288,2
5289,0
5290,2
5291,0
5292,1
5293,0
5294,2
5295,0
5296,2
5297,0
5298,1
5299,2
5300,1
5301,2
5302,1
5303,1
5304,0
5305,2
5306,0
5307,2
5308,1
5309,0
5310,2
5311,1
5312,1
5313,1
5314,0
5315,0
5316,2
5317,2
5318,1
5319,1
5320,0
5321,1
5322,0
5323,0
5324,0
5325,0
5326,1
5327,0
5328,1
5329,0
5330,2
5331,0
5332,0
5333,2
5334,1
5335,1
5336,0
5337,2
5338,1
5339,2
5340,0
5341,2
5342,0
5343,0
5344,2
5345,1
5346,0
5347,1
5348,2
5349,2
5350,2
5351,1
5352,0
5353,0
5354,1
5355,0
5356,0
5357,2
5358,0
5359,0
5360,2
5361,1
5362,2
5363,0
5364,0
5365,1
5366,0
5367,1
5368,1
5369,1
5370,0
5371,0
5372,0
5373,0
5374,0
5375,1
5376,0
5377,0
5378,0
5379,0
5380,1
5381,0
5382,0
5383,2
5384,1
5385,2
5386,1
5387,0
5388,2
5389,2
5390,1
5391,0
5392,2
5393,2
5394,0
5395,1
5396,0
5397,1
5398,0
5399,2
5400,2
5401,0
5402,0
5403,1
5404,0
5405,0
5406,2
5407,2
5408,1
5409,1
5410,0
5411,1
5412,0
5413,1
5414,2
5415,1
5416,1
5417,1
5418,2
5419,1
5420,1
5421,0
5422,0
5423,2
5424,2
5425,1
5426,2
5427,2
5428,0
5429,0
5430,1
5431,0
5432,0
5433,2
5434,1
5435,1
5436,2
5437,0
5438,0
5439,1
5440,1
5441,0
5442,0
5443,1
5444,1
5445,0
5446,0
5447,0
5448,1
5449,0
5450,0
5451,2
5452,0
5453,0
5454,1
5455,0
5456,0
5457,2
5458,2
5459,2
5460,1
5461,1
5462,0
5463,0
5464,2
5465,1
5466,2
5467,2
5468,0
5469,1
5470,2
5471,1
5472,0
5473,1
5474,0
5475,2
5476,0
5477,2
5478,1
5479,1
5480,0
5481,2
5482,1
5483,0
5484,1
5485,0
5486,1
5487,1
5488,2
5489,2
5490,1
5491,2
5492,0
5493,0
5494,1
5495,1
5496,1
5497,0
5498,2
5499,2
5500,1
5501,0
5502,2
5503,1
5504,1
5505,1
5506,0
5507,2
5508,2
5509,2
5510,1
5511,1
5512,0
5513,0
5514,0
5515,0
5516,1
5517,0
5518,0
5519,0
5520,0
5521,2
5522,0
5523,0
5524,0
5525,1
5526,0
5527,1
5528,1
5529,0
5530,2
5531,2
5532,2
5533,2
5534,0
5535,0
5536,1
5537,2
5538,2
5539,1
5540,0
5541,2
5542,0
5543,0
5544,1
5545,1
5546,0
5547,1
5548,1
5549,0
5550,1
5551,0
5552,1
5553,0
5554,2
5555,0
5556,1
5557,0
5558,1
5559,1
5560,1
5561,2
5562,2
5563,1
5564,0
5565,1
5566,2
5567,1
5568,2
5569,0
5570,0
5571,1
5572,2
5573,0
5574,0
5575,0
5576,0
5577,0
5578,1
5579,2
5580,2
5581,1
5582,0
5583,1
5584,0
5585,2
5586,0
5587,0
5588,1
5589,0
5590,1
5591,1
5592,1
5593,0
5594,1
5595,1
5596,0
5597,2
5598,1
5599,1
5600,1
5601,2
5602,0
5603,2
5604,0
5605,0
5606,1
5607,1
5608,1
5609,1
5610,0
5611,1
5612,0
5613,2
5614,0
5615,2
5616,0
5617,2
5618,0
5619,2
5620,1
5621,0
5622,2
5623,2
5624,1
5625,0
5626,0
5627,2
5628,0
5629,0
5630,0
5631,2
5632,0
5633,1
5634,0
5635,1
5636,2
5637,1
5638,2
5639,2
5640,0
5641,0
5642,0
5643,1
5644,0
5645,0
5646,0
5647,1
5648,0
5649,2
5650,0
5651,1
5652,0
5653,1
5654,1
5655,0
5656,0
5657,2
5658,2
5659,1
5660,0
5661,2
5662,0
5663,1
5664,0
5665,0
5666,2
5667,2
5668,0
5669,2
5670,1
5671,0
5672,0
5673,0
5674,1
5675,2
5676,2
5677,0
5678,2
5679,0
5680,2
5681,1
5682,0
5683,0
5684,2
5685,0
5686,1
5687,1
5688,0
5689,2
5690,2
5691,0
5692,0
5693,1
5694,1
5695,0
5696,2
5697,1
5698,0
5699,0
5700,1
5701,1
5702,1
5703,0
5704,0
5705,0
5706,2
5707,1
5708,1
5709,0
5710,1
5711,0
5712,2
5713,0
5714,1
5715,2
5716,0
5717,1
5718,1
5719,1
5720,0
5721,1
5722,2
5723,0
5724,2
5725,1
5726,0
5727,0
5728,0
5729,1
5730,2
5731,2
5732,2
5733,0
5734,1
5735,1
5736,2
5737,2
5738,0
5739,2
5740,0
5741,0
5742,0
5743,2
5744,0
5745,1
5746,2
5747,1
5748,0
5749,0
5750,2
5751,0
5752,1
5753,1
5754,0
5755,0
5756,0
5757,1
5758,1
5759,2
5760,0
5761,0
5762,1
5763,0
5764,1
5765,1
5766,0
5767,1
5768,0
5769,1
5770,2
5771,1
5772,0
5773,1
5774,0
5775,0
5776,1
5777,1
5778,0
5779,2
5780,1
5781,0
5782,0
5783,2
5784,1
5785,0
5786,0
5787,2
5788,2
5789,1
5790,0
5791,2
5792,1
5793,2
5794,0
5795,0
5796,2
5797,2
5798,0
5799,0
5800,0
5801,2
5802,1
5803,1
5804,0
5805,2
5806,1
5807,1
5808,1
5809,0
5810,2
5811,0
5812,2
5813,0
5814,0
5815,0
5816,1
5817,1
5818,0
5819,1
5820,1
5821,2
5822,2
5823,1
5824,2
5825,2
5826,2
5827,2
5828,1
5829,1
5830,2
5831,1
5832,0
5833,0
5834,0
5835,0
5836,2
5837,2
5838,0
5839,0
5840,2
5841,1
5842,0
5843,0
5844,0
5845,1
5846,2
5847,0
5848,0
5849,1
5850,2
5851,1
5852,2
5853,1
5854,0
5855,0
5856,1
5857,2
5858,0
5859,0
5860,2
5861,1
5862,1
5863,0
5864,2
5865,0
5866,0
5867,1
5868,1
5869,1
5870,1
5871,1
5872,2
5873,2
5874,0
5875,0
5876,0
5877,0
5878,0
5879,2
5880,1
5881,0
5882,2
5883,0
5884,2
5885,1
5886,0
5887,2
5888,0
5889,0
5890,0
5891,2
5892,2
5893,0
5894,2
5895,0
5896,2
5897,0
5898,1
5899,2
5900,0
5901,0
5902,1
5903,1
5904,0
5905,2
5906,0
5907,1
5908,0
5909,1
5910,1
5911,2
5912,1
5913,1
5914,0
5915,2
5916,2
5917,0
5918,0
5919,2
5920,1
5921,0
5922,2
5923,1
5924,1
5925,0
5926,0
5927,1
5928,2
5929,0
5930,2
5931,1
5932,2
5933,0
5934,2
5935,0
5936,1
5937,0
5938,1
5939,1
5940,1
5941,0
5942,1
5943,0
5944,2
5945,0
5946,2
5947,1
5948,0
5949,1
5950,2
5951,1
5952,0
5953,0
5954,1
5955,1
5956,1
5957,1
5958,0
5959,1
5960,1
5961,2
5962,1
5963,1
5964,0
5965,2
5966,1
5967,1
5968,0
5969,0
5970,1
5971,2
5972,0
5973,0
5974,0
5975,2
5976,1
5977,2
5978,1
5979,2
5980,0
5981,0
5982,1
5983,0
5984,0
5985,2
5986,0
5987,0
5988,1
5989,1
5990,1
5991,2
5992,2
5993,0
5994,0
5995,2
5996,1
5997,1
5998,0
5999,2
6000,0
6001,1
6002,2
6003,1
6004,1
6005,0
6006,2
6007,0
6008,0
6009,0
6010,0
6011,0
6012,2
6013,1
6014,0
6015,0
6016,1
6017,2
6018,1
6019,1
6020,0
6021,1
6022,2
6023,2
6024,2
6025,0
6026,2
6027,0
6028,0
6029,2
6030,2
6031,0
6032,0
6033,2
6034,2
6035,0
6036,0
6037,1
6038,2
6039,0
6040,0
6041,1
6042,0
6043,1
6044,0
6045,0
6046,1
6047,2
6048,1
6049,1
6050,2
6051,1
6052,0
6053,2
6054,2
6055,1
6056,1
6057,0
6058,2
6059,0
6060,1
6061,1
6062,2
6063,1
6064,1
6065,0
6066,2
6067,1
6068,0
6069,2
6070,1
6071,1
6072,0
6073,1
6074,0
6075,2
6076,2
6077,0
6078,1
6079,1
6080,0
6081,0
6082,1
6083,0
6084,0
6085,0
6086,1
6087,2
6088,1
6089,1
6090,1
6091,2
6092,2
6093,1
6094,0
6095,2
6096,0
6097,2
6098,0
6099,0
6100,0
6101,0
6102,2
6103,2
6104,0
6105,2
6106,1
6107,1
6108,0
6109,0
6110,0
6111,0
6112,0
6113,2
6114,1
6115,0
6116,1
6117,1
6118,1
6119,1
6120,0
6121,1
6122,2
6123,0
6124,2
6125,1
6126,0
6127,0
6128,0
6129,2
6130,2
6131,0
6132,1
6133,1
6134,0
6135,1
6136,2
6137,1
6138,1
6139,0
6140,1
6141,0
6142,0
6143,2
6144,0
6145,1
6146,0
6147,2
6148,0
6149,2
6150,2
6151,1
6152,1
6153,0
6154,1
6155,0
6156,0
6157,1
6158,0
6159,1
6160,2
6161,1
6162,0
6163,1
6164,2
6165,1
6166,2
6167,1
6168,0
6169,1
6170,0
6171,2
6172,2
6173,0
6174,2
6175,1
6176,1
6177,1
6178,2
6179,2
6180,1
6181,1
6182,0
6183,0
6184,1
6185,0
6186,1
6187,2
6188,0
6189,2
6190,0
6191,1
6192,0
6193,2
6194,1
6195,2
6196,2
6197,1
6198,2
6199,2
6200,1
6201,2
6202,0
6203,2
6204,1
6205,0
6206,0
6207,2
6208,2
6209,0
6210,0
6211,0
6212,0
6213,2
6214,0
6215,1
6216,1
6217,1
6218,1
6219,2
6220,1
6221,0
6222,1
6223,1
6224,0
6225,0
6226,2
6227,2
6228,1
6229,1
6230,1
6231,1
6232,1
6233,2
6234,0
6235,0
6236,1
6237,1
6238,1
6239,0
6240,0
6241,1
6242,0
6243,2
6244,2
6245,1
6246,0
6247,2
6248,0
6249,0
6250,1
6251,0
6252,0
6253,0
6254,2
6255,2
6256,0
6257,0
6258,1
6259,0
6260,1
6261,1
6262,0
6263,2
6264,1
6265,0
6266,0
6267,1
6268,0
6269,1
6270,2
6271,0
6272,2
6273,1
6274,2
6275,1
6276,0
6277,2
6278,0
6279,2
6280,2
6281,1
6282,0
6283,1
6284,0
6285,0
6286,1
6287,0
6288,1
6289,2
6290,1
6291,2
6292,2
6293,1
6294,1
6295,0
6296,0
6297,2
6298,1
6299,2
6300,1
6301,0
6302,1
6303,0
6304,1
6305,2
6306,0
6307,0
6308,2
6309,0
6310,1
6311,2
6312,2
6313,2
6314,0
6315,1
6316,0
6317,0
6318,1
6319,2
6320,0
6321,1
6322,1
6323,0
6324,1
6325,1
6326,1
6327,0
6328,1
6329,0
6330,1
6331,2
6332,0
6333,2
6334,0
6335,1
6336,0
6337,0
6338,1
6339,0
6340,1
6341,0
6342,2
6343,2
6344,0
6345,2
6346,0
6347,1
6348,0
6349,2
6350,0
6351,2
6352,0
6353,1
6354,2
6355,0
6356,2
6357,2
6358,1
6359,0
6360,0
6361,0
6362,0
6363,2
6364,2
6365,1
6366,2
6367,0
6368,1
6369,2
6370,1
6371,0
6372,0
6373,0
6374,1
6375,2
6376,0
6377,2
6378,0
6379,2
6380,1
6381,0
6382,0
6383,0
6384,1
6385,2
6386,0
6387,1
6388,0
6389,1
6390,0
6391,0
6392,2
6393,1
6394,0
6395,0
6396,0
6397,1
6398,1
6399,1
6400,1
6401,1
6402,0
6403,0
6404,0
6405,0
6406,1
6407,1
6408,2
6409,0
6410,0
6411,2
6412,0
6413,0
6414,2
6415,1
6416,0
6417,1
6418,1
6419,0
6420,2
6421,2
6422,2
6423,0
6424,1
6425,0
6426,1
6427,2
6428,0
6429,0
6430,0
6431,0
6432,1
6433,0
6434,0
6435,2
6436,1
6437,2
6438,1
6439,2
6440,0
6441,2
6442,1
6443,2
6444,0
6445,2
6446,1
6447,1
6448,1
6449,1
6450,0
6451,2
6452,1
6453,1
6454,1
6455,1
6456,0
6457,2
6458,1
6459,0
6460,2
6461,1
6462,1
6463,1
6464,1
6465,1
6466,0
6467,1
6468,1
6469,1
6470,2
6471,0
6472,2
6473,1
6474,0
6475,1
6476,2
6477,1
6478,1
6479,1
6480,0
6481,2
6482,1
6483,2
6484,0
6485,2
6486,1
6487,2
6488,1
6489,0
6490,0
6491,0
6492,0
6493,2
6494,2
6495,0
6496,1
6497,2
6498,0
6499,0
6500,1
6501,0
6502,1
6503,1
6504,1
6505,1
6506,0
6507,1
6508,0
6509,2
6510,2
6511,2
6512,0
6513,0
6514,1
6515,1
6516,2
6517,1
6518,1
6519,2
6520,1
6521,1
6522,0
6523,0
6524,1
6525,2
6526,2
6527,0
6528,0
6529,1
6530,0
6531,1
6532,2
6533,0
6534,1
6535,0
6536,1
6537,2
6538,2
6539,2
6540,2
6541,0
6542,1
6543,2
6544,2
6545,1
6546,2
6547,2
6548,2
6549,0
6550,1
6551,0
6552,1
6553,0
6554,0
6555,0
6556,0
6557,0
6558,1
6559,2
6560,1
6561,1
6562,0
6563,0
6564,1
6565,1
6566,1
6567,0
6568,1
6569,0
6570,0
6571,0
6572,1
6573,1
6574,0
6575,2
6576,0
6577,0
6578,0
6579,0
6580,0
6581,0
6582,2
6583,1
6584,0
6585,2
6586,0
6587,0
6588,1
6589,2
6590,1
6591,1
6592,0
6593,0
6594,1
6595,0
6596,1
6597,0
6598,1
6599,0
6600,1
6601,2
6602,2
6603,0
6604,2
6605,1
6606,2
6607,2
6608,0
6609,0
6610,0
6611,1
6612,1
6613,2
6614,0
6615,0
6616,2
6617,0
6618,1
6619,1
6620,2
6621,1
6622,1
6623,1
6624,2
6625,2
6626,1
6627,0
6628,2
6629,2
6630,0
6631,1
6632,1
6633,2
6634,0
6635,1
6636,1
6637,0
6638,1
6639,1
6640,1
6641,0
6642,0
6643,2
6644,0
6645,0
6646,1
6647,1
6648,1
6649,2
6650,2
6651,2
6652,1
6653,0
6654,2
6655,1
6656,2
6657,0
6658,1
6659,1
6660,1
6661,1
6662,1
6663,2
6664,0
6665,2
6666,0
6667,1
6668,0
6669,2
6670,2
6671,1
6672,0
6673,0
6674,1
6675,2
6676,1
6677,0
6678,1
6679,1
6680,1
6681,0
6682,1
6683,1
6684,1
6685,2
6686,0
6687,0
6688,0
6689,2
6690,0
6691,0
6692,2
6693,1
6694,2
6695,0
6696,1
6697,0
6698,0
6699,2
6700,2
6701,2
6702,1
6703,0
6704,2
6705,0
6706,0
6707,0
6708,1
6709,0
6710,0
6711,1
6712,0
6713,2
6714,0
6715,1
6716,2
6717,0
6718,0
6719,0
6720,1
6721,1
6722,1
6723,2
6724,2
6725,2
6726,2
6727,0
6728,1
6729,0
6730,1
6731,0
6732,2
6733,0
6734,1
6735,0
6736,1
6737,1
6738,2
6739,0
6740,2
6741,2
6742,1
6743,1
6744,1
6745,1
6746,1
6747,0
6748,0
6749,0
6750,1
6751,1
6752,2
6753,1
6754,0
6755,2
6756,2
6757,1
6758,1
6759,1
6760,0
6761,0
6762,0
6763,0
6764,1
6765,0
6766,1
6767,0
6768,0
6769,0
6770,1
6771,2
6772,1
6773,1
6774,1
6775,1
6776,1
6777,0
6778,0
6779,0
6780,0
6781,1
6782,0
6783,2
6784,1
6785,0
6786,0
6787,0
6788,0
6789,0
6790,0
6791,0
6792,2
6793,1
6794,1
6795,0
6796,0
6797,1
6798,1
6799,0
6800,1
6801,1
6802,0
6803,0
6804,2
6805,1
6806,0
6807,0
6808,1
6809,1
6810,2
6811,1
6812,0
6813,1
6814,0
6815,1
6816,0
6817,2
6818,2
6819,2
6820,2
6821,1
6822,2
6823,0
6824,1
6825,0
6826,1
6827,1
6828,0
6829,0
6830,2
6831,1
6832,0
6833,2
6834,2
6835,0
6836,2
6837,1
6838,0
6839,2
6840,2
6841,2
6842,1
6843,1
6844,0
6845,1
6846,2
6847,0
6848,1
6849,2
6850,2
6851,0
6852,1
6853,1
6854,1
6855,1
6856,0
6857,1
6858,1
6859,0
6860,0
6861,0
6862,0
6863,2
6864,1
6865,0
6866,2
6867,0
6868,2
6869,1
6870,0
6871,0
6872,0
6873,1
6874,2
6875,1
6876,1
6877,1
6878,1
6879,1
6880,2
6881,1
6882,0
6883,0
6884,0
6885,1
6886,2
6887,2
6888,1
6889,2
6890,2
6891,0
6892,1
6893,0
6894,0
6895,0
6896,1
6897,1
6898,0
6899,1
6900,1
6901,0
6902,1
6903,2
6904,2
6905,1
6906,1
6907,0
6908,0
6909,1
6910,0
6911,0
6912,0
6913,1
6914,0
6915,0
6916,1
6917,0
6918,2
6919,1
6920,1
6921,0
6922,2
6923,1
6924,2
6925,2
6926,2
6927,1
6928,1
6929,2
6930,1
6931,1
6932,1
6933,2
6934,1
6935,1
6936,1
6937,0
6938,2
6939,1
6940,2
6941,1
6942,0
6943,0
6944,0
6945,1
6946,2
6947,2
6948,1
6949,2
6950,1
6951,0
6952,0
6953,0
6954,0
6955,1
6956,2
6957,1
6958,1
6959,1
6960,0
6961,0
6962,1
6963,1
6964,1
6965,0
6966,2
6967,1
6968,0
6969,0
6970,0
6971,1
6972,0
6973,0
6974,1
6975,0
6976,1
6977,2
6978,1
6979,0
6980,1
6981,0
6982,2
6983,1
6984,1
6985,1
6986,0
6987,0
6988,1
6989,2
6990,0
6991,0
6992,2
6993,1
6994,0
6995,0
6996,1
6997,0
6998,0
6999,0
7000,0
7001,0
7002,0
7003,0
7004,2
7005,0
7006,0
7007,0
7008,0
7009,0
7010,1
7011,0
7012,1
7013,1
7014,0
7015,0
7016,0
7017,1
7018,2
7019,0
7020,1
7021,1
7022,2
7023,0
7024,1
7025,0
7026,2
7027,2
7028,0
7029,0
7030,0
7031,0
7032,2
7033,0
7034,2
7035,0
7036,0
7037,1
7038,1
7039,0
7040,2
7041,1
7042,1
7043,0
7044,0
7045,0
7046,1
7047,1
7048,0
7049,1
7050,2
7051,0
7052,0
7053,1
7054,1
7055,2
7056,2
7057,0
7058,1
7059,2
7060,1
7061,2
7062,0
7063,0
7064,2
7065,1
7066,2
7067,0
7068,0
7069,0
7070,0
7071,1
7072,1
7073,1
7074,0
7075,0
7076,0
7077,0
7078,2
7079,0
7080,2
7081,2
7082,1
7083,0
7084,1
7085,1
7086,2
7087,2
7088,1
7089,2
7090,1
7091,0
7092,2
7093,1
7094,2
7095,1
7096,0
7097,0
7098,1
7099,1
7100,1
7101,2
7102,0
7103,0
7104,2
7105,0
7106,0
7107,1
7108,0
7109,0
7110,0
7111,1
7112,0
7113,1
7114,0
7115,2
7116,0
7117,2
7118,1
7119,0
7120,0
7121,0
7122,0
7123,2
7124,0
7125,1
7126,0
7127,2
7128,1
7129,2
7130,0
7131,2
7132,0
7133,2
7134,1
7135,2
7136,2
7137,2
7138,0
7139,2
7140,0
7141,0
7142,1
7143,2
7144,1
7145,2
7146,0
7147,1
7148,1
7149,2
7150,1
7151,0
7152,2
7153,2
7154,0
7155,1
7156,1
7157,2
7158,2
7159,1
7160,0
7161,1
7162,2
7163,1
7164,1
7165,1
7166,0
7167,1
7168,2
7169,0
7170,1
7171,0
7172,0
7173,2
7174,2
7175,1
7176,1
7177,1
7178,1
7179,1
7180,1
7181,2
7182,1
7183,1
7184,1
7185,2
7186,2
7187,1
7188,1
7189,1
7190,0
7191,1
7192,1
7193,2
7194,2
7195,0
7196,2
7197,0
7198,1
7199,2
7200,0
7201,0
7202,1
7203,0
7204,2
7205,0
7206,0
7207,0
7208,0
7209,1
7210,1
7211,0
7212,2
7213,0
7214,2
7215,1
7216,1
7217,0
7218,2
7219,1
7220,2
7221,0
7222,2
7223,1
7224,0
7225,0
7226,0
7227,1
7228,2
7229,1
7230,1
7231,2
7232,0
7233,0
7234,0
7235,0
7236,2
7237,0
7238,2
7239,0
7240,2
7241,1
7242,0
7243,0
7244,2
7245,0
7246,1
7247,0
7248,0
7249,0
7250,0
7251,0
7252,0
7253,1
7254,1
7255,0
7256,0
7257,1
7258,0
7259,1
7260,2
7261,1
7262,0
7263,2
7264,1
7265,1
7266,0
7267,0
7268,1
7269,2
7270,2
7271,0
7272,1
7273,2
7274,0
7275,2
7276,1
7277,2
7278,0
7279,1
7280,0
7281,0
7282,2
7283,1
7284,2
7285,0
7286,0
7287,0
7288,1
7289,0
7290,1
7291,1
7292,1
7293,2
7294,0
7295,0
7296,0
7297,1
7298,0
7299,2
7300,0
7301,1
7302,2
7303,2
7304,1
7305,1
7306,1
7307,1
7308,2
7309,1
7310,1
7311,0
7312,0
7313,0
7314,2
7315,2
7316,2
7317,0
7318,2
7319,0
7320,0
7321,2
7322,1
7323,2
7324,0
7325,1
7326,0
7327,1
7328,0
7329,1
7330,1
7331,1
7332,0
7333,1
7334,1
7335,0
7336,1
7337,0
7338,0
7339,1
7340,1
7341,1
7342,2
7343,1
7344,2
7345,1
7346,2
7347,0
7348,2
7349,2
7350,1
7351,0
7352,0
7353,1
7354,0
7355,0
7356,2
7357,1
7358,1
7359,1
7360,0
7361,0
7362,2
7363,2
7364,2
7365,1
7366,2
7367,0
7368,1
7369,0
7370,0
7371,1
7372,1
7373,0
7374,0
7375,1
7376,2
7377,1
7378,0
7379,0
7380,1
7381,0
7382,1
7383,0
7384,2
7385,0
7386,0
7387,0
7388,1
7389,2
7390,1
7391,0
7392,0
7393,0
7394,0
7395,0
7396,1
7397,0
7398,1
7399,0
7400,1
7401,0
7402,0
7403,0
7404,0
7405,0
7406,1
7407,0
7408,2
7409,2
7410,0
7411,0
7412,0
7413,2
7414,1
7415,2
7416,0
7417,1
7418,0
7419,0
7420,1
7421,1
7422,0
7423,1
7424,0
7425,2
7426,2
7427,1
7428,2
7429,0
7430,0
7431,0
7432,0
7433,2
7434,1
7435,2
7436,0
7437,0
7438,0
7439,0
7440,0
7441,0
7442,0
7443,0
7444,1
7445,0
7446,0
7447,0
7448,2
7449,1
7450,0
7451,1
7452,2
7453,2
7454,1
7455,0
7456,0
7457,1
7458,0
7459,0
7460,0
7461,0
7462,0
7463,1
7464,2
7465,2
7466,2
7467,1
7468,1
7469,0
7470,0
7471,1
7472,0
7473,0
7474,1
7475,0
7476,0
7477,0
7478,2
7479,1
7480,0
7481,1
7482,0
7483,2
7484,2
7485,1
7486,1
7487,2
7488,2
7489,1
7490,2
7491,2
7492,1
7493,2
7494,1
7495,0
7496,2
7497,0
7498,1
7499,0
7500,1
7501,0
7502,2
7503,0
7504,2
7505,1
7506,2
7507,1
7508,1
7509,2
7510,0
7511,0
7512,2
7513,0
7514,1
7515,2
7516,0
7517,0
7518,1
7519,1
7520,1
7521,1
7522,1
7523,1
7524,0
7525,0
7526,0
7527,1
7528,2
7529,1
7530,0
7531,2
7532,1
7533,0
7534,1
7535,2
7536,0
7537,0
7538,0
7539,0
7540,1
7541,0
7542,2
7543,2
7544,0
7545,0
7546,2
7547,0
7548,0
7549,1
7550,0
7551,1
7552,0
7553,0
7554,2
7555,1
7556,0
7557,2
7558,1
7559,0
7560,1
7561,1
7562,1
7563,0
7564,0
7565,1
7566,1
7567,0
7568,1
7569,1
7570,1
7571,2
7572,1
7573,1
7574,2
7575,0
7576,0
7577,1
7578,0
7579,1
7580,0
7581,2
7582,2
7583,0
7584,1
7585,1
7586,2
7587,0
7588,1
7589,0
7590,2
7591,2
7592,0
7593,2
7594,1
7595,2
7596,1
7597,0
7598,2
7599,1
7600,0
7601,1
7602,2
7603,1
7604,0
7605,1
7606,1
7607,0
7608,0
7609,2
7610,0
7611,1
7612,1
7613,0
7614,0
7615,1
7616,0
7617,0
7618,2
7619,0
7620,0
7621,0
7622,0
7623,0
7624,2
7625,0
7626,0
7627,0
7628,0
7629,2
7630,0
7631,1
7632,1
7633,0
7634,1
7635,2
7636,1
7637,0
7638,0
7639,1
7640,1
7641,0
7642,0
7643,0
7644,2
7645,0
7646,0
7647,1
7648,1
7649,1
7650,1
7651,1
7652,0
7653,2
7654,2
7655,2
7656,1
7657,0
7658,2
7659,0
7660,1
7661,1
7662,1
7663,1
7664,2
7665,2
7666,0
7667,1
7668,1
7669,0
7670,0
7671,0
7672,0
7673,1
7674,0
7675,0
7676,1
7677,0
7678,2
7679,1
7680,1
7681,2
7682,1
7683,0
7684,2
7685,0
7686,2
7687,1
7688,1
7689,1
7690,0
7691,0
7692,0
7693,1
7694,1
7695,2
7696,2
7697,0
7698,1
7699,1
7700,0
7701,1
7702,0
7703,0
7704,2
7705,0
7706,1
7707,1
7708,2
7709,0
7710,2
7711,1
7712,1
7713,0
7714,1
7715,2
7716,0
7717,1
7718,0
7719,1
7720,2
7721,2
7722,2
7723,0
7724,2
7725,0
7726,0
7727,2
7728,0
7729,0
7730,0
7731,0
7732,0
7733,0
7734,2
7735,1
7736,2
7737,0
7738,1
7739,1
7740,0
7741,2
7742,2
7743,1
7744,1
7745,1
7746,0
7747,2
7748,1
7749,1
7750,1
7751,0
7752,1
7753,1
7754,1
7755,2
7756,0
7757,2
7758,2
7759,1
7760,0
7761,2
7762,0
7763,0
7764,0
7765,2
7766,1
7767,0
7768,1
7769,2
7770,1
7771,1
7772,0
7773,1
7774,0
7775,1
7776,1
7777,0
7778,0
7779,2
7780,1
7781,1
7782,0
7783,0
7784,0
7785,2
7786,0
7787,1
7788,0
7789,0
7790,2
7791,1
7792,2
7793,0
7794,1
7795,0
7796,2
7797,1
7798,0
7799,2
7800,0
7801,0
7802,0
7803,0
7804,0
7805,2
7806,2
7807,2
7808,0
7809,0
7810,1
7811,1
7812,1
7813,0
7814,0
7815,2
7816,1
7817,1
7818,2
7819,2
7820,1
7821,0
7822,0
7823,1
7824,0
7825,1
7826,0
7827,1
7828,2
7829,0
7830,0
7831,1
7832,2
7833,0
7834,0
7835,0
7836,2
7837,2
7838,1
7839,1
7840,1
7841,0
7842,1
7843,1
7844,0
7845,0
7846,0
7847,2
7848,1
7849,0
7850,0
7851,2
7852,0
7853,1
7854,0
7855,1
7856,1
7857,1
7858,2
7859,0
7860,1
7861,0
7862,1
7863,1
7864,2
7865,0
7866,2
7867,1
7868,0
7869,1
7870,0
7871,1
7872,2
7873,1
7874,1
7875,1
7876,2
7877,0
7878,0
7879,0
7880,1
7881,0
7882,1
7883,0
7884,0
7885,0
7886,0
7887,2
7888,1
7889,1
7890,2
7891,2
7892,1
7893,1
7894,1
7895,0
7896,0
7897,2
7898,0
7899,1
7900,0
7901,1
7902,1
7903,0
7904,0
7905,0
7906,0
7907,0
7908,1
7909,1
7910,0
7911,0
7912,1
7913,1
7914,0
7915,2
7916,0
7917,2
7918,2
7919,0
7920,1
7921,0
7922,2
7923,1
7924,0
7925,1
7926,0
7927,1
7928,0
7929,1
7930,1
7931,1
7932,1
7933,2
7934,0
7935,1
7936,1
7937,2
7938,0
7939,2
7940,0
7941,1
7942,1
7943,2
7944,2
7945,0
7946,0
7947,1
7948,1
7949,0
7950,0
7951,2
7952,2
7953,1
7954,0
7955,0
7956,1
7957,0
7958,2
7959,0
7960,0
7961,0
7962,1
7963,0
7964,0
7965,0
7966,0
7967,2
7968,0
7969,0
7970,1
7971,1
7972,0
7973,0
7974,0
7975,1
7976,0
7977,2
7978,2
7979,1
7980,0
7981,1
7982,0
7983,1
7984,1
7985,0
7986,0
7987,0
7988,1
7989,1
7990,1
7991,0
7992,2
7993,2
7994,0
7995,0
7996,0
7997,2
7998,0
7999,0
8000,2
8001,0
8002,0
8003,0
8004,2
8005,1
8006,2
8007,0
8008,2
8009,0
8010,0
8011,0
8012,2
8013,2
8014,2
8015,1
8016,0
8017,0
8018,1
8019,2
8020,1
8021,0
8022,0
8023,2
8024,0
8025,0
8026,1
8027,2
8028,2
8029,1
8030,0
8031,2
8032,1
8033,2
8034,0
8035,1
8036,0
8037,1
8038,0
8039,1
8040,2
8041,0
8042,0
8043,1
8044,2
8045,0
8046,2
8047,2
8048,2
8049,0
8050,0
8051,1
8052,1
8053,1
8054,0
8055,0
8056,0
8057,1
8058,0
8059,0
8060,0
8061,1
8062,1
8063,0
8064,1
8065,2
8066,1
8067,0
8068,1
8069,1
8070,0
8071,2
8072,2
8073,0
8074,0
8075,1
8076,0
8077,0
8078,2
8079,1
8080,0
8081,1
8082,1
8083,1
8084,2
8085,1
8086,0
8087,0
8088,0
8089,0
8090,1
8091,0
8092,1
8093,0
8094,0
8095,0
8096,0
8097,0
8098,0
8099,1
8100,1
8101,0
8102,0
8103,2
8104,0
8105,1
8106,1
8107,0
8108,0
8109,1
8110,1
8111,1
8112,1
8113,1
8114,1
8115,1
8116,2
8117,2
8118,0
8119,2
8120,1
8121,0
8122,0
8123,1
8124,0
8125,0
8126,1
8127,2
8128,1
8129,0
8130,0
8131,1
8132,0
8133,0
8134,2
8135,0
8136,0
8137,0
8138,2
8139,0
8140,0
8141,2
8142,1
8143,0
8144,0
8145,1
8146,1
8147,1
8148,1
8149,2
8150,2
8151,0
8152,0
8153,0
8154,0
8155,2
8156,0
8157,1
8158,0
8159,1
8160,0
8161,1
8162,1
8163,0
8164,1
8165,2
8166,1
8167,2
8168,1
8169,0
8170,0
8171,2
8172,2
8173,1
8174,0
8175,0
8176,1
8177,0
8178,2
8179,0
8180,0
8181,1
8182,0
8183,0
8184,0
8185,2
8186,2
8187,0
8188,1
8189,0
8190,0
8191,0
8192,0
8193,0
8194,0
8195,1
8196,2
8197,0
8198,1
8199,1
8200,2
8201,0
8202,0
8203,1
8204,1
8205,1
8206,1
8207,0
8208,2
8209,2
8210,2
8211,0
8212,2
8213,0
8214,1
8215,0
8216,1
8217,1
8218,0
8219,1
8220,0
8221,1
8222,2
8223,2
8224,2
8225,1
8226,1
8227,2
8228,0
8229,2
8230,1
8231,0
8232,0
8233,1
8234,0
8235,0
8236,0
8237,2
8238,0
8239,1
8240,1
8241,0
8242,2
8243,0
8244,1
8245,0
8246,0
8247,0
8248,0
8249,0
8250,0
8251,0
8252,0
8253,0
8254,1
8255,2
8256,0
8257,0
8258,1
8259,2
8260,2
8261,2
8262,1
8263,1
8264,1
8265,1
8266,2
8267,2
8268,1
8269,1
8270,2
8271,0
8272,1
8273,1
8274,1
8275,2
8276,2
8277,0
8278,2
8279,2
8280,0
8281,1
8282,0
8283,0
8284,2
8285,1
8286,0
8287,2
8288,1
8289,0
8290,0
8291,2
8292,1
8293,1
8294,2
8295,0
8296,1
8297,0
8298,2
8299,2
8300,0
8301,0
8302,1
8303,1
8304,0
8305,0
8306,0
8307,2
8308,0
8309,0
8310,1
8311,0
8312,0
8313,2
8314,2
8315,1
8316,0
8317,0
8318,0
8319,2
8320,1
8321,1
8322,1
8323,0
8324,2
8325,2
8326,0
8327,0
8328,0
8329,1
8330,0
8331,1
8332,0
8333,0
8334,0
8335,1
8336,2
8337,1
8338,0
8339,0
8340,1
8341,1
8342,2
8343,0
8344,1
8345,2
8346,2
8347,1
8348,2
8349,0
8350,0
8351,0
8352,0
8353,2
8354,1
8355,1
8356,1
8357,0
8358,2
8359,0
8360,2
8361,1
8362,0
8363,0
8364,0
8365,1
8366,1
8367,1
8368,0
8369,2
8370,0
8371,0
8372,0
8373,0
8374,1
8375,0
8376,2
8377,0
8378,0
8379,2
8380,0
8381,0
8382,1
8383,2
8384,2
8385,0
8386,2
8387,2
8388,2
8389,0
8390,1
8391,1
8392,1
8393,2
8394,1
8395,0
8396,2
8397,1
8398,0
8399,2
8400,0
8401,1
8402,0
8403,0
8404,0
8405,0
8406,0
8407,1
8408,0
8409,0
8410,0
8411,0
8412,0
8413,1
8414,0
8415,2
8416,0
8417,1
8418,0
8419,1
8420,1
8421,1
8422,1
8423,1
8424,0
8425,0
8426,2
8427,0
8428,1
8429,0
8430,0
8431,0
8432,1
8433,2
8434,2
8435,1
8436,1
8437,0
8438,1
8439,0
8440,1
8441,0
8442,0
8443,1
8444,2
8445,2
8446,0
8447,2
8448,0
8449,1
8450,2
8451,0
8452,0
8453,1
8454,0
8455,0
8456,0
8457,0
8458,0
8459,2
8460,2
8461,0
8462,0
8463,1
8464,2
8465,2
8466,0
8467,0
8468,2
8469,0
8470,2
8471,1
8472,2
8473,0
8474,1
8475,0
8476,1
8477,1
8478,0
8479,0
8480,0
8481,1
8482,0
8483,0
8484,2
8485,1
8486,1
8487,2
8488,0
8489,2
8490,2
8491,0
8492,1
8493,1
8494,2
8495,2
8496,1
8497,0
8498,2
8499,2
8500,0
8501,0
8502,1
8503,1
8504,0
8505,0
8506,0
8507,1
8508,0
8509,2
8510,0
8511,1
8512,2
8513,2
8514,0
8515,2
8516,0
8517,1
8518,1
8519,1
8520,1
8521,0
8522,2
8523,0
8524,1
8525,1
8526,0
8527,0
8528,1
8529,0
8530,1
8531,2
8532,0
8533,0
8534,1
8535,1
8536,2
8537,1
8538,1
8539,0
8540,2
8541,1
8542,2
8543,2
8544,0
8545,1
8546,0
8547,2
8548,0
8549,0
8550,2
8551,1
8552,0
8553,0
8554,0
8555,1
8556,1
8557,0
8558,1
8559,2
8560,2
8561,0
8562,0
8563,2
8564,0
8565,0
8566,1
8567,1
8568,2
8569,2
8570,1
8571,0
8572,2
8573,2
8574,0
8575,2
8576,1
8577,0
8578,0
8579,0
8580,1
8581,1
8582,0
8583,2
8584,2
8585,1
8586,0
8587,2
8588,0
8589,0
8590,2
8591,1
8592,0
8593,2
8594,0
8595,2
8596,1
8597,0
8598,0
8599,1
8600,1
8601,2
8602,2
8603,1
8604,0
8605,0
8606,0
8607,0
8608,2
8609,0
8610,1
8611,1
8612,0
8613,2
8614,1
8615,0
8616,2
8617,2
8618,0
8619,1
8620,1
8621,0
8622,1
8623,0
8624,1
8625,0
8626,1
8627,0
8628,0
8629,2
8630,2
8631,1
8632,0
8633,0
8634,1
8635,0
8636,0
8637,0
8638,1
8639,1
8640,0
8641,1
8642,1
8643,1
8644,1
8645,0
8646,1
8647,1
8648,0
8649,1
8650,2
8651,0
8652,1
8653,1
8654,0
8655,1
8656,0
8657,2
8658,1
8659,1
8660,1
8661,0
8662,0
8663,0
8664,2
8665,1
8666,0
8667,0
8668,2
8669,0
8670,0
8671,2
8672,1
8673,0
8674,0
8675,2
8676,1
8677,0
8678,0
8679,1
8680,1
8681,2
8682,0
8683,0
8684,1
8685,0
8686,0
8687,1
8688,0
8689,0
8690,0
8691,0
8692,0
8693,2
8694,1
8695,0
8696,1
8697,1
8698,1
8699,1
8700,0
8701,1
8702,2
8703,1
8704,0
8705,0
8706,2
8707,2
8708,1
8709,0
8710,2
8711,1
8712,2
8713,2
8714,0
8715,0
8716,0
8717,0
8718,1
8719,1
8720,0
8721,1
8722,2
8723,1
8724,0
8725,1
8726,2
8727,1
8728,0
8729,0
8730,0
8731,1
8732,2
8733,0
8734,1
8735,1
8736,0
8737,0
8738,2
8739,1
8740,0
8741,0
8742,1
8743,1
8744,1
8745,2
8746,2
8747,0
8748,1
8749,1
8750,0
8751,1
8752,0
8753,2
8754,2
8755,2
8756,0
8757,1
8758,1
8759,0
8760,0
8761,2
8762,1
8763,0
8764,0
8765,2
8766,0
8767,2
8768,0
8769,1
8770,0
8771,0
8772,1
8773,0
8774,1
8775,2
8776,0
8777,0
8778,0
8779,0
8780,2
8781,2
8782,0
8783,1
8784,1
8785,1
8786,1
8787,1
8788,1
8789,1
8790,0
8791,0
8792,1
8793,2
8794,0
8795,2
8796,1
8797,2
8798,0
8799,1
8800,0
8801,1
8802,0
8803,1
8804,2
8805,1
8806,1
8807,0
8808,1
8809,0
8810,0
8811,0
8812,2
8813,2
8814,0
8815,2
8816,2
8817,2
8818,0
8819,0
8820,0
8821,1
8822,0
8823,1
8824,0
8825,0
8826,2
8827,1
8828,0
8829,1
8830,1
8831,1
8832,2
8833,2
8834,2
8835,0
8836,1
8837,0
8838,1
8839,2
8840,0
8841,1
8842,1
8843,2
8844,0
8845,1
8846,1
8847,0
8848,2
8849,0
8850,2
8851,0
8852,0
8853,1
8854,0
8855,2
8856,0
8857,2
8858,1
8859,2
8860,2
8861,2
8862,1
8863,1
8864,2
8865,1
8866,1
8867,1
8868,0
8869,1
8870,2
8871,2
8872,0
8873,2
8874,0
8875,0
8876,1
8877,2
8878,0
8879,1
8880,2
8881,0
8882,1
8883,0
8884,2
8885,2
8886,0
8887,2
8888,0
8889,1
8890,0
8891,1
8892,2
8893,1
8894,0
8895,1
8896,2
8897,0
8898,1
8899,0
8900,1
8901,0
8902,2
8903,2
8904,1
8905,0
8906,0
8907,1
8908,1
8909,1
8910,1
8911,0
8912,0
8913,1
8914,2
8915,1
8916,1
8917,0
8918,0
8919,0
8920,0
8921,1
8922,2
8923,0
8924,0
8925,0
8926,0
8927,2
8928,2
8929,1
8930,1
8931,1
8932,0
8933,0
8934,0
8935,0
8936,0
8937,1
8938,1
8939,1
8940,1
8941,0
8942,0
8943,0
8944,0
8945,1
8946,2
8947,0
8948,2
8949,0
8950,2
8951,2
8952,1
8953,2
8954,2
8955,0
8956,1
8957,0
8958,1
8959,1
8960,2
8961,2
8962,2
8963,1
8964,2
8965,0
8966,1
8967,0
8968,2
8969,1
8970,2
8971,1
8972,0
8973,0
8974,0
8975,2
8976,2
8977,0
8978,1
8979,1
8980,0
8981,0
8982,1
8983,1
8984,2
8985,0
8986,1
8987,1
8988,1
8989,0
8990,2
8991,0
8992,1
8993,1
8994,2
8995,0
8996,1
8997,0
8998,0
8999,1
9000,1
9001,1
9002,0
9003,1
9004,0
9005,0
9006,0
9007,0
9008,1
9009,0
9010,1
9011,0
9012,0
9013,0
9014,0
9015,2
9016,1
9017,1
9018,0
9019,1
9020,0
9021,2
9022,1
9023,1
9024,2
9025,1
9026,2
9027,1
9028,2
9029,0
9030,1
9031,0
9032,0
9033,2
9034,1
9035,2
9036,0
9037,2
9038,0
9039,0
9040,2
9041,0
9042,1
9043,0
9044,1
9045,1
9046,0
9047,0
9048,1
9049,1
9050,1
9051,0
9052,1
9053,2
9054,0
9055,2
9056,1
9057,0
9058,0
9059,1
9060,2
9061,0
9062,1
9063,2
9064,0
9065,2
9066,1
9067,0
9068,2
9069,1
9070,2
9071,1
9072,2
9073,2
9074,0
9075,1
9076,2
9077,0
9078,0
9079,0
9080,0
9081,0
9082,2
9083,0
9084,1
9085,0
9086,2
9087,1
9088,2
9089,2
9090,0
9091,0
9092,0
9093,2
9094,2
9095,0
9096,2
9097,2
9098,0
9099,0
9100,0
9101,0
9102,0
9103,1
9104,1
9105,0
9106,2
9107,0
9108,1
9109,0
9110,1
9111,0
9112,2
9113,0
9114,1
9115,1
9116,0
9117,1
9118,2
9119,1
9120,1
9121,1
9122,0
9123,1
9124,2
9125,2
9126,1
9127,2
9128,2
9129,0
9130,0
9131,0
9132,2
9133,1
9134,0
9135,2
9136,1
9137,1
9138,0
9139,2
9140,2
9141,0
9142,0
9143,1
9144,1
9145,1
9146,0
9147,1
9148,0
9149,2
9150,1
9151,0
9152,1
9153,2
9154,2
9155,2
9156,1
9157,1
9158,1
9159,2
9160,0
9161,1
9162,0
9163,0
9164,1
9165,1
9166,0
9167,1
9168,0
9169,2
9170,1
9171,0
9172,2
9173,0
9174,0
9175,1
9176,1
9177,0
9178,2
9179,1
9180,1
9181,2
9182,2
9183,2
9184,1
9185,1
9186,0
9187,0
9188,0
9189,1
9190,1
9191,0
9192,0
9193,2
9194,2
9195,1
9196,0
9197,2
9198,2
9199,0
9200,1
9201,2
9202,1
9203,2
9204,1
9205,1
9206,1
9207,1
9208,0
9209,1
9210,2
9211,0
9212,2
9213,2
9214,1
9215,2
9216,2
9217,2
9218,1
9219,0
9220,0
9221,1
9222,2
9223,0
9224,0
9225,2
9226,0
9227,2
9228,2
9229,2
9230,0
9231,0
9232,0
9233,1
9234,1
9235,1
9236,0
9237,1
9238,0
9239,1
9240,0
9241,1
9242,2
9243,0
9244,1
9245,0
9246,0
9247,0
9248,1
9249,0
9250,0
9251,2
9252,1
9253,1
9254,1
9255,1
9256,1
9257,0
9258,0
9259,1
9260,0
9261,0
9262,0
9263,1
9264,1
9265,2
9266,0
9267,2
9268,0
9269,1
9270,0
9271,0
9272,1
9273,0
9274,0
9275,0
9276,0
9277,1
9278,0
9279,0
9280,1
9281,2
9282,1
9283,1
9284,1
9285,2
9286,0
9287,0
9288,1
9289,0
9290,1
9291,1
9292,0
9293,2
9294,0
9295,1
9296,0
9297,1
9298,2
9299,0
9300,0
9301,1
9302,2
9303,1
9304,0
9305,1
9306,1
9307,0
9308,1
9309,0
9310,0
9311,2
9312,0
9313,1
9314,2
9315,2
9316,0
9317,0
9318,0
9319,0
9320,0
9321,2
9322,1
9323,2
9324,1
9325,0
9326,1
9327,1
9328,2
9329,0
9330,0
9331,0
9332,0
9333,0
9334,0
9335,2
9336,0
9337,0
9338,2
9339,1
9340,1
9341,2
9342,0
9343,1
9344,0
9345,0
9346,1
9347,0
9348,0
9349,1
9350,1
9351,2
9352,1
9353,0
9354,0
9355,0
9356,0
9357,1
9358,2
9359,0
9360,1
9361,1
9362,1
9363,2
9364,1
9365,1
9366,1
9367,0
9368,1
9369,0
9370,1
9371,1
9372,2
9373,1
9374,2
9375,0
9376,1
9377,2
9378,1
9379,0
9380,2
9381,1
9382,0
9383,2
9384,0
9385,2
9386,0
9387,0
9388,2
9389,2
9390,0
9391,0
9392,1
9393,2
9394,2
9395,0
9396,0
9397,1
9398,1
9399,0
9400,1
9401,2
9402,0
9403,0
9404,0
9405,0
9406,1
9407,0
9408,2
9409,1
9410,0
9411,0
9412,0
9413,1
9414,2
9415,0
9416,0
9417,1
9418,1
9419,0
9420,1
9421,0
9422,0
9423,2
9424,2
9425,0
9426,0
9427,1
9428,2
9429,1
9430,1
9431,0
9432,0
9433,2
9434,0
9435,2
9436,2
9437,2
9438,1
9439,0
9440,2
9441,0
9442,1
9443,0
9444,2
9445,1
9446,1
9447,1
9448,0
9449,1
9450,2
9451,0
9452,2
9453,0
9454,0
9455,0
9456,2
9457,0
9458,1
9459,0
9460,1
9461,2
9462,0
9463,2
9464,1
9465,0
9466,1
9467,0
9468,0
9469,1
9470,1
9471,1
9472,0
9473,2
9474,2
9475,0
9476,1
9477,2
9478,1
9479,0
9480,1
9481,2
9482,2
9483,1
9484,2
9485,0
9486,0
9487,1
9488,1
9489,2
9490,1
9491,2
9492,1
9493,2
9494,0
9495,0
9496,2
9497,0
9498,0
9499,0
9500,0
9501,0
9502,0
9503,1
9504,0
9505,0
9506,1
9507,1
9508,2
9509,1
9510,0
9511,0
9512,2
9513,0
9514,1
9515,0
9516,1
9517,2
9518,0
9519,0
9520,1
9521,0
9522,2
9523,2
9524,1
9525,1
9526,1
9527,1
9528,1
9529,1
9530,0
9531,0
9532,0
9533,2
9534,1
9535,2
9536,0
9537,0
9538,2
9539,2
9540,1
9541,0
9542,1
9543,1
9544,0
9545,2
9546,0
9547,1
9548,2
9549,1
9550,1
9551,1
9552,1
9553,1
9554,1
9555,0
9556,2
9557,0
9558,0
9559,2
9560,0
9561,1
9562,0
9563,0
9564,0
9565,1
9566,0
9567,2
9568,2
9569,1
9570,2
9571,0
9572,0
9573,1
9574,0
9575,2
9576,2
9577,2
9578,1
9579,1
9580,0
9581,0
9582,1
9583,2
9584,0
9585,1
9586,1
9587,1
9588,2
9589,1
9590,1
9591,0
9592,2
9593,1
9594,0
9595,1
9596,1
9597,1
9598,0
9599,1
9600,2
9601,1
9602,0
9603,1
9604,0
9605,2
9606,1
9607,0
9608,2
9609,1
9610,1
9611,1
9612,1
9613,0
9614,1
9615,0
9616,1
9617,2
9618,1
9619,2
9620,0
9621,1
9622,1
9623,0
9624,0
9625,1
9626,0
9627,1
9628,1
9629,0
9630,0
9631,0
9632,1
9633,2
9634,2
9635,2
9636,0
9637,0
9638,0
9639,1
9640,0
9641,2
9642,0
9643,0
9644,1
9645,0
9646,0
9647,2
9648,2
9649,2
9650,2
9651,1
9652,0
9653,0
9654,1
9655,0
9656,1
9657,0
9658,0
9659,2
9660,1
9661,2
9662,2
9663,1
9664,1
9665,0
9666,2
9667,1
9668,0
9669,2
9670,1
9671,1
9672,1
9673,0
9674,0
9675,0
9676,0
9677,1
9678,0
9679,0
9680,0
9681,0
9682,2
9683,1
9684,1
9685,0
9686,0
9687,1
9688,2
9689,0
9690,0
9691,2
9692,2
9693,1
9694,1
9695,0
9696,0
9697,0
9698,0
9699,0
9700,1
9701,2
9702,2
9703,2
9704,2
9705,1
9706,1
9707,2
9708,2
9709,2
9710,0
9711,0
9712,0
9713,0
9714,1
9715,0
9716,1
9717,0
9718,1
9719,1
9720,0
9721,0
9722,2
9723,0
9724,1
9725,0
9726,0
9727,0
9728,0
9729,0
9730,1
9731,2
9732,0
9733,2
9734,0
9735,0
9736,1
9737,0
9738,1
9739,0
9740,1
9741,1
9742,2
9743,1
9744,1
9745,0
9746,0
9747,0
9748,1
9749,1
9750,0
9751,1
9752,0
9753,1
9754,1
9755,2
9756,2
9757,0
9758,1
9759,0
9760,1
9761,2
9762,0
9763,1
9764,0
9765,1
9766,0
9767,0
9768,0
9769,1
9770,0
9771,2
9772,0
9773,1
9774,1
9775,0
9776,0
9777,2
9778,1
9779,0
9780,2
9781,0
9782,2
9783,0
9784,1
9785,2
9786,0
9787,0
9788,1
9789,0
9790,0
9791,0
9792,1
9793,1
9794,2
9795,1
9796,1
9797,0
9798,1
9799,2
9800,0
9801,0
9802,0
9803,1
9804,2
9805,2
9806,0
9807,0
9808,0
9809,0
9810,1
9811,1
9812,1
9813,1
9814,0
9815,2
9816,1
9817,1
9818,0
9819,0
9820,1
9821,1
9822,0
9823,2
9824,2
9825,0
9826,0
9827,2
9828,1
9829,1
9830,1
9831,1
9832,0
9833,1
9834,0
9835,1
9836,1
9837,0
9838,0
9839,1
9840,2
9841,0
9842,2
9843,2
9844,1
9845,2
9846,1
9847,0
9848,1
9849,0
9850,0
9851,1
9852,2
9853,1
9854,0
9855,2
9856,1
9857,2
9858,2
9859,2
9860,1
9861,0
9862,1
9863,1
9864,1
9865,1
9866,1
9867,2
9868,1
9869,1
9870,1
9871,0
9872,0
9873,1
9874,0
9875,0
9876,0
9877,1
9878,0
9879,2
9880,0
9881,1
9882,0
9883,1
9884,1
9885,0
9886,1
9887,0
9888,2
9889,1
9890,1
9891,1
9892,0
9893,1
9894,1
9895,1
9896,1
9897,1
9898,1
9899,0
9900,1
9901,2
9902,2
9903,2
9904,1
9905,0
9906,0
9907,1
9908,2
9909,2
9910,0
9911,1
9912,2
9913,2
9914,0
9915,1
9916,1
9917,0
9918,2
9919,1
9920,0
9921,0
9922,0
9923,2
9924,1
9925,2
9926,1
9927,1
9928,0
9929,0
9930,2
9931,2
9932,1
9933,2
9934,1
9935,1
9936,0
9937,1
9938,2
9939,1
9940,0
9941,0
9942,1
9943,2
9944,1
9945,2
9946,1
9947,2
9948,1
9949,0
9950,0
9951,1
9952,0
9953,2
9954,0
9955,2
9956,2
9957,1
9958,0
9959,1
9960,1
9961,2
9962,0
9963,1
9964,0
9965,2
9966,2
9967,2
9968,1
9969,1
9970,0
9971,1
9972,0
9973,0
9974,1
9975,2
9976,1
9977,2
9978,1
9979,2
9980,1
9981,0
9982,0
9983,0
9984,0
9985,1
9986,0
9987,2
9988,1
9989,2
9990,1
9991,0
9992,1
9993,0
9994,1
9995,1
9996,1
9997,2
9998,1
9999,1
10000,0
10001,1
10002,2
10003,0
10004,1
10005,2
10006,2
10007,0
10008,1
10009,1
10010,0
10011,2
10012,1
10013,2
10014,2
10015,2
10016,0
10017,1
10018,2
10019,0
10020,2
10021,2
10022,0
10023,2
10024,1
10025,2
10026,0
10027,1
10028,0
10029,0
10030,1
10031,2
10032,0
10033,0
10034,1
10035,1
10036,1
10037,1
10038,0
10039,1
10040,1
10041,0
10042,0
10043,1
10044,0
10045,1
10046,2
10047,2
10048,1
10049,2
10050,0
10051,1
10052,2
10053,1
10054,2
10055,1
10056,2
10057,1
10058,1
10059,2
10060,2
10061,1
10062,0
10063,2
10064,2
10065,0
10066,0
10067,2
10068,2
10069,0
10070,2
10071,0
10072,2
10073,0
10074,0
10075,2
10076,2
10077,2
10078,0
10079,1
10080,2
10081,2
10082,0
10083,1
10084,2
10085,1
10086,0
10087,0
10088,2
10089,1
10090,0
10091,1
10092,1
10093,1
10094,2
10095,1
10096,0
10097,2
10098,0
10099,0
10100,0
10101,2
10102,1
10103,0
10104,0
10105,1
10106,0
10107,2
10108,2
10109,1
10110,0
10111,1
10112,1
10113,2
10114,2
10115,0
10116,1
10117,1
10118,0
10119,0
10120,2
10121,1
10122,1
10123,0
10124,2
10125,1
10126,0
10127,2
10128,1
10129,2
10130,0
10131,1
10132,0
10133,0
10134,1
10135,1
10136,2
10137,0
10138,1
10139,0
10140,0
10141,1
10142,2
10143,2
10144,0
10145,0
10146,0
10147,0
10148,1
10149,0
10150,0
10151,2
10152,0
10153,0
10154,0
10155,1
10156,0
10157,1
10158,1
10159,1
10160,0
10161,0
10162,2
10163,1
10164,1
10165,0
10166,0
10167,1
10168,1
10169,2
10170,1
10171,1
10172,2
10173,2
10174,0
10175,2
10176,0
10177,2
10178,1
10179,1
10180,2
10181,2
10182,1
10183,0
10184,0
10185,1
10186,2
10187,1
10188,1
10189,2
10190,2
10191,0
10192,0
10193,2
10194,0
10195,0
10196,1
10197,1
10198,2
10199,0
10200,1
10201,0
10202,0
10203,1
10204,0
10205,1
10206,1
10207,1
10208,1
10209,1
10210,0
10211,1
10212,1
10213,1
10214,2
10215,0
10216,1
10217,2
10218,0
10219,1
10220,1
10221,2
10222,0
10223,0
10224,0
10225,2
10226,2
10227,0
10228,1
10229,0
10230,1
10231,1
10232,2
10233,2
10234,1
10235,2
10236,2
10237,2
10238,2
10239,0
10240,0
10241,1
10242,1
10243,1
10244,0
10245,1
10246,1
10247,1
10248,2
10249,0
10250,0
10251,1
10252,1
10253,2
10254,0
10255,0
10256,1
10257,1
10258,1
10259,1
10260,0
10261,1
10262,1
10263,1
10264,1
10265,2
10266,1
10267,0
10268,0
10269,0
10270,2
10271,2
10272,1
10273,0
10274,0
10275,2
10276,2
10277,0
10278,2
10279,0
10280,1
10281,1
10282,1
10283,2
10284,1
10285,0
10286,2
10287,0
10288,1
10289,0
10290,1
10291,0
10292,2
10293,1
10294,1
10295,1
10296,1
10297,0
10298,2
10299,1
10300,0
10301,0
10302,1
10303,2
10304,0
10305,1
10306,2
10307,1
10308,1
10309,0
10310,1
10311,1
10312,1
10313,0
10314,2
10315,1
10316,1
10317,2
10318,1
10319,2
10320,0
10321,0
10322,0
10323,0
10324,2
10325,0
10326,0
10327,2
10328,0
10329,2
10330,0
10331,2
10332,0
10333,0
10334,2
10335,0
10336,0
10337,1
10338,0
10339,1
10340,1
10341,1
10342,0
10343,0
10344,2
10345,1
10346,1
10347,0
10348,0
10349,1
10350,1
10351,2
10352,0
10353,0
10354,1
10355,0
10356,2
10357,1
10358,2
10359,0
10360,0
10361,0
10362,1
10363,2
10364,2
10365,1
10366,1
10367,0
10368,1
10369,2
10370,1
10371,1
10372,2
10373,0
10374,0
10375,0
10376,0
10377,0
10378,2
10379,2
10380,2
10381,1
10382,0
10383,1
10384,0
10385,0
10386,0
10387,0
10388,1
10389,2
10390,0
10391,0
10392,1
10393,2
10394,0
10395,1
10396,0
10397,1
10398,1
10399,0
10400,2
10401,0
10402,0
10403,0
10404,0
10405,0
10406,2
10407,2
10408,2
10409,0
10410,2
10411,2
10412,1
10413,2
10414,2
10415,2
10416,0
10417,0
10418,0
10419,0
10420,0
10421,0
10422,2
10423,2
10424,1
10425,0
10426,2
10427,1
10428,1
10429,1
10430,1
10431,2
10432,0
10433,2
10434,2
10435,2
10436,1
10437,1
10438,0
10439,0
10440,1
10441,1
10442,1
10443,0
10444,0
10445,0
10446,2
10447,0
10448,2
10449,0
10450,2
10451,2
10452,2
10453,0
10454,2
10455,0
10456,2
10457,1
10458,1
10459,1
10460,0
10461,1
10462,1
10463,0
10464,0
10465,1
10466,0
10467,0
10468,0
10469,0
10470,2
10471,2
10472,0
10473,0
10474,0
10475,1
10476,2
10477,0
10478,2
10479,2
10480,1
10481,1
10482,0
10483,2
10484,0
10485,1
10486,0
10487,0
10488,1
10489,0
10490,2
10491,0
10492,1
10493,1
10494,0
10495,1
10496,2
10497,2
10498,1
10499,1
10500,2
10501,1
10502,0
10503,0
10504,2
10505,1
10506,1
10507,2
10508,1
10509,0
10510,0
10511,1
10512,0
10513,2
10514,1
10515,0
10516,0
10517,0
10518,0
10519,0
10520,1
10521,0
10522,2
10523,0
10524,1
10525,1
10526,1
10527,0
10528,2
10529,0
10530,1
10531,0
10532,2
10533,1
10534,1
10535,0
10536,1
10537,2
10538,1
10539,2
10540,0
10541,0
10542,2
10543,0
10544,2
10545,2
10546,0
10547,0
10548,2
10549,1
10550,2
10551,1
10552,1
10553,2
10554,2
10555,1
10556,1
10557,1
10558,2
10559,2
10560,2
10561,2
10562,0
10563,1
10564,2
10565,0
10566,0
10567,0
10568,0
10569,1
10570,1
10571,0
10572,2
10573,0
10574,0
10575,1
10576,0
10577,2
10578,1
10579,2
10580,0
10581,0
10582,2
10583,2
10584,1
10585,0
10586,2
10587,1
10588,1
10589,0
10590,0
10591,1
10592,0
10593,1
10594,0
10595,1
10596,1
10597,0
10598,0
10599,1
10600,2
10601,0
10602,1
10603,0
10604,0
10605,1
10606,2
10607,1
10608,0
10609,0
10610,1
10611,1
10612,1
10613,1
10614,1
10615,2
10616,0
10617,0
10618,1
10619,0
10620,0
10621,1
10622,2
10623,0
10624,1
10625,0
10626,0
10627,1
10628,0
10629,0
10630,2
10631,2
10632,1
10633,1
10634,1
10635,1
10636,2
10637,2
10638,0
10639,1
10640,1
10641,1
10642,0
10643,2
10644,2
10645,1
10646,1
10647,2
10648,1
10649,1
10650,1
10651,1
10652,2
10653,0
10654,0
10655,2
10656,1
10657,0
10658,1
10659,1
10660,2
10661,0
10662,0
10663,1
10664,0
10665,0
10666,0
10667,1
10668,0
10669,0
10670,0
10671,0
10672,1
10673,2
10674,1
10675,2
10676,1
10677,0
10678,2
10679,2
10680,0
10681,1
10682,1
10683,1
10684,0
10685,1
10686,0
10687,1
10688,0
10689,0
10690,0
10691,1
10692,0
10693,1
10694,0
10695,0
10696,2
10697,2
10698,2
10699,1
10700,0
10701,0
10702,2
10703,2
10704,0
10705,1
10706,0
10707,0
10708,2
10709,1
10710,0
10711,0
10712,1
10713,0
10714,2
10715,1
10716,1
10717,0
10718,1
10719,0
10720,0
10721,1
10722,1
10723,0
10724,0
10725,0
10726,0
10727,2
10728,0
10729,2
10730,2
10731,2
10732,1
10733,0
10734,2
10735,0
10736,2
10737,1
10738,2
10739,2
10740,1
10741,0
10742,1
10743,1
10744,0
10745,2
10746,2
10747,0
10748,1
10749,1
10750,1
10751,0
10752,2
10753,2
10754,2
10755,1
10756,1
10757,1
10758,1
10759,1
10760,2
10761,2
10762,2
10763,2
10764,1
10765,0
10766,2
10767,1
10768,1
10769,1
10770,0
10771,1
10772,0
10773,0
10774,0
10775,0
10776,2
10777,1
10778,2
10779,0
10780,1
10781,0
10782,0
10783,2
10784,0
10785,0
10786,1
10787,0
10788,0
10789,1
10790,0
10791,0
10792,1
10793,1
10794,2
10795,2
10796,2
10797,0
10798,2
10799,1
10800,0
10801,0
10802,0
10803,1
10804,1
10805,0
10806,0
10807,2
10808,0
10809,2
10810,1
10811,0
10812,2
10813,0
10814,0
10815,1
10816,0
10817,0
10818,1
10819,2
10820,1
10821,1
10822,1
10823,1
10824,2
10825,1
10826,1
10827,0
10828,0
10829,1
10830,0
10831,1
10832,1
10833,0
10834,1
10835,0
10836,2
10837,0
10838,1
10839,1
10840,2
10841,1
10842,0
10843,1
10844,0
10845,0
10846,1
10847,2
10848,2
10849,1
10850,0
10851,1
10852,1
10853,2
10854,0
10855,0
10856,0
10857,1
10858,1
10859,0
10860,0
10861,0
10862,0
10863,0
10864,1
10865,1
10866,0
10867,1
10868,1
10869,2
10870,1
10871,0
10872,1
10873,0
10874,2
10875,0
10876,1
10877,0
10878,0
10879,0
10880,1
10881,0
10882,0
10883,2
10884,0
10885,0
10886,1
10887,2
10888,0
10889,0
10890,1
10891,1
10892,2
10893,1
10894,1
10895,0
10896,2
10897,0
10898,0
10899,1
10900,0
10901,1
10902,1
10903,0
10904,1
10905,0
10906,0
10907,1
10908,0
10909,1
10910,1
10911,1
10912,2
10913,0
10914,2
10915,2
10916,0
10917,2
10918,2
10919,0
10920,0
10921,1
10922,0
10923,1
10924,2
10925,1
10926,1
10927,0
10928,0
10929,0
10930,0
10931,1
10932,1
10933,0
10934,0
10935,1
10936,0
10937,2
10938,2
10939,1
10940,1
10941,0
10942,1
10943,1
10944,0
10945,0
10946,0
10947,0
10948,0
10949,0
10950,1
10951,0
10952,2
10953,0
10954,0
10955,0
10956,0
10957,2
10958,0
10959,0
10960,1
10961,0
10962,0
10963,2
10964,2
10965,1
10966,2
10967,0
10968,0
10969,1
10970,1
10971,2
10972,0
10973,2
10974,0
10975,2
10976,1
10977,2
10978,0
10979,0
10980,1
10981,2
10982,0
10983,1
10984,0
10985,2
10986,0
10987,0
10988,0
10989,0
10990,0
10991,0
10992,0
10993,1
10994,1
10995,0
10996,0
10997,0
10998,2
10999,2
11000,2
11001,0
11002,1
11003,1
11004,1
11005,1
11006,0
11007,1
11008,1
11009,1
11010,1
11011,1
11012,0
11013,0
11014,2
11015,2
11016,0
11017,0
11018,2
11019,1
11020,1
11021,2
11022,0
11023,0
11024,1
11025,1
11026,1
11027,1
11028,1
11029,2
11030,2
11031,2
11032,2
11033,0
11034,0
11035,2
11036,1
11037,1
11038,0
11039,1
11040,0
11041,2
11042,0
11043,0
11044,0
11045,2
11046,2
11047,2
11048,1
11049,2
11050,0
11051,0
11052,0
11053,2
11054,0
11055,1
11056,0
11057,2
11058,1
11059,0
11060,0
11061,0
11062,0
11063,1
11064,1
11065,1
11066,0
11067,0
11068,2
11069,0
11070,0
11071,0
11072,2
11073,1
11074,1
11075,2
11076,1
11077,2
11078,1
11079,0
11080,1
11081,1
11082,1
11083,0
11084,2
11085,2
11086,1
11087,0
11088,0
11089,1
11090,1
11091,1
11092,0
11093,1
11094,2
11095,0
11096,1
11097,1
11098,2
11099,2
11100,0
11101,1
11102,0
11103,0
11104,1
11105,1
11106,2
11107,0
11108,1
11109,2
11110,1
11111,0
11112,0
11113,2
11114,0
11115,1
11116,0
11117,0
11118,1
11119,1
11120,0
11121,1
11122,1
11123,0
11124,2
11125,0
11126,1
11127,0
11128,0
11129,0
11130,0
11131,0
11132,0
11133,0
11134,1
11135,0
11136,1
11137,0
11138,0
11139,2
11140,1
11141,0
11142,0
11143,0
11144,0
11145,2
11146,2
11147,0
11148,2
11149,0
11150,2
11151,0
11152,0
11153,1
11154,0
11155,1
11156,0
11157,2
11158,0
11159,2
11160,0
11161,0
11162,0
11163,0
11164,1
11165,1
11166,0
11167,2
11168,0
11169,1
11170,0
11171,0
11172,0
11173,1
11174,1
11175,1
11176,1
11177,1
11178,1
11179,0
11180,2
11181,0
11182,0
11183,1
11184,0
11185,0
11186,1
11187,1
11188,2
11189,1
11190,1
11191,0
11192,1
11193,1
11194,2
11195,1
11196,1
11197,0
11198,0
11199,0
11200,2
11201,0
11202,2
11203,1
11204,1
11205,2
11206,0
11207,0
11208,0
11209,0
11210,1
11211,0
11212,2
11213,0
11214,2
11215,1
11216,1
11217,2
11218,2
11219,0
11220,0
11221,1
11222,2
11223,2
11224,0
11225,0
11226,0
11227,0
11228,1
11229,1
11230,0
11231,2
11232,2
11233,1
11234,0
11235,2
11236,1
11237,1
11238,1
11239,0
11240,0
11241,0
11242,2
11243,2
11244,1
11245,0
11246,0
11247,1
11248,2
11249,1
11250,0
11251,0
11252,2
11253,0
11254,1
11255,1
11256,2
11257,2
11258,1
11259,1
11260,0
11261,1
11262,0
11263,0
11264,0
11265,2
11266,1
11267,2
11268,0
11269,1
11270,0
11271,2
11272,2
11273,0
11274,0
11275,1
11276,1
11277,0
11278,1
11279,0
11280,2
11281,2
11282,1
11283,0
11284,1
11285,2
11286,1
11287,1
11288,2
11289,1
11290,2
11291,1
11292,0
11293,1
11294,1
11295,1
11296,2
11297,2
11298,0
11299,2
11300,1
11301,0
11302,1
11303,0
11304,2
11305,1
11306,2
11307,2
11308,1
11309,1
11310,1
11311,0
11312,0
11313,2
11314,2
11315,0
11316,0
11317,2
11318,1
11319,0
11320,1
11321,0
11322,1
11323,1
11324,0
11325,1
11326,1
11327,0
11328,2
11329,0
11330,0
11331,1
11332,1
11333,2
11334,1
11335,0
11336,0
11337,1
11338,0
11339,0
11340,1
11341,0
11342,2
11343,0
11344,1
11345,2
11346,0
11347,0
11348,1
11349,0
11350,0
11351,1
11352,2
11353,0
11354,1
11355,0
11356,1
11357,1
11358,2
11359,1
11360,0
11361,1
11362,1
11363,0
11364,1
11365,1
11366,0
11367,1
11368,2
11369,2
11370,2
11371,1
11372,0
11373,2
11374,1
11375,0
11376,0
11377,2
11378,1
11379,2
11380,2
11381,0
11382,1
11383,2
11384,2
11385,0
11386,1
11387,2
11388,0
11389,1
11390,1
11391,1
11392,0
11393,2
11394,1
11395,1
11396,2
11397,0
11398,0
11399,1
11400,0
11401,0
11402,0
11403,0
11404,0
11405,0
11406,0
11407,2
11408,1
11409,2
11410,0
11411,0
11412,0
11413,1
11414,1
11415,1
11416,2
11417,0
11418,1
11419,2
11420,0
11421,1
11422,0
11423,2
11424,2
11425,2
11426,0
11427,2
11428,1
11429,0
11430,0
11431,2
11432,2
11433,1
11434,1
11435,1
11436,1
11437,1
11438,0
11439,0
11440,1
11441,2
11442,0
11443,0
11444,2
11445,1
11446,1
11447,1
11448,0
11449,2
11450,0
11451,0
11452,2
11453,0
11454,1
11455,2
11456,0
11457,0
11458,0
11459,0
11460,0
11461,0
11462,0
11463,0
11464,2
11465,0
11466,1
11467,0
11468,0
11469,0
11470,0
11471,0
11472,0
11473,1
11474,0
11475,0
11476,2
11477,1
11478,2
11479,1
11480,0
11481,2
11482,1
11483,2
11484,1
11485,0
11486,1
11487,0
11488,1
11489,0
11490,0
11491,2
11492,2
11493,0
11494,1
11495,0
11496,1
11497,1
11498,0
11499,0
11500,2
11501,2
11502,0
11503,0
11504,2
11505,0
11506,0
11507,0
11508,1
11509,2
11510,1
11511,0
11512,2
11513,2
11514,1
11515,0
11516,1
11517,0
11518,1
11519,0
11520,0
11521,1
11522,1
11523,2
11524,1
11525,0
11526,2
11527,0
11528,1
11529,0
11530,0
11531,0
11532,0
11533,2
11534,2
11535,1
11536,0
11537,1
11538,0
11539,1
11540,0
11541,0
11542,0
11543,0
11544,0
11545,0
11546,0
11547,1
11548,0
11549,0
11550,2
11551,1
11552,2
11553,1
11554,2
11555,0
11556,0
11557,0
11558,1
11559,2
11560,0
11561,0
11562,1
11563,2
11564,2
11565,0
11566,1
11567,1
11568,1
11569,2
11570,0
11571,1
11572,1
11573,1
11574,2
11575,0
11576,1
11577,2
11578,0
11579,2
11580,1
11581,0
11582,0
11583,0
11584,0
11585,1
11586,0
11587,0
11588,0
11589,2
11590,2
11591,1
11592,1
11593,2
11594,0
11595,0
11596,1
11597,1
11598,2
11599,1
11600,1
11601,2
11602,1
11603,1
11604,0
11605,0
11606,1
11607,1
11608,0
11609,2
11610,2
11611,2
11612,0
11613,0
11614,0
11615,1
11616,0
11617,1
11618,2
11619,0
11620,1
11621,0
11622,0
11623,0
11624,1
11625,1
11626,1
11627,0
11628,2
11629,1
11630,2
11631,2
11632,2
11633,0
11634,1
11635,2
11636,1
11637,2
11638,1
11639,1
11640,2
11641,0
11642,0
11643,1
11644,0
11645,2
11646,2
11647,2
11648,2
11649,2
11650,0
11651,0
11652,0
11653,2
11654,1
11655,0
11656,0
11657,1
11658,0
11659,2
11660,1
11661,2
11662,1
11663,1
11664,0
11665,1
11666,0
11667,0
11668,0
11669,0
11670,0
11671,2
11672,1
11673,1
11674,0
11675,0
11676,0
11677,1
11678,2
11679,1
11680,0
11681,0
11682,2
11683,0
11684,0
11685,0
11686,1
11687,2
11688,0
11689,0
11690,2
11691,0
11692,2
11693,1
11694,2
11695,0
11696,0
11697,2
11698,0
11699,1
11700,1
11701,0
11702,1
11703,2
11704,2
11705,1
11706,2
11707,1
11708,0
11709,2
11710,0
11711,0
11712,2
11713,0
11714,0
11715,0
11716,1
11717,0
11718,2
11719,0
11720,0
11721,1
11722,1
11723,1
11724,1
11725,2
11726,0
11727,0
11728,0
11729,2
11730,0
11731,2
11732,1
11733,1
11734,2
11735,0
11736,2
11737,2
11738,0
11739,2
11740,0
11741,0
11742,1
11743,0
11744,0
11745,1
11746,0
11747,1
11748,1
11749,1
11750,2
11751,1
11752,0
11753,0
11754,2
11755,1
11756,2
11757,2
11758,2
11759,0
11760,1
11761,1
11762,2
11763,0
11764,1
11765,1
11766,0
11767,1
11768,2
11769,1
11770,2
11771,1
11772,0
11773,0
11774,0
11775,0
11776,1
11777,0
11778,1
11779,1
11780,0
11781,1
11782,0
11783,0
11784,1
11785,0
11786,1
11787,0
11788,0
11789,0
11790,0
11791,2
11792,1
11793,1
11794,0
11795,2
11796,1
11797,2
11798,2
11799,2
11800,2
11801,0
11802,0
11803,2
11804,2
11805,2
11806,0
11807,2
11808,0
11809,0
11810,0
11811,1
11812,2
11813,2
11814,2
11815,1
11816,2
11817,0
11818,0
11819,1
11820,2
11821,1
11822,2
11823,0
11824,0
11825,1
11826,0
11827,1
11828,1
11829,0
11830,0
11831,2
11832,0
11833,1
11834,2
11835,2
11836,0
11837,0
11838,0
11839,0
11840,1
11841,1
11842,0
11843,2
11844,1
11845,0
11846,2
11847,1
11848,2
11849,1
11850,1
11851,0
11852,0
11853,2
11854,2
11855,2
11856,0
11857,0
11858,2
11859,0
11860,0
11861,0
11862,1
11863,0
11864,0
11865,0
11866,0
11867,2
11868,0
11869,2
11870,2
11871,2
11872,1
11873,2
11874,0
11875,0
11876,0
11877,2
11878,0
11879,0
11880,2
11881,1
11882,2
11883,2
11884,1
11885,2
11886,1
11887,2
11888,2
11889,0
11890,0
11891,2
11892,0
11893,1
11894,0
11895,0
11896,0
11897,2
11898,1
11899,0
11900,2
11901,0
11902,2
11903,0
11904,0
11905,0
11906,1
11907,0
11908,0
11909,0
11910,1
11911,2
11912,0
11913,0
11914,1
11915,0
11916,0
11917,2
11918,0
11919,0
11920,0
11921,2
11922,0
11923,1
11924,0
11925,2
11926,1
11927,2
11928,1
11929,1
11930,0
11931,2
11932,0
11933,2
11934,2
11935,1
11936,0
11937,2
11938,1
11939,2
11940,0
11941,0
11942,0
11943,1
11944,2
11945,0
11946,1
11947,0
11948,0
11949,0
11950,2
11951,2
11952,1
11953,0
11954,0
11955,1
11956,0
11957,0
11958,0
11959,2
11960,1
11961,0
11962,2
11963,0
11964,2
11965,2
11966,0
11967,1
11968,2
11969,1
11970,1
11971,1
11972,1
11973,0
11974,0
11975,2
11976,1
11977,0
11978,0
11979,2
11980,1
11981,2
11982,1
11983,0
11984,1
11985,1
11986,0
11987,1
11988,0
11989,1
11990,1
11991,2
11992,0
11993,0
11994,0
11995,0
11996,2
11997,1
11998,1
11999,0
12000,2
12001,0
12002,1
12003,2
12004,0
12005,2
12006,2
12007,2
12008,0
12009,1
12010,2
12011,2
12012,0
12013,1
12014,0
12015,0
12016,1
12017,2
12018,0
12019,0
12020,1
12021,2
12022,1
12023,2
12024,0
12025,0
12026,0
12027,2
12028,0
12029,1
12030,1
12031,0
12032,2
12033,2
12034,0
12035,0
12036,0
12037,0
12038,0
12039,0
12040,0
12041,1
12042,0
12043,2
12044,1
12045,1
12046,1
12047,1
12048,0
12049,1
12050,2
12051,0
12052,0
12053,0
12054,0
12055,1
12056,2
12057,2
12058,2
12059,0
12060,0
12061,1
12062,0
12063,0
12064,1
12065,2
12066,2
12067,0
12068,2
12069,1
12070,0
12071,2
12072,1
12073,0
12074,1
12075,2
12076,1
12077,2
12078,0
12079,0
12080,2
12081,1
12082,2
12083,0
12084,0
12085,1
12086,0
12087,0
12088,1
12089,1
12090,0
12091,0
12092,0
12093,2
12094,1
12095,1
12096,1
12097,0
12098,2
12099,2
12100,1
12101,1
12102,1
12103,2
12104,1
12105,1
12106,0
12107,2
12108,0
12109,1
12110,2
12111,1
12112,1
12113,0
12114,0
12115,0
12116,0
12117,2
12118,0
12119,0
12120,1
12121,1
12122,0
12123,1
12124,0
12125,1
12126,0
12127,1
12128,1
12129,1
12130,2
12131,1
12132,0
12133,1
12134,2
12135,0
12136,2
12137,0
12138,0
12139,2
12140,1
12141,1
12142,0
12143,2
12144,0
12145,1
12146,1
12147,1
12148,1
12149,2
12150,1
12151,2
12152,1
12153,1
12154,1
12155,2
12156,1
12157,0
12158,0
12159,2
12160,1
12161,0
12162,2
12163,0
12164,1
12165,0
12166,1
12167,0
12168,1
12169,1
12170,1
12171,0
12172,0
12173,2
12174,0
12175,2
12176,1
12177,0
12178,2
12179,2
12180,2
12181,1
12182,2
12183,1
12184,2
12185,2
12186,1
12187,1
12188,0
12189,0
12190,0
12191,2
12192,2
12193,2
12194,1
12195,2
12196,1
12197,1
12198,2
12199,1
12200,1
12201,2
12202,1
12203,2
12204,0
12205,1
12206,1
12207,0
12208,2
12209,0
12210,1
12211,0
12212,0
12213,2
12214,0
12215,1
12216,0
12217,1
12218,0
12219,1
12220,0
12221,1
12222,0
12223,1
12224,1
12225,1
12226,0
12227,0
12228,1
12229,2
12230,0
12231,0
12232,1
12233,1
12234,1
12235,0
12236,0
12237,1
12238,0
12239,1
12240,1
12241,1
12242,2
12243,0
12244,0
12245,0
12246,0
12247,0
12248,1
12249,0
12250,1
12251,0
12252,2
12253,1
12254,2
12255,1
12256,0
12257,2
12258,0
12259,2
12260,1
12261,0
12262,0
12263,2
12264,0
12265,1
12266,0
12267,0
12268,2
12269,1
12270,1
12271,0
12272,1
12273,0
12274,1
12275,0
12276,2
12277,1
12278,1
12279,1
12280,1
12281,0
12282,1
12283,0
12284,0
12285,0
12286,1
12287,0
12288,0
12289,1
12290,2
12291,1
12292,1
12293,2
12294,0
12295,1
12296,1
12297,1
12298,1
12299,2
12300,0
12301,0
12302,1
12303,0
12304,1
12305,0
12306,2
12307,2
12308,0
12309,1
12310,0
12311,2
12312,2
12313,2
12314,0
12315,1
12316,2
12317,2
12318,0
12319,1
12320,2
12321,1
12322,0
12323,1
12324,0
12325,0
12326,2
12327,2
12328,0
12329,0
12330,2
12331,0
12332,0
12333,0
12334,2
12335,1
12336,2
12337,0
12338,1
12339,2
12340,0
12341,1
12342,1
12343,2
12344,0
12345,0
12346,0
12347,0
12348,0
12349,0
12350,0
12351,2
12352,0
12353,2
12354,2
12355,1
12356,1
12357,1
12358,0
12359,2
12360,1
12361,2
12362,1
12363,2
12364,0
12365,1
12366,0
12367,2
12368,1
12369,2
12370,0
12371,0
12372,0
12373,0
12374,1
12375,0
12376,0
12377,0
12378,1
12379,1
12380,2
12381,1
12382,2
12383,1
12384,1
12385,1
12386,1
12387,2
12388,2
12389,0
12390,1
12391,0
12392,2
12393,1
12394,1
12395,2
12396,2
12397,0
12398,0
12399,2
12400,1
12401,1
12402,0
12403,2
12404,0
12405,1
12406,0
12407,2
12408,2
12409,1
12410,1
12411,0
12412,1
12413,0
12414,1
12415,0
12416,1
12417,1
12418,1
12419,1
12420,0
12421,1
12422,1
12423,0
12424,1
12425,1
12426,1
12427,1
12428,2
12429,2
12430,2
12431,0
12432,0
12433,2
12434,0
12435,1
12436,2
12437,1
12438,2
12439,1
12440,2
12441,1
12442,0
12443,1
12444,2
12445,1
12446,1
12447,1
12448,0
12449,1
12450,2
12451,1
12452,0
12453,0
12454,2
12455,0
12456,0
12457,2
12458,0
12459,1
12460,0
12461,0
12462,0
12463,2
12464,1
12465,0
12466,1
12467,0
12468,1
12469,2
12470,0
12471,0
12472,2
12473,2
12474,1
12475,1
12476,2
12477,0
12478,2
12479,0
12480,1
12481,1
12482,0
12483,1
12484,0
12485,0
12486,0
12487,2
12488,1
12489,0
12490,0
12491,1
12492,2
12493,1
12494,0
12495,1
12496,1
12497,0
12498,1
12499,0
12500,1
12501,0
12502,2
12503,0
12504,0
12505,0
12506,1
12507,2
12508,1
12509,1
12510,1
12511,0
12512,0
12513,0
12514,1
12515,0
12516,0
12517,1
12518,2
12519,2
12520,1
12521,1
12522,1
12523,1
12524,2
12525,0
12526,0
12527,0
12528,2
12529,2
12530,0
12531,1
12532,1
12533,2
12534,1
12535,0
12536,1
12537,2
12538,2
12539,0
12540,1
12541,0
12542,0
12543,2
12544,0
12545,1
12546,0
12547,1
12548,1
12549,0
12550,0
12551,2
12552,0
12553,0
12554,0
12555,0
12556,1
12557,2
12558,1
12559,1
12560,1
12561,0
12562,2
12563,1
12564,2
12565,2
12566,2
12567,0
12568,1
12569,0
12570,1
12571,0
12572,0
12573,0
12574,0
12575,1
12576,1
12577,2
12578,0
12579,0
12580,2
12581,2
12582,1
12583,1
12584,1
12585,1
12586,1
12587,1
12588,0
12589,0
12590,1
12591,1
12592,0
12593,1
12594,1
12595,0
12596,0
12597,2
12598,0
12599,0
12600,1
12601,0
12602,1
12603,0
12604,0
12605,0
12606,1
12607,0
12608,2
12609,0
12610,1
12611,2
12612,1
12613,0
12614,0
12615,1
12616,2
12617,1
12618,1
12619,2
12620,1
12621,0
12622,0
12623,0
12624,0
12625,1
12626,0
12627,0
12628,1
12629,1
12630,1
12631,1
12632,2
12633,2
12634,2
12635,0
12636,2
12637,0
12638,1
12639,1
12640,1
12641,2
12642,2
12643,1
12644,2
12645,0
12646,0
12647,0
12648,0
12649,0
12650,0
12651,2
12652,2
12653,2
12654,2
12655,0
12656,0
12657,1
12658,0
12659,0
12660,1
12661,1
12662,1
12663,0
12664,0
12665,0
12666,1
12667,1
12668,1
12669,0
12670,0
12671,0
12672,1
12673,1
12674,0
12675,0
12676,2
12677,1
12678,0
12679,0
12680,1
12681,1
12682,1
12683,0
12684,0
12685,2
12686,0
12687,0
12688,0
12689,1
12690,1
12691,2
12692,1
12693,1
12694,2
12695,1
12696,1
12697,0
12698,0
12699,2
12700,0
12701,1
12702,1
12703,2
12704,1
12705,2
12706,0
12707,1
12708,0
12709,1
12710,0
12711,1
12712,0
12713,1
12714,0
12715,0
12716,1
12717,0
12718,2
12719,0
12720,0
12721,2
12722,0
12723,0
12724,2
12725,0
12726,0
12727,1
12728,0
12729,0
12730,0
12731,2
12732,2
12733,1
12734,0
12735,2
12736,2
12737,1
12738,2
12739,0
12740,1
12741,2
12742,0
12743,2
12744,2
12745,0
12746,0
12747,1
12748,0
12749,2
12750,0
12751,0
12752,0
12753,0
12754,2
12755,0
12756,1
12757,1
12758,1
12759,0
12760,1
12761,1
12762,1
12763,1
12764,0
12765,2
12766,0
12767,1
12768,1
12769,1
12770,0
12771,1
12772,1
12773,1
12774,0
12775,1
12776,1
12777,1
12778,0
12779,0
12780,0
12781,1
12782,1
12783,2
12784,1
12785,0
12786,0
12787,1
12788,0
12789,1
12790,0
12791,1
12792,2
12793,0
12794,0
12795,1
12796,0
12797,1
12798,1
12799,0
12800,1
12801,0
12802,0
12803,1
12804,1
12805,2
12806,0
12807,1
12808,2
12809,1
12810,0
12811,0
12812,0
12813,0
12814,1
12815,0
12816,1
12817,0
12818,0
12819,2
12820,0
12821,2
12822,1
12823,1
12824,1
12825,1
12826,2
12827,1
12828,0
12829,0
12830,0
12831,1
12832,1
12833,0
12834,1
12835,1
12836,0
12837,1
12838,0
12839,0
12840,1
12841,2
12842,1
12843,0
12844,0
12845,1
12846,2
12847,0
12848,1
12849,2
12850,0
12851,0
12852,0
12853,2
12854,0
12855,2
12856,1
12857,0
12858,0
12859,0
12860,1
12861,2
12862,0
12863,0
12864,1
12865,1
12866,1
12867,2
12868,2
12869,0
12870,1
12871,2
12872,1
12873,1
12874,1
12875,2
12876,0
12877,2
12878,2
12879,2
12880,2
12881,1
12882,0
12883,1
12884,2
12885,1
12886,2
12887,0
12888,0
12889,0
12890,0
12891,0
12892,0
12893,0
12894,0
12895,1
12896,1
12897,0
12898,0
12899,0
12900,1
12901,1
12902,2
12903,1
12904,2
12905,0
12906,1
12907,2
12908,0
12909,1
12910,0
12911,0
12912,0
12913,2
12914,2
12915,2
12916,0
12917,2
12918,0
12919,1
12920,1
12921,0
12922,1
12923,2
12924,1
12925,2
12926,1
12927,2
12928,0
12929,1
12930,0
12931,0
12932,1
12933,1
12934,2
12935,2
12936,1
12937,1
12938,0
12939,1
12940,2
12941,0
12942,0
12943,1
12944,0
12945,1
12946,2
12947,1
12948,0
12949,0
12950,0
12951,0
12952,1
12953,1
12954,0
12955,0
12956,2
12957,0
12958,0
12959,0
12960,1
12961,2
12962,1
12963,1
12964,1
12965,2
12966,2
12967,0
12968,0
12969,2
12970,0
12971,2
12972,0
12973,0
12974,0
12975,1
12976,2
12977,0
12978,0
12979,1
12980,1
12981,0
12982,0
12983,2
12984,1
12985,0
12986,1
12987,0
12988,1
12989,1
12990,1
12991,0
12992,0
12993,1
12994,2
12995,0
12996,0
12997,1
12998,0
12999,2
13000,0
13001,0
13002,2
13003,1
13004,0
13005,1
13006,0
13007,0
13008,2
13009,2
13010,0
13011,0
13012,2
13013,0
13014,1
13015,0
13016,1
13017,1
13018,0
13019,0
13020,0
13021,2
13022,0
13023,0
13024,0
13025,0
13026,2
13027,0
13028,2
13029,1
13030,0
13031,0
13032,0
13033,2
13034,2
13035,1
13036,0
13037,0
13038,0
13039,1
13040,1
13041,1
13042,0
13043,1
13044,0
13045,0
13046,1
13047,0
13048,2
13049,0
13050,0
13051,2
13052,0
13053,2
13054,1
13055,1
13056,1
13057,1
13058,1
13059,0
13060,1
13061,0
13062,0
13063,2
13064,0
13065,1
13066,0
13067,1
13068,1
13069,1
13070,0
13071,0
13072,0
13073,2
13074,2
13075,0
13076,1
13077,0
13078,1
13079,0
13080,0
13081,2
13082,1
13083,0
13084,0
13085,1
13086,1
13087,0
13088,1
13089,1
13090,0
13091,1
13092,0
13093,0
13094,2
13095,2
13096,2
13097,2
13098,2
13099,1
13100,1
13101,0
13102,1
13103,0
13104,1
13105,1
13106,0
13107,0
13108,2
13109,2
13110,2
13111,1
13112,1
13113,1
13114,2
13115,0
13116,1
13117,2
13118,1
13119,1
13120,2
13121,2
13122,0
13123,0
13124,2
13125,1
13126,0
13127,0
13128,0
13129,1
13130,1
13131,0
13132,2
13133,2
13134,1
13135,2
13136,0
13137,1
13138,0
13139,2
13140,1
13141,0
13142,0
13143,2
13144,0
13145,0
13146,2
13147,0
13148,2
13149,1
13150,0
13151,1
13152,0
13153,1
13154,1
13155,0
13156,1
13157,0
13158,1
13159,2
13160,1
13161,2
13162,2
13163,2
13164,0
13165,0
13166,1
13167,0
13168,1
13169,2
13170,0
13171,0
13172,1
13173,1
13174,0
13175,1
13176,1
13177,0
13178,0
13179,0
13180,0
13181,0
13182,2
13183,2
13184,1
13185,2
13186,2
13187,0
13188,0
13189,1
13190,0
13191,0
13192,2
13193,2
13194,2
13195,0
13196,0
13197,1
13198,0
13199,1
13200,0
13201,1
13202,1
13203,0
13204,0
13205,0
13206,0
13207,0
13208,1
13209,1
13210,0
13211,1
13212,2
13213,1
13214,0
13215,2
13216,1
13217,0
13218,0
13219,0
13220,1
13221,1
13222,0
13223,1
13224,1
13225,1
13226,0
13227,0
13228,0
13229,1
13230,0
13231,1
13232,2
13233,0
13234,0
13235,2
13236,0
13237,0
13238,0
13239,2
13240,2
13241,1
13242,1
13243,0
13244,1
13245,1
13246,0
13247,2
13248,1
13249,0
13250,0
13251,1
13252,0
13253,1
13254,1
13255,0
13256,1
13257,1
13258,2
13259,1
13260,0
13261,0
13262,2
13263,2
13264,2
13265,2
13266,1
13267,2
13268,0
13269,0
13270,0
13271,0
13272,1
13273,0
13274,0
13275,0
13276,0
13277,0
13278,1
13279,0
13280,0
13281,1
13282,0
13283,0
13284,1
13285,2
13286,0
13287,0
13288,1
13289,1
13290,1
13291,0
13292,2
13293,1
13294,1
13295,0
13296,1
13297,0
13298,0
13299,0
13300,2
13301,2
13302,1
13303,1
13304,0
13305,1
13306,1
13307,0
13308,2
13309,0
13310,2
13311,1
13312,1
13313,0
13314,0
13315,0
13316,0
13317,0
13318,0
13319,2
13320,2
13321,2
13322,0
13323,0
13324,0
13325,2
13326,1
13327,1
13328,1
13329,1
13330,0
13331,0
13332,1
13333,0
13334,2
13335,2
13336,1
13337,0
13338,2
13339,1
13340,0
13341,0
13342,0
13343,0
13344,2
13345,1
13346,1
13347,0
13348,1
13349,0
13350,0
13351,0
13352,0
13353,2
13354,1
13355,0
13356,0
13357,1
13358,0
13359,0
13360,2
13361,0
13362,2
13363,1
13364,0
13365,2
13366,1
13367,1
13368,1
13369,1
13370,0
13371,1
13372,1
13373,2
13374,2
13375,2
13376,0
13377,1
13378,2
13379,0
13380,2
13381,2
13382,0
13383,2
13384,0
13385,2
13386,0
13387,1
13388,0
13389,0
13390,0
13391,0
13392,0
13393,0
13394,0
13395,0
13396,0
13397,2
13398,2
13399,0
13400,1
13401,0
13402,1
13403,1
13404,1
13405,1
13406,0
13407,0
13408,1
13409,1
13410,2
13411,0
13412,0
13413,0
13414,2
13415,0
13416,1
13417,0
13418,0
13419,2
13420,1
13421,1
13422,0
13423,2
13424,1
13425,1
13426,2
13427,0
13428,2
13429,2
13430,1
13431,0
13432,2
13433,1
13434,1
13435,0
13436,2
13437,0
13438,0
13439,0
13440,1
13441,1
13442,0
13443,0
13444,2
13445,0
13446,0
13447,0
13448,0
13449,0
13450,2
13451,0
13452,1
13453,1
13454,0
13455,1
13456,0
13457,0
13458,2
13459,1
13460,1
13461,1
13462,1
13463,1
13464,2
13465,2
13466,2
13467,0
13468,0
13469,2
13470,0
13471,0
13472,1
13473,1
13474,1
13475,1
13476,0
13477,1
13478,0
13479,1
13480,0
13481,1
13482,1
13483,1
13484,2
13485,2
13486,1
13487,0
13488,1
13489,1
13490,0
13491,2
13492,1
13493,2
13494,0
13495,2
13496,0
13497,1
13498,0
13499,2
13500,1
13501,1
13502,1
13503,2
13504,0
13505,0
13506,0
13507,0
13508,2
13509,1
13510,2
13511,2
13512,2
13513,0
13514,2
13515,1
13516,2
13517,1
13518,0
13519,1
13520,0
13521,2
13522,1
13523,1
13524,2
13525,2
13526,0
13527,2
13528,2
13529,1
13530,2
13531,2
13532,0
13533,1
13534,0
13535,2
13536,0
13537,0
13538,0
13539,0
13540,0
13541,0
13542,0
13543,1
13544,0
13545,1
13546,0
13547,0
13548,1
13549,1
13550,2
13551,1
13552,0
13553,2
13554,1
13555,0
13556,0
13557,2
13558,1
13559,2
13560,2
13561,0
13562,2
13563,0
13564,0
13565,2
13566,2
13567,2
13568,0
13569,0
13570,0
13571,1
13572,0
13573,0
13574,1
13575,0
13576,1
13577,0
13578,1
13579,1
13580,1
13581,1
13582,1
13583,0
13584,1
13585,2
13586,0
13587,1
13588,0
13589,1
13590,0
13591,0
13592,1
13593,1
13594,2
13595,1
13596,0
13597,0
13598,0
13599,1
13600,0
13601,0
13602,1
13603,2
13604,1
13605,2
13606,0
13607,1
13608,1
13609,0
13610,1
13611,0
13612,0
13613,2
13614,1
13615,1
13616,2
13617,1
13618,1
13619,0
13620,0
13621,2
13622,2
13623,1
13624,1
13625,0
13626,0
13627,1
13628,0
13629,2
13630,2
13631,0
13632,2
13633,1
13634,2
13635,2
13636,0
13637,1
13638,2
13639,2
13640,1
13641,0
13642,2
13643,0
13644,1
13645,0
13646,2
13647,0
13648,2
13649,0
13650,2
13651,0
13652,0
13653,1
13654,1
13655,0
13656,0
13657,1
13658,0
13659,0
13660,1
13661,0
13662,2
13663,1
13664,2
13665,1
13666,1
13667,1
13668,0
13669,1
13670,1
13671,1
13672,2
13673,2
13674,0
13675,1
13676,0
13677,1
13678,1
13679,2
13680,2
13681,1
13682,1
13683,0
13684,0
13685,1
13686,2
13687,1
13688,0
13689,1
13690,0
13691,2
13692,1
13693,0
13694,0
13695,2
13696,2
13697,0
13698,2
13699,2
13700,1
13701,0
13702,1
13703,0
13704,0
13705,1
13706,1
13707,2
13708,0
13709,1
13710,2
13711,0
13712,0
13713,2
13714,2
13715,0
13716,0
13717,1
13718,1
13719,1
13720,0
13721,2
13722,1
13723,0
13724,0
13725,1
13726,0
13727,1
13728,2
13729,1
13730,0
13731,0
13732,0
13733,0
13734,2
13735,1
13736,1
13737,2
13738,2
13739,1
13740,0
13741,2
13742,0
13743,2
13744,2
13745,1
13746,0
13747,2
13748,1
13749,0
13750,1
13751,2
13752,0
13753,0
13754,2
13755,0
13756,0
13757,1
13758,1
13759,0
13760,1
13761,1
13762,1
13763,0
13764,0
13765,0
13766,2
13767,2
13768,0
13769,0
13770,0
13771,2
13772,0
13773,0
13774,1
13775,0
13776,1
13777,0
13778,0
13779,0
13780,1
13781,0
13782,2
13783,1
13784,1
13785,0
13786,1
13787,1
13788,2
13789,0
13790,2
13791,2
13792,1
13793,0
13794,0
13795,0
13796,1
13797,2
13798,1
13799,2
13800,1
13801,1
13802,1
13803,2
13804,1
13805,1
13806,1
13807,0
13808,1
13809,1
13810,0
13811,2
13812,1
13813,2
13814,1
13815,1
13816,2
13817,0
13818,2
13819,1
13820,2
13821,0
13822,0
13823,2
13824,0
13825,1
13826,1
13827,2
13828,0
13829,1
13830,1
13831,0
13832,0
13833,2
13834,1
13835,1
13836,2
13837,1
13838,1
13839,2
13840,0
13841,2
13842,2
13843,1
13844,2
13845,0
13846,0
13847,2
13848,2
13849,1
13850,2
13851,0
13852,0
13853,1
13854,2
13855,1
13856,0
13857,1
13858,0
13859,0
13860,0
13861,0
13862,0
13863,2
13864,1
13865,0
13866,0
13867,0
13868,0
13869,0
13870,0
13871,0
13872,2
13873,1
13874,2
13875,0
13876,1
13877,2
13878,0
13879,0
13880,0
13881,0
13882,2
13883,1
13884,1
13885,0
13886,2
13887,0
13888,0
13889,0
13890,1
13891,0
13892,1
13893,0
13894,1
13895,1
13896,0
13897,2
13898,0
13899,0
13900,0
13901,0
13902,1
13903,2
13904,1
13905,1
13906,2
13907,1
13908,0
13909,2
13910,0
13911,1
13912,0
13913,2
13914,1
13915,2
13916,2
13917,1
13918,2
13919,2
13920,2
13921,0
13922,0
13923,1
13924,2
13925,2
13926,0
13927,2
13928,1
13929,1
13930,0
13931,0
13932,2
13933,1
13934,0
13935,2
13936,2
13937,1
13938,0
13939,1
13940,0
13941,1
13942,2
13943,0
13944,1
13945,0
13946,0
13947,1
13948,1
13949,0
13950,0
13951,0
13952,0
13953,0
13954,2
13955,0
13956,2
13957,1
13958,2
13959,1
13960,0
13961,1
13962,0
13963,2
13964,0
13965,2
13966,0
13967,1
13968,1
13969,2
13970,0
13971,1
13972,1
13973,0
13974,2
13975,2
13976,0
13977,1
13978,1
13979,0
13980,1
13981,1
13982,0
13983,0
13984,2
13985,1
13986,2
13987,0
13988,0
13989,0
13990,2
13991,0
13992,2
13993,1
13994,1
13995,0
13996,2
13997,1
13998,1
13999,2
14000,2
14001,1
14002,1
14003,1
14004,0
14005,1
14006,0
14007,2
14008,1
14009,2
14010,1
14011,0
14012,0
14013,1
14014,1
14015,2
14016,1
14017,1
14018,0
14019,0
14020,0
14021,1
14022,1
14023,2
14024,1
14025,2
14026,2
14027,2
14028,2
14029,0
14030,0
14031,0
14032,2
14033,2
14034,0
14035,0
14036,2
14037,2
14038,0
14039,1
14040,0
14041,0
14042,0
14043,0
14044,2
14045,1
14046,2
14047,1
14048,0
14049,0
14050,0
14051,0
14052,0
14053,1
14054,2
14055,2
14056,1
14057,0
14058,0
14059,0
14060,2
14061,1
14062,0
14063,2
14064,0
14065,0
14066,2
14067,0
14068,1
14069,1
14070,2
14071,0
14072,1
14073,1
14074,0
14075,1
14076,1
14077,1
14078,0
14079,2
14080,0
14081,0
14082,1
14083,2
14084,0
14085,0
14086,0
14087,0
14088,1
14089,1
14090,2
14091,2
14092,1
14093,1
14094,2
14095,1
14096,0
14097,2
14098,1
14099,0
14100,1
14101,1
14102,0
14103,1
14104,1
14105,0
14106,0
14107,0
14108,0
14109,2
14110,1
14111,0
14112,1
14113,1
14114,2
14115,1
14116,1
14117,1
14118,2
14119,0
14120,1
14121,1
14122,0
14123,0
14124,0
14125,2
14126,0
14127,0
14128,2
14129,2
14130,2
14131,0
14132,1
14133,2
14134,1
14135,0
14136,0
14137,1
14138,0
14139,1
14140,0
14141,1
14142,0
14143,0
14144,2
14145,1
14146,1
14147,1
14148,1
14149,0
14150,2
14151,2
14152,2
14153,0
14154,1
14155,0
14156,1
14157,0
14158,2
14159,1
14160,1
14161,2
14162,0
14163,0
14164,1
14165,0
14166,1
14167,1
14168,0
14169,1
14170,1
14171,0
14172,1
14173,1
14174,0
14175,0
14176,0
14177,1
14178,0
14179,0
14180,1
14181,2
14182,0
14183,0
14184,1
14185,0
14186,1
14187,1
14188,0
14189,0
14190,2
14191,0
14192,0
14193,1
14194,1
14195,2
14196,0
14197,1
14198,2
14199,1
14200,1
14201,1
14202,1
14203,1
14204,0
14205,0
14206,1
14207,1
14208,1
14209,0
14210,2
14211,1
14212,0
14213,2
14214,0
14215,1
14216,0
14217,1
14218,1
14219,0
14220,1
14221,2
14222,1
14223,1
14224,0
14225,0
14226,0
14227,0
14228,2
14229,1
14230,1
14231,0
14232,0
14233,1
14234,1
14235,1
14236,1
14237,2
14238,0
14239,1
14240,2
14241,1
14242,0
14243,1
14244,2
14245,0
14246,0
14247,0
14248,0
14249,0
14250,1
14251,2
14252,1
14253,2
14254,0
14255,0
14256,0
14257,2
14258,2
14259,0
14260,2
14261,0
14262,0
14263,1
14264,0
14265,1
14266,0
14267,2
14268,1
14269,0
14270,1
14271,1
14272,1
14273,2
14274,1
14275,1
14276,2
14277,0
14278,0
14279,0
14280,2
14281,2
14282,2
14283,0
14284,1
14285,0
14286,1
14287,2
14288,1
14289,1
14290,2
14291,0
14292,0
14293,1
14294,0
14295,1
14296,1
14297,2
14298,1
14299,1
14300,1
14301,0
14302,0
14303,2
14304,1
14305,1
14306,1
14307,2
14308,2
14309,0
14310,2
14311,0
14312,0
14313,2
14314,1
14315,0
14316,0
14317,0
14318,0
14319,1
14320,0
14321,1
14322,0
14323,0
14324,0
14325,2
14326,2
14327,2
14328,2
14329,1
14330,1
14331,0
14332,2
14333,1
14334,0
14335,0
14336,0
14337,1
14338,2
14339,0
14340,0
14341,1
14342,1
14343,1
14344,0
14345,1
14346,0
14347,1
14348,0
14349,1
14350,1
14351,0
14352,0
14353,1
14354,1
14355,1
14356,1
14357,0
14358,1
14359,2
14360,1
14361,1
14362,1
14363,0
14364,0
14365,0
14366,0
14367,0
14368,1
14369,0
14370,0
14371,0
14372,1
14373,1
14374,2
14375,1
14376,0
14377,0
14378,0
14379,0
14380,1
14381,1
14382,0
14383,2
14384,0
14385,1
14386,2
14387,1
14388,1
14389,0
14390,1
14391,1
14392,1
14393,2
14394,0
14395,0
14396,0
14397,2
14398,0
14399,1
14400,1
14401,1
14402,0
14403,1
14404,1
14405,0
14406,1
14407,0
14408,0
14409,0
14410,1
14411,2
14412,1
14413,1
14414,2
14415,0
14416,1
14417,0
14418,1
14419,2
14420,1
14421,0
14422,2
14423,2
14424,1
14425,1
14426,2
14427,1
14428,0
14429,2
14430,0
14431,0
14432,0
14433,0
14434,2
14435,0
14436,0
14437,1
14438,1
14439,0
14440,0
14441,2
14442,1
14443,1
14444,0
14445,2
14446,1
14447,0
14448,0
14449,2
14450,2
14451,0
14452,1
14453,2
14454,1
14455,2
14456,1
14457,0
14458,2
14459,0
14460,0
14461,0
14462,1
14463,1
14464,0
14465,1
14466,0
14467,2
14468,0
14469,1
14470,0
14471,1
14472,1
14473,1
14474,0
14475,0
14476,2
14477,0
14478,1
14479,0
14480,0
14481,0
14482,0
14483,0
14484,0
14485,2
14486,0
14487,2
14488,0
14489,0
14490,0
14491,1
14492,2
14493,1
14494,2
14495,2
14496,2
14497,2
14498,2
14499,1
14500,1
14501,1
14502,2
14503,0
14504,1
14505,1
14506,1
14507,1
14508,0
14509,1
14510,0
14511,0
14512,1
14513,0
14514,0
14515,1
14516,0
14517,0
14518,1
14519,0
14520,0
14521,0
14522,2
14523,1
14524,2
14525,0
14526,1
14527,2
14528,0
14529,0
14530,0
14531,1
14532,1
14533,2
14534,0
14535,0
14536,1
14537,0
14538,0
14539,1
14540,2
14541,1
14542,1
14543,0
14544,2
14545,2
14546,2
14547,0
14548,2
14549,0
14550,1
14551,1
14552,1
14553,0
14554,1
14555,1
14556,0
14557,0
14558,1
14559,0
14560,1
14561,2
14562,0
14563,0
14564,2
14565,1
14566,0
14567,1
14568,2
14569,0
14570,1
14571,0
14572,0
14573,1
14574,0
14575,1
14576,0
14577,1
14578,1
14579,2
14580,0
14581,0
14582,1
14583,0
14584,2
14585,0
14586,0
14587,1
14588,1
14589,0
14590,0
14591,1
14592,1
14593,0
14594,0
14595,0
14596,0
14597,0
14598,2
14599,1
14600,1
14601,1
14602,0
14603,0
14604,1
14605,1
14606,2
14607,1
14608,0
14609,2
14610,0
14611,2
14612,0
14613,1
14614,2
14615,1
14616,2
14617,1
14618,1
14619,0
14620,1
14621,1
14622,2
14623,0
14624,1
14625,2
14626,0
14627,1
14628,2
14629,0
14630,1
14631,0
14632,1
14633,0
14634,0
14635,0
14636,0
14637,0
14638,1
14639,0
14640,1
14641,0
14642,2
14643,0
14644,0
14645,0
14646,0
14647,1
14648,0
14649,1
14650,1
14651,2
14652,1
14653,2
14654,0
14655,1
14656,0
14657,2
14658,0
14659,0
14660,1
14661,0
14662,1
14663,2
14664,0
14665,0
14666,1
14667,1
14668,2
14669,1
14670,0
14671,0
14672,1
14673,1
14674,0
14675,1
14676,2
14677,0
14678,2
14679,0
14680,1
14681,1
14682,0
14683,0
14684,0
14685,1
14686,2
14687,0
14688,2
14689,1
14690,2
14691,2
14692,2
14693,1
14694,1
14695,2
14696,0
14697,2
14698,1
14699,0
14700,2
14701,0
14702,2
14703,1
14704,1
14705,1
14706,0
14707,2
14708,1
14709,0
14710,1
14711,1
14712,1
14713,1
14714,0
14715,0
14716,0
14717,2
14718,0
14719,0
14720,0
14721,2
14722,0
14723,2
14724,1
14725,2
14726,2
14727,2
14728,1
14729,1
14730,1
14731,1
14732,0
14733,0
14734,0
14735,2
14736,0
14737,0
14738,0
14739,0
14740,1
14741,2
14742,2
14743,0
14744,0
14745,1
14746,0
14747,0
14748,1
14749,0
14750,2
14751,2
14752,2
14753,1
14754,1
14755,0
14756,0
14757,1
14758,2
14759,0
14760,1
14761,2
14762,0
14763,2
14764,2
14765,1
14766,0
14767,2
14768,0
14769,0
14770,0
14771,0
14772,1
14773,1
14774,0
14775,2
14776,2
14777,1
14778,0
14779,1
14780,0
14781,0
14782,1
14783,1
14784,2
14785,1
14786,2
14787,2
14788,1
14789,1
14790,2
14791,2
14792,0
14793,2
14794,1
14795,1
14796,1
14797,2
14798,2
14799,1
14800,1
14801,1
14802,2
14803,2
14804,0
14805,2
14806,0
14807,2
14808,2
14809,0
14810,1
14811,2
14812,0
14813,0
14814,0
14815,1
14816,1
14817,2
14818,2
14819,1
14820,1
14821,0
14822,0
14823,2
14824,1
14825,0
14826,0
14827,1
14828,1
14829,2
14830,1
14831,0
14832,0
14833,2
14834,2
14835,2
14836,0
14837,2
14838,1
14839,0
14840,1
14841,2
14842,1
14843,2
14844,0
14845,1
14846,1
14847,0
14848,2
14849,2
14850,0
14851,1
14852,1
14853,1
14854,2
14855,2
14856,1
14857,1
14858,0
14859,2
14860,0
14861,2
14862,0
14863,2
14864,1
14865,2
14866,0
14867,2
14868,1
14869,0
14870,1
14871,0
14872,2
14873,0
14874,2
14875,1
14876,1
14877,0
14878,2
14879,0
14880,0
14881,1
14882,0
14883,2
14884,0
14885,2
14886,1
14887,1
14888,0
14889,2
14890,0
14891,1
14892,2
14893,1
14894,0
14895,0
14896,2
14897,0
14898,1
14899,0
14900,0
14901,2
14902,0
14903,0
14904,1
14905,0
14906,0
14907,2
14908,1
14909,0
14910,2
14911,0
14912,2
14913,0
14914,1
14915,1
14916,0
14917,1
14918,2
14919,0
14920,1
14921,0
14922,1
14923,1
14924,0
14925,0
14926,1
14927,2
14928,1
14929,1
14930,2
14931,0
14932,1
14933,2
14934,0
14935,2
14936,2
14937,0
14938,1
14939,0
14940,2
14941,0
14942,0
14943,0
14944,2
14945,2
14946,1
14947,0
14948,2
14949,0
14950,1
14951,1
14952,0
14953,0
14954,0
14955,0
14956,1
14957,1
14958,1
14959,1
14960,0
14961,1
14962,1
14963,2
14964,1
14965,1
14966,0
14967,1
14968,2
14969,2
14970,0
14971,1
14972,0
14973,1
14974,0
14975,0
14976,0
14977,2
14978,2
14979,1
14980,0
14981,0
14982,0
14983,2
14984,2
14985,0
14986,0
14987,1
14988,0
14989,2
14990,2
14991,2
14992,0
14993,0
14994,0
14995,1
14996,0
14997,0
14998,2
14999,1
15000,2
15001,1
15002,2
15003,0
15004,1
15005,1
15006,1
15007,1
15008,0
15009,1
15010,0
15011,0
15012,1
15013,1
15014,1
15015,1
15016,0
15017,1
15018,1
15019,1
15020,1
15021,0
15022,1
15023,0
15024,0
15025,2
15026,2
15027,1
15028,0
15029,0
15030,0
15031,1
15032,0
15033,1
15034,0
15035,0
15036,2
15037,0
15038,1
15039,1
15040,0
15041,0
15042,0
15043,0
15044,0
15045,1
15046,2
15047,1
15048,0
15049,1
15050,1
15051,2
15052,2
15053,2
15054,1
15055,0
15056,1
15057,1
15058,1
15059,0
15060,2
15061,0
15062,2
15063,1
15064,1
15065,0
15066,2
15067,0
15068,1
15069,1
15070,1
15071,1
15072,1
15073,2
15074,0
15075,1
15076,1
15077,2
15078,1
15079,1
15080,2
15081,0
15082,1
15083,0
15084,0
15085,2
15086,1
15087,1
15088,0
15089,1
15090,2
15091,0
15092,1
15093,1
15094,2
15095,0
15096,1
15097,0
15098,1
15099,2
15100,1
15101,1
15102,1
15103,0
15104,0
15105,2
15106,0
15107,0
15108,2
15109,1
15110,1
15111,2
15112,1
15113,2
15114,1
15115,1
15116,0
15117,2
15118,1
15119,1
15120,1
15121,2
15122,0
15123,0
15124,0
15125,0
15126,0
15127,2
15128,1
15129,0
15130,2
15131,0
15132,0
15133,1
15134,2
15135,1
15136,0
15137,1
15138,0
15139,2
15140,2
15141,2
15142,0
15143,0
15144,0
15145,1
15146,0
15147,0
15148,2
15149,0
15150,0
15151,0
15152,2
15153,0
15154,0
15155,0
15156,2
15157,2
15158,2
15159,0
15160,0
15161,1
15162,1
15163,0
15164,1
15165,2
15166,2
15167,0
15168,1
15169,1
15170,1
15171,0
15172,2
15173,0
15174,0
15175,1
15176,0
15177,1
15178,2
15179,1
15180,0
15181,0
15182,2
15183,1
15184,1
15185,2
15186,2
15187,0
15188,0
15189,0
15190,0
15191,0
15192,0
15193,1
15194,0
15195,0
15196,2
15197,0
15198,0
15199,2
15200,1
15201,1
15202,1
15203,0
15204,2
15205,0
15206,0
15207,1
15208,2
15209,1
15210,0
15211,0
15212,0
15213,2
15214,1
15215,0
15216,0
15217,2
15218,0
15219,1
15220,0
15221,1
15222,1
15223,1
15224,2
15225,0
15226,0
15227,0
15228,1
15229,1
15230,1
15231,0
15232,2
15233,0
15234,2
15235,0
15236,1
15237,2
15238,0
15239,2
15240,0
15241,2
15242,0
15243,1
15244,0
15245,1
15246,0
15247,0
15248,1
15249,1
15250,1
15251,0
15252,0
15253,1
15254,1
15255,2
15256,1
15257,1
15258,2
15259,2
15260,1
15261,1
15262,1
15263,1
15264,2
15265,0
15266,1
15267,0
15268,0
15269,2
15270,1
15271,0
15272,1
15273,0
15274,1
15275,1
15276,0
15277,1
15278,2
15279,1
15280,1
15281,0
15282,2
15283,1
15284,1
15285,2
15286,0
15287,1
15288,1
15289,1
15290,1
15291,1
15292,0
15293,0
15294,2
15295,1
15296,2
15297,0
15298,1
15299,2
15300,0
15301,1
15302,1
15303,1
15304,1
15305,1
15306,2
15307,1
15308,2
15309,1
15310,2
15311,0
15312,2
15313,0
15314,1
15315,2
15316,1
15317,1
15318,0
15319,1
15320,1
15321,0
15322,1
15323,1
15324,1
15325,2
15326,1
15327,2
15328,2
15329,2
15330,2
15331,2
15332,2
15333,0
15334,0
15335,1
15336,0
15337,0
15338,2
15339,2
15340,0
15341,1
15342,0
15343,2
15344,1
15345,2
15346,2
15347,1
15348,0
15349,1
15350,0
15351,0
15352,0
15353,1
15354,1
15355,0
15356,1
15357,1
15358,1
15359,0
15360,2
15361,0
15362,0
15363,0
15364,0
15365,1
15366,0
15367,2
15368,2
15369,2
15370,0
15371,1
15372,1
15373,0
15374,1
15375,0
15376,0
15377,1
15378,1
15379,0
15380,0
15381,0
15382,0
15383,2
15384,2
15385,0
15386,0
15387,0
15388,2
15389,1
15390,0
15391,2
15392,1
15393,2
15394,1
15395,1
15396,1
15397,1
15398,1
15399,0
15400,0
15401,1
15402,1
15403,2
15404,2
15405,0
15406,0
15407,2
15408,1
15409,0
15410,2
15411,0
15412,0
15413,2
15414,1
15415,1
15416,1
15417,2
15418,0
15419,1
15420,1
15421,0
15422,1
15423,1
15424,1
15425,2
15426,1
15427,2
15428,1
15429,2
15430,1
15431,2
15432,0
15433,1
15434,2
15435,0
15436,1
15437,0
15438,1
15439,0
15440,1
15441,1
15442,0
15443,1
15444,2
15445,1
15446,2
15447,1
15448,1
15449,1
15450,1
15451,1
15452,2
15453,1
15454,0
15455,2
15456,1
15457,1
15458,2
15459,2
15460,0
15461,0
15462,0
15463,0
15464,1
15465,1
15466,0
15467,1
15468,2
15469,1
15470,1
15471,1
15472,1
15473,0
15474,0
15475,0
15476,1
15477,1
15478,0
15479,0
15480,1
15481,1
15482,0
15483,2
15484,2
15485,1
15486,2
15487,1
15488,1
15489,0
15490,0
15491,1
15492,1
15493,2
15494,0
15495,0
15496,1
15497,2
15498,2
15499,1
15500,1
15501,0
15502,1
15503,0
15504,1
15505,0
15506,1
15507,2
15508,0
15509,0
15510,2
15511,0
15512,2
15513,2
15514,0
15515,2
15516,0
15517,1
15518,2
15519,2
15520,0
15521,0
15522,2
15523,2
15524,1
15525,1
15526,1
15527,1
15528,0
15529,2
15530,0
15531,0
15532,2
15533,1
15534,2
15535,0
15536,0
15537,1
15538,1
15539,0
15540,0
15541,0
15542,0
15543,1
15544,1
15545,2
15546,1
15547,2
15548,0
15549,1
15550,0
15551,0
15552,0
15553,1
15554,1
15555,0
15556,0
15557,1
15558,1
15559,0
15560,1
15561,0
15562,0
15563,1
15564,1
15565,0
15566,2
15567,0
15568,0
15569,2
15570,1
15571,1
15572,0
15573,2
15574,0
15575,0
15576,2
15577,1
15578,0
15579,0
15580,0
15581,0
15582,2
15583,0
15584,1
15585,0
15586,0
15587,0
15588,0
15589,0
15590,2
15591,2
15592,1
15593,2
15594,1
15595,1
15596,0
15597,0
15598,0
15599,1
15600,2
15601,2
15602,1
15603,1
15604,0
15605,2
15606,0
15607,0
15608,0
15609,1
15610,1
15611,0
15612,1
15613,1
15614,2
15615,1
15616,1
15617,0
15618,0
15619,0
15620,2
15621,0
15622,2
15623,0
15624,1
15625,1
15626,1
15627,0
15628,0
15629,0
15630,2
15631,0
15632,1
15633,1
15634,2
15635,2
15636,0
15637,0
15638,1
15639,0
15640,0
15641,0
15642,1
15643,0
15644,0
15645,1
15646,1
15647,1
15648,1
15649,1
15650,1
15651,0
15652,1
15653,1
15654,0
15655,1
15656,0
15657,1
15658,1
15659,2
15660,0
15661,1
15662,1
15663,0
15664,2
15665,2
15666,0
15667,1
15668,0
15669,0
15670,0
15671,0
15672,1
15673,0
15674,1
15675,2
15676,1
15677,2
15678,0
15679,2
15680,0
15681,0
15682,1
15683,0
15684,0
15685,0
15686,0
15687,0
15688,2
15689,0
15690,0
15691,0
15692,0
15693,1
15694,1
15695,2
15696,0
15697,1
15698,0
15699,2
15700,1
15701,0
15702,2
15703,1
15704,0
15705,1
15706,0
15707,1
15708,1
15709,0
15710,0
15711,0
15712,1
15713,2
15714,0
15715,0
15716,1
15717,0
15718,1
15719,0
15720,2
15721,2
15722,0
15723,1
15724,0
15725,0
15726,0
15727,2
15728,1
15729,0
15730,2
15731,1
15732,2
15733,0
15734,1
15735,0
15736,0
15737,1
15738,0
15739,0
15740,1
15741,0
15742,1
15743,2
15744,0
15745,0
15746,0
15747,0
15748,2
15749,0
15750,0
15751,1
15752,0
15753,2
15754,0
15755,1
15756,2
15757,1
15758,0
15759,1
15760,1
15761,0
15762,0
15763,0
15764,0
15765,2
15766,1
15767,1
15768,2
15769,1
15770,1
15771,1
15772,1
15773,1
15774,0
15775,1
15776,1
15777,0
15778,0
15779,0
15780,1
15781,2
15782,0
15783,0
15784,1
15785,0
15786,0
15787,1
15788,1
15789,1
15790,2
15791,0
15792,0
15793,0
15794,0
15795,2
15796,1
15797,1
15798,0
15799,0
15800,0
15801,0
15802,0
15803,0
15804,0
15805,0
15806,0
15807,0
15808,0
15809,1
15810,0
15811,0
15812,2
15813,1
15814,1
15815,1
15816,2
15817,0
15818,1
15819,2
15820,1
15821,0
15822,2
15823,0
15824,1
15825,2
15826,2
15827,0
15828,0
15829,2
15830,0
15831,2
15832,0
15833,1
15834,1
15835,2
15836,1
15837,1
15838,2
15839,0
15840,0
15841,0
15842,2
15843,1
15844,1
15845,0
15846,0
15847,1
15848,1
15849,0
15850,1
15851,0
15852,0
15853,1
15854,2
15855,0
15856,0
15857,2
15858,1
15859,2
15860,1
15861,0
15862,1
15863,1
15864,2
15865,2
15866,1
15867,1
15868,1
15869,1
15870,0
15871,1
15872,1
15873,0
15874,0
15875,2
15876,0
15877,0
15878,2
15879,0
15880,0
15881,2
15882,1
15883,2
15884,2
15885,1
15886,1
15887,0
15888,0
15889,1
15890,1
15891,1
15892,1
15893,2
15894,1
15895,1
15896,1
15897,0
15898,2
15899,0
15900,1
15901,0
15902,1
15903,2
15904,1
15905,1
15906,1
15907,0
15908,0
15909,0
15910,0
15911,1
15912,2
15913,0
15914,1
15915,2
15916,2
15917,2
15918,0
15919,0
15920,0
15921,0
15922,0
15923,1
15924,0
15925,2
15926,0
15927,0
15928,0
15929,0
15930,0
15931,0
15932,1
15933,2
15934,0
15935,0
15936,0
15937,0
15938,2
15939,0
15940,1
15941,0
15942,1
15943,0
15944,2
15945,2
15946,1
15947,2
15948,0
15949,1
15950,0
15951,2
15952,0
15953,2
15954,0
15955,2
15956,0
15957,0
15958,1
15959,1
15960,0
15961,1
15962,0
15963,1
15964,0
15965,0
15966,0
15967,1
15968,2
15969,0
15970,0
15971,1
15972,0
15973,0
15974,0
15975,1
15976,2
15977,1
15978,1
15979,2
15980,0
15981,0
15982,0
15983,1
15984,0
15985,0
15986,2
15987,1
15988,1
15989,1
15990,1
15991,0
15992,1
15993,1
15994,1
15995,0
15996,0
15997,1
15998,2
15999,1
16000,0
16001,2
16002,1
16003,0
16004,2
16005,1
16006,1
16007,1
16008,1
16009,0
16010,1
16011,2
16012,2
16013,0
16014,0
16015,1
16016,1
16017,2
16018,0
16019,0
16020,1
16021,0
16022,1
16023,0
16024,2
16025,0
16026,0
16027,0
16028,0
16029,0
16030,1
16031,0
16032,1
16033,1
16034,0
16035,2
16036,0
16037,0
16038,2
16039,1
16040,0
16041,0
16042,1
16043,2
16044,1
16045,2
16046,0
16047,0
16048,1
16049,0
16050,1
16051,0
16052,0
16053,1
16054,1
16055,1
16056,2
16057,1
16058,2
16059,1
16060,1
16061,1
16062,2
16063,2
16064,1
16065,0
16066,2
16067,0
16068,0
16069,0
16070,2
16071,0
16072,1
16073,0
16074,2
16075,0
16076,0
16077,2
16078,2
16079,0
16080,1
16081,0
16082,1
16083,0
16084,0
16085,0
16086,1
16087,0
16088,1
16089,0
16090,0
16091,2
16092,2
16093,1
16094,1
16095,2
16096,0
16097,1
16098,0
16099,1
16100,1
16101,2
16102,2
16103,2
16104,0
16105,1
16106,2
16107,0
16108,1
16109,1
16110,0
16111,0
16112,0
16113,2
16114,2
16115,0
16116,1
16117,1
16118,0
16119,1
16120,0
16121,2
16122,0
16123,1
16124,2
16125,2
16126,0
16127,1
16128,1
16129,0
16130,0
16131,1
16132,0
16133,1
16134,2
16135,1
16136,0
16137,0
16138,0
16139,2
16140,0
16141,1
16142,1
16143,0
16144,1
16145,0
16146,1
16147,2
16148,2
16149,1
16150,1
16151,1
16152,1
16153,0
16154,1
16155,1
16156,2
16157,0
16158,1
16159,0
16160,0
16161,2
16162,0
16163,0
16164,0
16165,0
16166,2
16167,0
16168,2
16169,2
16170,1
16171,2
16172,1
16173,1
16174,0
16175,0
16176,0
16177,2
16178,0
16179,0
16180,0
16181,2
16182,0
16183,0
16184,0
16185,0
16186,0
16187,0
16188,0
16189,0
16190,1
16191,0
16192,0
16193,1
16194,2
16195,1
16196,1
16197,2
16198,1
16199,0
16200,2
16201,1
16202,0
16203,0
16204,0
16205,1
16206,2
16207,2
16208,0
16209,0
16210,1
16211,2
16212,2
16213,1
16214,2
16215,0
16216,0
16217,1
16218,2
16219,2
16220,2
16221,1
16222,0
16223,1
16224,0
16225,0
16226,2
16227,1
16228,0
16229,1
16230,1
16231,2
16232,0
16233,0
16234,0
16235,0
16236,1
16237,2
16238,0
16239,0
16240,2
16241,0
16242,1
16243,2
16244,0
16245,0
16246,0
16247,1
16248,1
16249,0
16250,1
16251,2
16252,2
16253,2
16254,2
16255,0
16256,1
16257,0
16258,2
16259,2
16260,0
16261,0
16262,0
16263,2
16264,2
16265,0
16266,2
16267,0
16268,0
16269,1
16270,0
16271,1
16272,0
16273,0
16274,1
16275,2
16276,1
16277,0
16278,0
16279,0
16280,0
16281,2
16282,2
16283,1
16284,2
16285,1
16286,1
16287,1
16288,2
16289,1
16290,0
16291,0
16292,2
16293,2
16294,0
16295,1
16296,0
16297,2
16298,0
16299,2
16300,1
16301,2
16302,0
16303,2
16304,0
16305,0
16306,2
16307,0
16308,0
16309,2
16310,1
16311,1
16312,2
16313,1
16314,1
16315,0
16316,0
16317,1
16318,0
16319,1
16320,0
16321,0
16322,0
16323,0
16324,0
16325,0
16326,2
16327,0
16328,0
16329,1
16330,0
16331,2
16332,0
16333,2
16334,2
16335,0
16336,0
16337,2
16338,0
16339,2
16340,1
16341,1
16342,1
16343,1
16344,1
16345,2
16346,0
16347,0
16348,0
16349,0
16350,0
16351,2
16352,2
16353,1
16354,0
16355,2
16356,1
16357,1
16358,2
16359,1
16360,1
16361,1
16362,1
16363,2
16364,0
16365,0
16366,1
16367,0
16368,0
16369,2
16370,1
16371,1
16372,2
16373,2
16374,2
16375,0
16376,1
16377,0
16378,2
16379,1
16380,1
16381,1
16382,2
16383,1
16384,0
16385,1
16386,0
16387,0
16388,2
16389,0
16390,2
16391,0
16392,1
16393,0
16394,2
16395,1
16396,1
16397,0
16398,1
16399,1
16400,0
16401,1
16402,1
16403,2
16404,1
16405,0
16406,0
16407,0
16408,0
16409,1
16410,0
16411,1
16412,2
16413,0
16414,0
16415,1
16416,1
16417,1
16418,2
16419,1
16420,0
16421,1
16422,2
16423,1
16424,0
16425,2
16426,2
16427,0
16428,2
16429,1
16430,1
16431,2
16432,2
16433,2
16434,0
16435,0
16436,0
16437,2
16438,1
16439,1
16440,0
16441,1
16442,2
16443,2
16444,0
16445,0
16446,0
16447,1
16448,0
16449,0
16450,1
16451,1
16452,1
16453,2
16454,0
16455,1
16456,1
16457,0
16458,2
16459,0
16460,0
16461,2
16462,1
16463,0
16464,1
16465,0
16466,0
16467,1
16468,2
16469,0
16470,0
16471,1
16472,1
16473,0
16474,0
16475,2
16476,2
16477,1
16478,1
16479,2
16480,0
16481,0
16482,2
16483,0
16484,0
16485,1
16486,0
16487,2
16488,2
16489,0
16490,1
16491,0
16492,0
16493,0
16494,2
16495,0
16496,2
16497,0
16498,2
16499,0
16500,0
16501,0
16502,0
16503,1
16504,1
16505,0
16506,2
16507,1
16508,0
16509,0
16510,2
16511,0
16512,2
16513,1
16514,0
16515,1
16516,1
16517,0
16518,1
16519,2
16520,0
16521,0
16522,0
16523,2
16524,1
16525,1
16526,0
16527,1
16528,1
16529,1
16530,0
16531,1
16532,0
16533,1
16534,0
16535,1
16536,0
16537,1
16538,0
16539,2
16540,1
16541,1
16542,2
16543,0
16544,1
16545,1
16546,2
16547,2
16548,2
16549,0
16550,0
16551,1
16552,0
16553,2
16554,1
16555,0
16556,0
16557,0
16558,1
16559,0
16560,1
16561,1
16562,0
16563,0
16564,2
16565,2
16566,1
16567,0
16568,1
16569,1
16570,1
16571,1
16572,0
16573,0
16574,1
16575,0
16576,0
16577,2
16578,0
16579,2
16580,0
16581,1
16582,2
16583,2
16584,0
16585,1
16586,1
16587,0
16588,0
16589,0
16590,1
16591,0
16592,1
16593,0
16594,2
16595,2
16596,2
16597,0
16598,0
16599,0
16600,2
16601,1
16602,1
16603,1
16604,1
16605,0
16606,1
16607,0
16608,0
16609,0
16610,0
16611,2
16612,1
16613,1
16614,0
16615,0
16616,0
16617,0
16618,0
16619,2
16620,0
16621,1
16622,0
16623,0
16624,0
16625,1
16626,1
16627,1
16628,1
16629,1
16630,2
16631,1
16632,2
16633,0
16634,2
16635,2
16636,1
16637,0
16638,1
16639,2
16640,0
16641,1
16642,1
16643,1
16644,0
16645,2
16646,1
16647,0
16648,0
16649,2
16650,2
16651,1
16652,0
16653,0
16654,0
16655,1
16656,1
16657,0
16658,1
16659,1
16660,0
16661,0
16662,1
16663,1
16664,1
16665,1
16666,0
16667,1
16668,2
16669,2
16670,0
16671,1
16672,0
16673,2
16674,1
16675,1
16676,0
16677,0
16678,1
16679,0
16680,0
16681,0
16682,1
16683,0
16684,2
16685,0
16686,1
16687,1
16688,1
16689,1
16690,0
16691,0
16692,0
16693,1
16694,0
16695,1
16696,0
16697,1
16698,1
16699,1
16700,0
16701,2
16702,1
16703,2
16704,1
16705,1
16706,1
16707,0
16708,0
16709,1
16710,0
16711,2
16712,2
16713,0
16714,0
16715,2
16716,1
16717,0
16718,1
16719,0
16720,2
16721,1
16722,2
16723,1
16724,2
16725,1
16726,1
16727,0
16728,0
16729,1
16730,2
16731,0
16732,0
16733,1
16734,0
16735,2
16736,0
16737,0
16738,0
16739,2
16740,1
16741,1
16742,0
16743,0
16744,0
16745,1
16746,2
16747,0
16748,1
16749,0
16750,2
16751,1
16752,0
16753,1
16754,1
16755,2
16756,1
16757,1
16758,0
16759,2
16760,0
16761,1
16762,1
16763,1
16764,0
16765,0
16766,2
16767,2
16768,0
16769,2
16770,1
16771,1
16772,0
16773,0
16774,1
16775,1
16776,2
16777,0
16778,1
16779,0
16780,1
16781,1
16782,1
16783,0
16784,1
16785,0
16786,2
16787,1
16788,1
16789,0
16790,1
16791,0
16792,1
16793,0
16794,2
16795,2
16796,0
16797,1
16798,0
16799,1
16800,1
16801,1
16802,2
16803,2
16804,1
16805,1
16806,2
16807,0
16808,1
16809,1
16810,2
16811,2
16812,2
16813,2
16814,1
16815,1
16816,0
16817,0
16818,1
16819,1
16820,0
16821,1
16822,1
16823,1
16824,0
16825,2
16826,0
16827,1
16828,1
16829,0
16830,2
16831,2
16832,2
16833,0
16834,0
16835,1
16836,0
16837,1
16838,2
16839,0
16840,2
16841,2
16842,1
16843,1
16844,1
16845,2
16846,0
16847,0
16848,0
16849,2
16850,1
16851,0
16852,0
16853,0
16854,0
16855,0
16856,0
16857,0
16858,1
16859,1
16860,0
16861,2
16862,0
16863,1
16864,0
16865,1
16866,0
16867,0
16868,1
16869,2
16870,0
16871,0
16872,0
16873,0
16874,0
16875,2
16876,1
16877,1
16878,2
16879,0
16880,0
16881,0
16882,0
16883,0
16884,0
16885,0
16886,0
16887,0
16888,0
16889,1
16890,1
16891,2
16892,2
16893,2
16894,0
16895,0
16896,0
16897,0
16898,0
16899,2
16900,0
16901,1
16902,0
16903,1
16904,1
16905,1
16906,0
16907,0
16908,0
16909,0
16910,0
16911,0
16912,0
16913,1
16914,0
16915,2
16916,0
16917,0
16918,0
16919,0
16920,1
16921,1
16922,0
16923,0
16924,2
16925,0
16926,0
16927,0
16928,1
16929,0
16930,1
16931,2
16932,1
16933,0
16934,1
16935,1
16936,0
16937,0
16938,0
16939,1
16940,1
16941,1
16942,2
16943,2
16944,1
16945,0
16946,0
16947,2
16948,0
16949,1
16950,1
16951,1
16952,2
16953,2
16954,1
16955,1
16956,2
16957,0
16958,0
16959,0
16960,1
16961,0
16962,0
16963,0
16964,1
16965,1
16966,1
16967,2
16968,2
16969,0
16970,1
16971,2
16972,0
16973,2
16974,0
16975,2
16976,0
16977,0
16978,2
16979,0
16980,1
16981,0
16982,0
16983,1
16984,1
16985,0
16986,0
16987,0
16988,1
16989,0
16990,2
16991,2
16992,0
16993,0
16994,0
16995,0
16996,0
16997,2
16998,0
16999,0
17000,1
17001,1
17002,2
17003,1
17004,0
17005,0
17006,2
17007,0
17008,2
17009,1
17010,1
17011,1
17012,0
17013,0
17014,0
17015,1
17016,1
17017,0
17018,0
17019,0
17020,0
17021,2
17022,1
17023,0
17024,1
17025,0
17026,1
17027,0
17028,0
17029,2
17030,0
17031,0
17032,1
17033,1
17034,1
17035,2
17036,0
17037,1
17038,0
17039,0
17040,2
17041,0
17042,0
17043,0
17044,0
17045,2
17046,0
17047,1
17048,1
17049,2
17050,0
17051,0
17052,0
17053,0
17054,0
17055,1
17056,2
17057,0
17058,0
17059,0
17060,0
17061,1
17062,1
17063,2
17064,1
17065,0
17066,1
17067,0
17068,2
17069,1
17070,1
17071,1
17072,0
17073,2
17074,0
17075,0
17076,1
17077,0
17078,0
17079,2
17080,0
17081,0
17082,1
17083,2
17084,1
17085,0
17086,0
17087,0
17088,0
17089,0
17090,0
17091,2
17092,1
17093,2
17094,0
17095,0
17096,1
17097,1
17098,2
17099,1
17100,2
17101,0
17102,1
17103,2
17104,1
17105,1
17106,0
17107,2
17108,0
17109,1
17110,0
17111,1
17112,2
17113,1
17114,1
17115,0
17116,1
17117,0
17118,1
17119,0
17120,1
17121,0
17122,1
17123,1
17124,0
17125,1
17126,1
17127,2
17128,0
17129,1
17130,0
17131,0
17132,0
17133,0
17134,0
17135,0
17136,1
17137,0
17138,0
17139,2
17140,0
17141,1
17142,0
17143,0
17144,0
17145,2
17146,2
17147,0
17148,2
17149,0
17150,2
17151,0
17152,0
17153,2
17154,0
17155,1
17156,2
17157,0
17158,0
17159,2
17160,0
17161,1
17162,2
17163,0
17164,0
17165,0
17166,0
17167,1
17168,1
17169,0
17170,2
17171,0
17172,0
17173,1
17174,2
17175,0
17176,1
17177,0
17178,0
17179,1
17180,2
17181,1
17182,2
17183,0
17184,2
17185,0
17186,1
17187,0
17188,0
17189,1
17190,1
17191,0
17192,0
17193,0
17194,1
17195,2
17196,2
17197,2
17198,2
17199,1
17200,1
17201,2
17202,1
17203,1
17204,1
17205,2
17206,1
17207,0
17208,2
17209,1
17210,1
17211,2
17212,0
17213,2
17214,1
17215,0
17216,0
17217,0
17218,1
17219,0
17220,1
17221,2
17222,2
17223,1
17224,1
17225,0
17226,1
17227,0
17228,2
17229,2
17230,1
17231,2
17232,2
17233,0
17234,0
17235,1
17236,1
17237,1
17238,0
17239,1
17240,0
17241,0
17242,1
17243,0
17244,1
17245,2
17246,1
17247,0
17248,0
17249,2
17250,2
17251,0
17252,0
17253,1
17254,0
17255,0
17256,0
17257,1
17258,2
17259,0
17260,1
17261,1
17262,1
17263,1
17264,0
17265,0
17266,0
17267,1
17268,2
17269,1
17270,0
17271,1
17272,1
17273,0
17274,1
17275,1
17276,0
17277,2
17278,0
17279,1
17280,0
17281,0
17282,2
17283,1
17284,1
17285,2
17286,1
17287,2
17288,0
17289,0
17290,0
17291,0
17292,0
17293,2
17294,2
17295,0
17296,2
17297,0
17298,0
17299,1
17300,0
17301,1
17302,1
17303,1
17304,1
17305,1
17306,0
17307,2
17308,1
17309,0
17310,0
17311,0
17312,0
17313,1
17314,1
17315,1
17316,0
17317,1
17318,1
17319,1
17320,2
17321,2
17322,0
17323,0
17324,2
17325,0
17326,1
17327,1
17328,2
17329,2
17330,0
17331,2
17332,0
17333,0
17334,0
17335,1
17336,1
17337,1
17338,0
17339,2
17340,2
17341,0
17342,0
17343,0
17344,1
17345,1
17346,2
17347,0
17348,2
17349,2
17350,0
17351,0
17352,1
17353,2
17354,0
17355,1
17356,2
17357,2
17358,1
17359,1
17360,0
17361,0
17362,0
17363,0
17364,1
17365,1
17366,1
17367,1
17368,2
17369,0
17370,0
17371,2
17372,1
17373,1
17374,1
17375,2
17376,1
17377,1
17378,0
17379,0
17380,0
17381,1
17382,0
17383,2
17384,0
17385,2
17386,1
17387,1
17388,1
17389,0
17390,2
17391,1
17392,0
17393,2
17394,1
17395,1
17396,1
17397,1
17398,0
17399,0
17400,0
17401,0
17402,1
17403,0
17404,2
17405,0
17406,1
17407,2
17408,1
17409,1
17410,1
17411,0
17412,0
17413,0
17414,1
17415,1
17416,1
17417,1
17418,2
17419,1
17420,0
17421,0
17422,0
17423,2
17424,1
17425,2
17426,0
17427,1
17428,0
17429,2
17430,1
17431,0
17432,1
17433,1
17434,1
17435,0
17436,1
17437,2
17438,0
17439,0
17440,1
17441,0
17442,0
17443,1
17444,0
17445,1
17446,0
17447,0
17448,1
17449,0
17450,0
17451,0
17452,2
17453,2
17454,0
17455,0
17456,0
17457,2
17458,1
17459,0
17460,1
17461,2
17462,2
17463,2
17464,2
17465,0
17466,0
17467,0
17468,0
17469,0
17470,1
17471,1
17472,0
17473,1
17474,2
17475,0
17476,1
17477,2
17478,1
17479,1
17480,2
17481,0
17482,2
17483,0
17484,1
17485,1
17486,1
17487,1
17488,2
17489,0
17490,0
17491,2
17492,0
17493,0
17494,0
17495,1
17496,2
17497,2
17498,0
17499,0
17500,1
17501,0
17502,0
17503,1
17504,1
17505,2
17506,1
17507,0
17508,1
17509,0
17510,2
17511,1
17512,0
17513,1
17514,2
17515,0
17516,2
17517,0
17518,1
17519,2
17520,1
17521,1
17522,2
17523,2
17524,0
17525,2
17526,2
17527,0
17528,1
17529,1
17530,2
17531,0
17532,2
17533,1
17534,1
17535,0
17536,0
17537,0
17538,1
17539,1
17540,0
17541,2
17542,0
17543,2
17544,1
17545,1
17546,1
17547,0
17548,1
17549,2
17550,0
17551,0
17552,0
17553,0
17554,1
17555,0
17556,0
17557,2
17558,0
17559,2
17560,1
17561,1
17562,0
17563,2
17564,0
17565,1
17566,0
17567,2
17568,0
17569,0
17570,0
17571,0
17572,0
17573,2
17574,0
17575,0
17576,1
17577,0
17578,1
17579,1
17580,0
17581,0
17582,2
17583,1
17584,1
17585,1
17586,2
17587,1
17588,1
17589,0
17590,2
17591,2
17592,2
17593,1
17594,2
17595,2
17596,0
17597,0
17598,1
17599,0
17600,0
17601,0
17602,0
17603,0
17604,0
17605,2
17606,1
17607,2
17608,1
17609,1
17610,0
17611,1
17612,0
17613,1
17614,1
17615,1
17616,1
17617,1
17618,2
17619,0
17620,1
17621,0
17622,0
17623,1
17624,1
17625,1
17626,1
17627,2
17628,2
17629,1
17630,0
17631,2
17632,1
17633,1
17634,0
17635,0
17636,2
17637,0
17638,2
17639,2
17640,2
17641,0
17642,2
17643,1
17644,2
17645,2
17646,1
17647,1
17648,1
17649,0
17650,0
17651,2
17652,2
17653,0
17654,1
17655,0
17656,1
17657,1
17658,0
17659,2
17660,0
17661,1
17662,1
17663,0
17664,0
17665,1
17666,0
17667,0
17668,1
17669,0
17670,2
17671,0
17672,0
17673,2
17674,0
17675,0
17676,0
17677,0
17678,0
17679,0
17680,1
17681,0
17682,0
17683,1
17684,0
17685,0
17686,1
17687,0
17688,0
17689,0
17690,0
17691,2
17692,0
17693,2
17694,0
17695,0
17696,2
17697,1
17698,0
17699,0
17700,2
17701,0
17702,2
17703,1
17704,0
17705,1
17706,2
17707,0
17708,1
17709,1
17710,2
17711,2
17712,0
17713,0
17714,0
17715,0
17716,1
17717,1
17718,1
17719,0
17720,0
17721,1
17722,0
17723,2
17724,0
17725,0
17726,0
17727,0
17728,0
17729,1
17730,2
17731,1
17732,2
17733,0
17734,1
17735,2
17736,0
17737,1
17738,2
17739,0
17740,0
17741,0
17742,0
17743,1
17744,2
17745,0
17746,1
17747,2
17748,1
17749,0
17750,1
17751,1
17752,1
17753,0
17754,1
17755,2
17756,1
17757,0
17758,1
17759,1
17760,1
17761,0
17762,1
17763,1
17764,1
17765,2
17766,0
17767,1
17768,0
17769,1
17770,1
17771,1
17772,0
17773,0
17774,0
17775,0
17776,1
17777,1
17778,1
17779,0
17780,0
17781,0
17782,1
17783,2
17784,0
17785,2
17786,0
17787,0
17788,2
17789,1
17790,1
17791,2
17792,1
17793,0
17794,2
17795,1
17796,2
17797,0
17798,1
17799,0
17800,1
17801,1
17802,1
17803,0
17804,1
17805,2
17806,0
17807,0
17808,2
17809,0
17810,1
17811,0
17812,1
17813,0
17814,1
17815,2
17816,0
17817,1
17818,0
17819,0
17820,0
17821,1
17822,1
17823,2
17824,1
17825,0
17826,2
17827,1
17828,0
17829,0
17830,1
17831,0
17832,0
17833,0
17834,0
17835,0
17836,0
17837,1
17838,1
17839,0
17840,0
17841,0
17842,2
17843,0
17844,1
17845,0
17846,1
17847,2
17848,1
17849,2
17850,0
17851,2
17852,1
17853,2
17854,2
17855,1
17856,1
17857,0
17858,0
17859,1
17860,2
17861,1
17862,1
17863,2
17864,0
17865,0
17866,2
17867,2
17868,0
17869,0
17870,2
17871,2
17872,2
17873,1
17874,1
17875,0
17876,0
17877,0
17878,2
17879,1
17880,1
17881,1
17882,0
17883,1
17884,2
17885,0
17886,1
17887,1
17888,1
17889,2
17890,2
17891,1
17892,0
17893,0
17894,1
17895,0
17896,1
17897,0
17898,2
17899,0
17900,0
17901,1
17902,0
17903,2
17904,0
17905,0
17906,0
17907,0
17908,0
17909,0
17910,0
17911,0
17912,2
17913,1
17914,2
17915,2
17916,0
17917,0
17918,0
17919,0
17920,0
17921,1
17922,2
17923,2
17924,0
17925,0
17926,0
17927,0
17928,2
17929,1
17930,2
17931,0
17932,0
17933,0
17934,0
17935,0
17936,1
17937,1
17938,0
17939,0
17940,0
17941,0
17942,0
17943,0
17944,0
17945,2
17946,2
17947,1
17948,2
17949,1
17950,0
17951,0
17952,0
17953,2
17954,1
17955,1
17956,0
17957,0
17958,0
17959,2
17960,1
17961,0
17962,2
17963,2
17964,0
17965,2
17966,0
17967,1
17968,1
17969,0
17970,2
17971,0
17972,0
17973,0
17974,2
17975,0
17976,1
17977,2
17978,1
17979,1
17980,2
17981,1
17982,0
17983,0
17984,2
17985,1
17986,1
17987,1
17988,0
17989,1
17990,1
17991,1
17992,0
17993,1
17994,0
17995,0
17996,2
17997,1
17998,1
17999,1
18000,1
18001,1
18002,0
18003,0
18004,1
18005,1
18006,0
18007,1
18008,1
18009,0
18010,2
18011,0
18012,1
18013,2
18014,1
18015,0
18016,1
18017,0
18018,0
18019,0
18020,2
18021,0
18022,1
18023,2
18024,0
18025,1
18026,1
18027,0
18028,2
18029,1
18030,1
18031,2
18032,2
18033,1
18034,0
18035,2
18036,1
18037,0
18038,1
18039,2
18040,2
18041,0
18042,0
18043,2
18044,1
18045,0
18046,0
18047,2
18048,1
18049,1
18050,2
18051,0
18052,0
18053,1
18054,2
18055,2
18056,1
18057,0
18058,0
18059,0
18060,0
18061,0
18062,1
18063,2
18064,0
18065,2
18066,1
18067,1
18068,0
18069,1
18070,1
18071,0
18072,0
18073,0
18074,2
18075,1
18076,2
18077,1
18078,1
18079,1
18080,1
18081,0
18082,2
18083,0
18084,0
18085,0
18086,0
18087,0
18088,0
18089,1
18090,0
18091,0
18092,0
18093,2
18094,0
18095,1
18096,1
18097,0
18098,0
18099,0
18100,0
18101,2
18102,1
18103,1
18104,0
18105,0
18106,2
18107,1
18108,2
18109,0
18110,1
18111,2
18112,1
18113,2
18114,2
18115,0
18116,2
18117,0
18118,0
18119,0
18120,0
18121,0
18122,0
18123,0
18124,0
18125,0
18126,1
18127,1
18128,1
18129,1
18130,2
18131,0
18132,0
18133,0
18134,1
18135,0
18136,1
18137,2
18138,0
18139,2
18140,0
18141,1
18142,2
18143,2
18144,0
18145,0
18146,1
18147,0
18148,2
18149,1
18150,0
18151,1
18152,2
18153,1
18154,2
18155,2
18156,2
18157,0
18158,1
18159,0
18160,0
18161,0
18162,1
18163,1
18164,2
18165,1
18166,1
18167,1
18168,0
18169,1
18170,1
18171,1
18172,0
18173,2
18174,0
18175,0
18176,0
18177,0
18178,0
18179,2
18180,1
18181,2
18182,2
18183,0
18184,0
18185,0
18186,2
18187,0
18188,1
18189,2
18190,0
18191,0
18192,0
18193,2
18194,2
18195,1
18196,1
18197,0
18198,1
18199,2
18200,0
18201,0
18202,1
18203,1
18204,0
18205,0
18206,1
18207,2
18208,2
18209,1
18210,0
18211,0
18212,1
18213,0
18214,0
18215,0
18216,0
18217,0
18218,0
18219,1
18220,1
18221,2
18222,1
18223,0
18224,1
18225,2
18226,2
18227,0
18228,2
18229,1
18230,0
18231,0
18232,0
18233,0
18234,2
18235,2
18236,0
18237,1
18238,0
18239,0
18240,2
18241,1
18242,1
18243,0
18244,2
18245,2
18246,0
18247,2
18248,0
18249,0
18250,0
18251,0
18252,0
18253,2
18254,1
18255,0
18256,2
18257,2
18258,2
18259,0
18260,0
18261,2
18262,0
18263,0
18264,0
18265,0
18266,1
18267,0
18268,2
18269,2
18270,0
18271,1
18272,1
18273,0
18274,0
18275,1
18276,2
18277,0
18278,0
18279,1
18280,1
18281,0
18282,0
18283,0
18284,1
18285,1
18286,1
18287,0
18288,2
18289,2
18290,0
18291,2
18292,1
18293,0
18294,2
18295,2
18296,1
18297,1
18298,0
18299,2
18300,1
18301,0
18302,1
18303,0
18304,2
18305,2
18306,0
18307,0
18308,1
18309,2
18310,0
18311,2
18312,1
18313,0
18314,2
18315,0
18316,1
18317,0
18318,1
18319,2
18320,2
18321,2
18322,2
18323,0
18324,1
18325,2
18326,0
18327,2
18328,2
18329,1
18330,2
18331,0
18332,2
18333,0
18334,0
18335,2
18336,1
18337,1
18338,0
18339,0
18340,2
18341,0
18342,0
18343,2
18344,1
18345,2
18346,0
18347,0
18348,0
18349,1
18350,0
18351,0
18352,0
18353,2
18354,1
18355,1
18356,0
18357,1
18358,1
18359,1
18360,1
18361,0
18362,0
18363,2
18364,1
18365,2
18366,2
18367,2
18368,1
18369,2
18370,1
18371,1
18372,2
18373,0
18374,0
18375,1
18376,0
18377,0
18378,1
18379,0
18380,2
18381,0
18382,1
18383,0
18384,0
18385,1
18386,1
18387,1
18388,0
18389,1
18390,1
18391,1
18392,1
18393,0
18394,2
18395,1
18396,2
18397,0
18398,0
18399,1
18400,0
18401,0
18402,0
18403,2
18404,0
18405,1
18406,2
18407,0
18408,0
18409,2
18410,0
18411,1
18412,1
18413,1
18414,0
18415,0
18416,0
18417,2
18418,1
18419,2
18420,0
18421,0
18422,1
18423,0
18424,2
18425,0
18426,0
18427,0
18428,0
18429,1
18430,2
18431,2
18432,0
18433,1
18434,0
18435,1
18436,1
18437,0
18438,0
18439,2
18440,2
18441,1
18442,0
18443,0
18444,1
18445,0
18446,0
18447,1
18448,1
18449,1
18450,2
18451,0
18452,0
18453,2
18454,1
18455,1
18456,1
18457,0
18458,0
18459,1
18460,0
18461,1
18462,2
18463,1
18464,1
18465,1
18466,2
18467,1
18468,1
18469,2
18470,0
18471,1
18472,1
18473,0
18474,0
18475,1
18476,2
18477,1
18478,0
18479,1
18480,0
18481,0
18482,0
18483,2
18484,1
18485,1
18486,0
18487,0
18488,1
18489,0
18490,1
18491,0
18492,1
18493,2
18494,2
18495,1
18496,1
18497,1
18498,2
18499,1
18500,1
18501,1
18502,0
18503,2
18504,0
18505,0
18506,1
18507,1
18508,0
18509,1
18510,0
18511,1
18512,2
18513,1
18514,1
18515,1
18516,1
18517,2
18518,0
18519,0
18520,2
18521,0
18522,0
18523,1
18524,0
18525,2
18526,1
18527,0
18528,2
18529,0
18530,2
18531,2
18532,0
18533,2
18534,2
18535,0
18536,0
18537,2
18538,1
18539,0
18540,0
18541,1
18542,0
18543,0
18544,0
18545,0
18546,2
18547,1
18548,2
18549,0
18550,1
18551,1
18552,1
18553,1
18554,0
18555,0
18556,2
18557,0
18558,1
18559,0
18560,1
18561,0
18562,0
18563,1
18564,0
18565,1
18566,2
18567,0
18568,0
18569,2
18570,2
18571,2
18572,0
18573,1
18574,0
18575,0
18576,0
18577,1
18578,2
18579,0
18580,0
18581,0
18582,2
18583,1
18584,1
18585,1
18586,0
18587,2
18588,1
18589,1
18590,1
18591,2
18592,2
18593,1
18594,0
18595,1
18596,0
18597,0
18598,1
18599,0
18600,0
18601,1
18602,0
18603,0
18604,2
18605,1
18606,0
18607,0
18608,2
18609,2
18610,0
18611,1
18612,2
18613,0
18614,0
18615,1
18616,2
18617,1
18618,1
18619,0
18620,1
18621,2
18622,0
18623,0
18624,1
18625,0
18626,1
18627,2
18628,0
18629,0
18630,1
18631,2
18632,1
18633,0
18634,0
18635,1
18636,1
18637,1
18638,1
18639,1
18640,0
18641,1
18642,1
18643,1
18644,1
18645,0
18646,2
18647,0
18648,2
18649,2
18650,1
18651,2
18652,0
18653,0
18654,0
18655,1
18656,1
18657,2
18658,2
18659,1
18660,0
18661,0
18662,2
18663,1
18664,1
18665,2
18666,0
18667,0
18668,1
18669,0
18670,1
18671,2
18672,0
18673,2
18674,1
18675,1
18676,1
18677,2
18678,1
18679,2
18680,1
18681,0
18682,2
18683,0
18684,0
18685,0
18686,0
18687,0
18688,0
18689,0
18690,1
18691,2
18692,0
18693,1
18694,1
18695,1
18696,2
18697,1
18698,1
18699,0
18700,1
18701,2
18702,1
18703,0
18704,2
18705,1
18706,0
18707,2
18708,0
18709,0
18710,2
18711,1
18712,0
18713,0
18714,0
18715,0
18716,0
18717,2
18718,0
18719,0
18720,0
18721,0
18722,0
18723,0
18724,0
18725,0
18726,1
18727,1
18728,0
18729,1
18730,0
18731,0
18732,0
18733,1
18734,0
18735,0
18736,0
18737,1
18738,2
18739,0
18740,2
18741,1
18742,1
18743,0
18744,0
18745,1
18746,0
18747,2
18748,1
18749,2
18750,0
18751,0
18752,0
18753,0
18754,0
18755,2
18756,2
18757,1
18758,2
18759,0
18760,0
18761,0
18762,2
18763,0
18764,0
18765,0
18766,0
18767,0
18768,1
18769,1
18770,1
18771,1
18772,0
18773,2
18774,1
18775,0
18776,1
18777,1
18778,0
18779,0
18780,1
18781,2
18782,2
18783,1
18784,0
18785,0
18786,2
18787,1
18788,0
18789,0
18790,2
18791,2
18792,1
18793,0
18794,2
18795,0
18796,0
18797,0
18798,0
18799,2
18800,0
18801,2
18802,0
18803,1
18804,1
18805,2
18806,0
18807,0
18808,2
18809,0
18810,0
18811,0
18812,1
18813,0
18814,1
18815,0
18816,0
18817,1
18818,0
18819,0
18820,2
18821,1
18822,2
18823,1
18824,1
18825,1
18826,2
18827,1
18828,0
18829,1
18830,0
18831,1
18832,1
18833,2
18834,1
18835,0
18836,2
18837,1
18838,2
18839,1
18840,1
18841,0
18842,0
18843,0
18844,0
18845,2
18846,1
18847,2
18848,0
18849,1
18850,0
18851,0
18852,0
18853,2
18854,1
18855,2
18856,1
18857,1
18858,1
18859,0
18860,0
18861,1
18862,0
18863,2
18864,2
18865,1
18866,0
18867,1
18868,1
18869,1
18870,2
18871,1
18872,1
18873,0
18874,2
18875,1
18876,0
18877,0
18878,0
18879,0
18880,0
18881,0
18882,1
18883,2
18884,0
18885,1
18886,2
18887,0
18888,2
18889,0
18890,1
18891,0
18892,1
18893,0
18894,2
18895,1
18896,2
18897,1
18898,1
18899,0
18900,1
18901,1
18902,0
18903,1
18904,2
18905,1
18906,2
18907,0
18908,0
18909,2
18910,2
18911,1
18912,0
18913,2
18914,0
18915,0
18916,1
18917,0
18918,1
18919,2
18920,1
18921,0
18922,2
18923,1
18924,0
18925,0
18926,1
18927,1
18928,1
18929,0
18930,0
18931,0
18932,1
18933,0
18934,0
18935,0
18936,0
18937,0
18938,1
18939,1
18940,2
18941,0
18942,1
18943,1
18944,0
18945,0
18946,1
18947,1
18948,2
18949,1
18950,0
18951,2
18952,2
18953,1
18954,1
18955,2
18956,0
18957,1
18958,1
18959,0
18960,0
18961,2
18962,1
18963,0
18964,2
18965,1
18966,1
18967,2
18968,0
18969,1
18970,0
18971,1
18972,1
18973,2
18974,1
18975,1
18976,0
18977,0
18978,1
18979,1
18980,0
18981,0
18982,1
18983,0
18984,2
18985,1
18986,0
18987,2
18988,0
18989,0
18990,1
18991,1
18992,2
18993,0
18994,1
18995,1
18996,0
18997,2
18998,2
18999,0
19000,1
19001,0
19002,0
19003,0
19004,2
19005,0
19006,1
19007,1
19008,1
19009,0
19010,1
19011,1
19012,0
19013,2
19014,1
19015,2
19016,0
19017,0
19018,1
19019,1
19020,1
19021,2
19022,1
19023,0
19024,2
19025,0
19026,0
19027,1
19028,2
19029,1
19030,2
19031,0
19032,0
19033,2
19034,2
19035,0
19036,2
19037,0
19038,0
19039,0
19040,0
19041,1
19042,0
19043,0
19044,1
19045,0
19046,0
19047,1
19048,2
19049,0
19050,0
19051,0
19052,0
19053,1
19054,0
19055,1
19056,2
19057,2
19058,1
19059,0
19060,0
19061,0
19062,2
19063,0
19064,0
19065,2
19066,0
19067,1
19068,0
19069,1
19070,1
19071,0
19072,1
19073,1
19074,0
19075,1
19076,2
19077,2
19078,1
19079,1
19080,1
19081,0
19082,0
19083,0
19084,2
19085,1
19086,0
19087,0
19088,2
19089,0
19090,1
19091,1
19092,2
19093,0
19094,0
19095,2
19096,1
19097,2
19098,2
19099,1
19100,1
19101,0
19102,1
19103,0
19104,2
19105,0
19106,2
19107,1
19108,0
19109,0
19110,2
19111,1
19112,1
19113,1
19114,0
19115,1
19116,2
19117,1
19118,1
19119,1
19120,0
19121,2
19122,1
19123,0
19124,1
19125,0
19126,0
19127,1
19128,2
19129,1
19130,1
19131,2
19132,1
19133,1
19134,2
19135,2
19136,2
19137,0
19138,1
19139,0
19140,1
19141,0
19142,0
19143,0
19144,0
19145,0
19146,0
19147,1
19148,2
19149,1
19150,0
19151,0
19152,0
19153,0
19154,0
19155,2
19156,0
19157,1
19158,0
19159,0
19160,1
19161,0
19162,0
19163,1
19164,1
19165,0
19166,1
19167,2
19168,0
19169,2
19170,0
19171,0
19172,1
19173,0
19174,0
19175,0
19176,0
19177,1
19178,1
19179,0
19180,1
19181,0
19182,2
19183,1
19184,0
19185,1
19186,0
19187,1
19188,0
19189,0
19190,1
19191,1
19192,2
19193,1
19194,0
19195,1
19196,2
19197,0
19198,1
19199,1
19200,0
19201,0
19202,2
19203,0
19204,1
19205,1
19206,1
19207,2
19208,0
19209,2
19210,1
19211,2
19212,1
19213,1
19214,2
19215,1
19216,0
19217,2
19218,1
19219,2
19220,1
19221,0
19222,1
19223,2
19224,0
19225,2
19226,2
19227,0
19228,0
19229,0
19230,0
19231,0
19232,0
19233,1
19234,1
19235,2
19236,2
19237,1
19238,2
19239,1
19240,2
19241,1
19242,0
19243,2
19244,2
19245,1
19246,1
19247,0
19248,0
19249,0
19250,0
19251,1
19252,1
19253,1
19254,1
19255,1
19256,0
19257,1
19258,0
19259,1
19260,1
19261,0
19262,1
19263,0
19264,0
19265,0
19266,1
19267,2
19268,0
19269,0
19270,0
19271,0
19272,0
19273,2
19274,2
19275,1
19276,0
19277,2
19278,0
19279,1
19280,1
19281,0
19282,0
19283,0
19284,0
19285,2
19286,2
19287,0
19288,1
19289,0
19290,1
19291,1
19292,1
19293,2
19294,0
19295,1
19296,1
19297,0
19298,0
19299,1
19300,2
19301,0
19302,2
19303,1
19304,1
19305,0
19306,0
19307,1
19308,1
19309,1
19310,0
19311,0
19312,1
19313,1
19314,2
19315,0
19316,2
19317,0
19318,0
19319,2
19320,0
19321,0
19322,0
19323,0
19324,0
19325,0
19326,2
19327,2
19328,0
19329,2
19330,0
19331,1
19332,2
19333,0
19334,0
19335,0
19336,0
19337,1
19338,2
19339,0
19340,0
19341,2
19342,1
19343,1
19344,1
19345,0
19346,0
19347,1
19348,0
19349,2
19350,1
19351,1
19352,2
19353,1
19354,2
19355,0
19356,0
19357,2
19358,1
19359,0
19360,2
19361,1
19362,0
19363,0
19364,2
19365,2
19366,2
19367,1
19368,0
19369,2
19370,1
19371,1
19372,1
19373,0
19374,0
19375,2
19376,1
19377,0
19378,1
19379,2
19380,0
19381,2
19382,0
19383,1
19384,0
19385,2
19386,0
19387,1
19388,1
19389,0
19390,0
19391,2
19392,0
19393,1
19394,1
19395,0
19396,0
19397,0
19398,1
19399,1
19400,2
19401,1
19402,1
19403,1
19404,1
19405,1
19406,1
19407,0
19408,0
19409,1
19410,0
19411,0
19412,1
19413,2
19414,1
19415,1
19416,0
19417,0
19418,1
19419,0
19420,0
19421,0
19422,2
19423,1
19424,1
19425,0
19426,1
19427,0
19428,2
19429,0
19430,2
19431,1
19432,0
19433,2
19434,0
19435,0
19436,1
19437,1
19438,0
19439,1
19440,1
19441,0
19442,1
19443,0
19444,2
19445,0
19446,0
19447,1
19448,0
19449,2
19450,0
19451,0
19452,0
19453,0
19454,0
19455,1
19456,0
19457,0
19458,1
19459,1
19460,2
19461,1
19462,1
19463,1
19464,0
19465,1
19466,1
19467,0
19468,2
19469,0
19470,1
19471,1
19472,1
19473,1
19474,0
19475,1
19476,2
19477,1
19478,1
19479,0
19480,0
19481,0
19482,0
19483,0
19484,1
19485,1
19486,0
19487,2
19488,0
19489,0
19490,1
19491,2
19492,1
19493,2
19494,1
19495,1
19496,0
19497,0
19498,0
19499,1
19500,0
19501,2
19502,1
19503,2
19504,2
19505,0
19506,0
19507,1
19508,0
19509,2
19510,0
19511,0
19512,0
19513,0
19514,1
19515,0
19516,1
19517,2
19518,2
19519,1
19520,1
19521,2
19522,1
19523,1
19524,2
19525,0
19526,2
19527,0
19528,0
19529,1
19530,1
19531,0
19532,0
19533,1
19534,0
19535,0
19536,0
19537,1
19538,1
19539,0
19540,0
19541,2
19542,0
19543,0
19544,0
19545,1
19546,0
19547,2
19548,2
19549,1
19550,2
19551,1
19552,2
19553,2
19554,0
19555,0
19556,1
19557,1
19558,2
19559,2
19560,0
19561,0
19562,0
19563,1
19564,0
19565,1
19566,0
19567,0
19568,2
19569,2
19570,1
19571,1
19572,0
19573,0
19574,2
19575,1
19576,2
19577,0
19578,1
19579,2
19580,1
19581,0
19582,1
19583,1
19584,0
19585,0
19586,0
19587,1
19588,2
19589,0
19590,0
19591,2
19592,1
19593,1
19594,1
19595,1
19596,2
19597,0
19598,1
19599,2
19600,0
19601,0
19602,0
19603,1
19604,1
19605,0
19606,1
19607,2
19608,0
19609,0
19610,2
19611,1
19612,0
19613,1
19614,0
19615,0
19616,1
19617,0
19618,1
19619,1
19620,1
19621,1
19622,0
19623,2
19624,0
19625,2
19626,0
19627,1
19628,0
19629,2
19630,0
19631,1
19632,1
19633,0
19634,1
19635,1
19636,0
19637,1
19638,2
19639,1
19640,1
19641,0
19642,0
19643,1
19644,1
19645,1
19646,1
19647,2
19648,0
19649,1
19650,0
19651,0
19652,1
19653,1
19654,2
19655,1
19656,1
19657,1
19658,0
19659,2
19660,0
19661,2
19662,1
19663,2
19664,2
19665,0
19666,1
19667,0
19668,2
19669,0
19670,1
19671,1
19672,0
19673,2
19674,1
19675,2
19676,0
19677,2
19678,0
19679,2
19680,2
19681,1
19682,0
19683,0
19684,2
19685,0
19686,1
19687,2
19688,0
19689,0
19690,1
19691,0
19692,0
19693,0
19694,0
19695,1
19696,2
19697,2
19698,0
19699,1
19700,2
19701,2
19702,2
19703,1
19704,1
19705,0
19706,0
19707,1
19708,0
19709,0
19710,1
19711,2
19712,0
19713,2
19714,0
19715,0
19716,1
19717,2
19718,0
19719,0
19720,2
19721,2
19722,0
19723,1
19724,1
19725,1
19726,2
19727,1
19728,0
19729,2
19730,2
19731,2
19732,2
19733,0
19734,0
19735,1
19736,2
19737,1
19738,0
19739,0
19740,2
19741,0
19742,1
19743,0
19744,1
19745,1
19746,1
19747,2
19748,0
19749,0
19750,2
19751,0
19752,0
19753,2
19754,1
19755,1
19756,0
19757,0
19758,0
19759,0
19760,1
19761,0
19762,0
19763,0
19764,0
19765,0
19766,1
19767,2
19768,1
19769,0
19770,1
19771,0
19772,0
19773,0
19774,0
19775,0
19776,1
19777,0
19778,2
19779,0
19780,0
19781,0
19782,1
19783,0
19784,0
19785,0
19786,0
19787,0
19788,0
19789,0
19790,2
19791,1
19792,0
19793,0
19794,2
19795,2
19796,0
19797,0
19798,2
19799,1
19800,1
19801,1
19802,0
19803,1
19804,0
19805,2
19806,1
19807,0
19808,1
19809,0
19810,2
19811,1
19812,0
19813,1
19814,2
19815,0
19816,1
19817,1
19818,1
19819,0
19820,0
19821,1
19822,1
19823,2
19824,0
19825,2
19826,2
19827,0
19828,1
19829,0
19830,0
19831,2
19832,0
19833,0
19834,0
19835,0
19836,1
19837,1
19838,0
19839,1
19840,0
19841,1
19842,0
19843,0
19844,1
19845,2
19846,1
19847,1
19848,2
19849,0
19850,2
19851,1
19852,0
19853,0
19854,0
19855,1
19856,2
19857,0
19858,2
19859,0
19860,1
19861,2
19862,1
19863,1
19864,0
19865,0
19866,0
19867,0
19868,0
19869,0
19870,2
19871,2
19872,0
19873,0
19874,1
19875,1
19876,1
19877,1
19878,2
19879,0
19880,1
19881,1
19882,2
19883,1
19884,1
19885,0
19886,0
19887,2
19888,0
19889,0
19890,0
19891,0
19892,2
19893,2
19894,2
19895,0
19896,0
19897,1
19898,0
19899,0
19900,1
19901,0
19902,0
19903,0
19904,0
19905,0
19906,2
19907,0
19908,0
19909,2
19910,0
19911,0
19912,0
19913,1
19914,2
19915,2
19916,0
19917,0
19918,2
19919,2
19920,0
19921,0
19922,0
19923,2
19924,0
19925,2
19926,2
19927,2
19928,1
19929,0
19930,2
19931,0
19932,1
19933,1
19934,0
19935,2
19936,2
19937,0
19938,2
19939,1
19940,0
19941,2
19942,0
19943,2
19944,1
19945,2
19946,2
19947,2
19948,2
19949,1
19950,0
19951,2
19952,2
19953,1
19954,0
19955,1
19956,1
19957,2
19958,2
19959,1
19960,2
19961,1
19962,0
19963,1
19964,0
19965,0
19966,1
19967,0
19968,2
19969,2
19970,0
19971,0
19972,0
19973,0
19974,2
19975,1
19976,1
19977,2
19978,0
19979,1
19980,1
19981,0
19982,0
19983,2
19984,0
19985,1
19986,0
19987,2
19988,0
19989,2
19990,0
19991,1
19992,1
19993,1
19994,1
19995,0
19996,1
19997,2
19998,0
19999,1
20000,2
20001,0
20002,0
20003,1
20004,0
20005,2
20006,0
20007,1
20008,2
20009,0
20010,0
20011,1
20012,1
20013,0
20014,1
20015,2
20016,1
20017,1
20018,0
20019,0
20020,2
20021,1
20022,2
20023,2
20024,0
20025,0
20026,0
20027,0
20028,0
20029,1
20030,2
20031,0
20032,1
20033,0
20034,0
20035,0
20036,0
20037,1
20038,0
20039,1
20040,0
20041,2
20042,1
20043,2
20044,0
20045,2
20046,0
20047,1
20048,0
20049,0
20050,2
20051,0
20052,0
20053,1
20054,2
20055,0
20056,1
20057,2
20058,1
20059,0
20060,1
20061,0
20062,0
20063,0
20064,1
20065,1
20066,1
20067,2
20068,0
20069,1
20070,0
20071,1
20072,1
20073,0
20074,1
20075,0
20076,2
20077,1
20078,2
20079,1
20080,0
20081,0
20082,2
20083,1
20084,1
20085,2
20086,1
20087,0
20088,1
20089,0
20090,0
20091,1
20092,2
20093,1
20094,0
20095,1
20096,0
20097,0
20098,0
20099,1
20100,0
20101,0
20102,2
20103,2
20104,2
20105,0
20106,0
20107,0
20108,0
20109,2
20110,1
20111,2
20112,1
20113,1
20114,0
20115,0
20116,0
20117,0
20118,1
20119,0
20120,2
20121,2
20122,0
20123,1
20124,2
20125,0
20126,0
20127,0
20128,1
20129,1
20130,0
20131,1
20132,0
20133,0
20134,2
20135,2
20136,0
20137,2
20138,0
20139,2
20140,2
20141,1
20142,0
20143,0
20144,0
20145,2
20146,0
20147,0
20148,0
20149,1
20150,0
20151,1
20152,0
20153,0
20154,2
20155,1
20156,1
20157,1
20158,0
20159,0
20160,0
20161,0
20162,2
20163,2
20164,2
20165,0
20166,0
20167,2
20168,1
20169,2
20170,2
20171,1
20172,0
20173,0
20174,2
20175,1
20176,1
20177,1
20178,2
20179,0
20180,0
20181,1
20182,0
20183,2
20184,1
20185,0
20186,1
20187,0
20188,0
20189,1
20190,1
20191,0
20192,2
20193,0
20194,2
20195,1
20196,0
20197,0
20198,1
20199,2
20200,1
20201,1
20202,2
20203,1
20204,0
20205,0
20206,2
20207,2
20208,1
20209,1
20210,2
20211,0
20212,1
20213,2
20214,1
20215,2
20216,2
20217,0
20218,0
20219,1
20220,2
20221,1
20222,1
20223,1
20224,0
20225,0
20226,1
20227,0
20228,2
20229,0
20230,0
20231,1
20232,0
20233,0
20234,0
20235,0
20236,2
20237,2
20238,2
20239,0
20240,2
20241,2
20242,0
20243,2
20244,1
20245,2
20246,0
20247,1
20248,0
20249,1
20250,0
20251,1
20252,0
20253,1
20254,1
20255,1
20256,0
20257,1
20258,1
20259,2
20260,2
20261,0
20262,2
20263,0
20264,0
20265,1
20266,2
20267,1
20268,0
20269,0
20270,1
20271,0
20272,1
20273,2
20274,0
20275,0
20276,2
20277,0
20278,2
20279,0
20280,2
20281,1
20282,2
20283,2
20284,1
20285,2
20286,2
20287,2
20288,0
20289,1
20290,1
20291,0
20292,1
20293,0
20294,0
20295,0
20296,1
20297,1
20298,2
20299,2
20300,0
20301,0
20302,1
20303,1
20304,1
20305,1
20306,1
20307,0
20308,1
20309,0
20310,1
20311,0
20312,0
20313,2
20314,1
20315,2
20316,0
20317,0
20318,1
20319,2
20320,2
20321,1
20322,0
20323,2
20324,1
20325,0
20326,1
20327,1
20328,2
20329,2
20330,0
20331,1
20332,0
20333,0
20334,1
20335,2
20336,2
20337,1
20338,0
20339,0
20340,0
20341,2
20342,1
20343,0
20344,0
20345,0
20346,1
20347,1
20348,1
20349,0
20350,0
20351,0
20352,0
20353,0
20354,2
20355,0
20356,0
20357,2
20358,1
20359,0
20360,2
20361,0
20362,0
20363,0
20364,0
20365,2
20366,0
20367,0
20368,1
20369,1
20370,2
20371,1
20372,2
20373,2
20374,2
20375,0
20376,0
20377,1
20378,2
20379,1
20380,1
20381,0
20382,0
20383,2
20384,1
20385,2
20386,0
20387,1
20388,2
20389,0
20390,1
20391,2
20392,0
20393,0
20394,2
20395,2
20396,0
20397,0
20398,2
20399,0
20400,1
20401,2
20402,0
20403,0
20404,1
20405,0
20406,2
20407,1
20408,0
20409,0
20410,2
20411,2
20412,2
20413,0
20414,1
20415,0
20416,0
20417,1
20418,1
20419,0
20420,2
20421,2
20422,0
20423,0
20424,0
20425,1
20426,2
20427,1
20428,0
20429,0
20430,0
20431,0
20432,2
20433,2
20434,0
20435,0
20436,0
20437,1
20438,2
20439,0
20440,2
20441,0
20442,0
20443,1
20444,0
20445,2
20446,2
20447,1
20448,0
20449,0
20450,0
20451,0
20452,1
20453,1
20454,0
20455,2
20456,1
20457,0
20458,0
20459,1
20460,0
20461,1
20462,2
20463,0
20464,2
20465,2
20466,1
20467,1
20468,0
20469,0
20470,2
20471,1
20472,0
20473,0
20474,1
20475,1
20476,2
20477,0
20478,1
20479,0
20480,1
20481,2
20482,0
20483,2
20484,1
20485,1
20486,2
20487,2
20488,1
20489,2
20490,1
20491,1
20492,0
20493,1
20494,0
20495,1
20496,0
20497,1
20498,2
20499,1
20500,1
20501,0
20502,0
20503,0
20504,1
20505,0
20506,0
20507,2
20508,1
20509,2
20510,2
20511,0
20512,2
20513,0
20514,1
20515,1
20516,0
20517,1
20518,0
20519,2
20520,2
20521,1
20522,0
20523,0
20524,0
20525,2
20526,0
20527,2
20528,2
20529,0
20530,1
20531,0
20532,1
20533,0
20534,0
20535,1
20536,2
20537,0
20538,1
20539,2
20540,0
20541,0
20542,2
20543,2
20544,2
20545,1
20546,1
20547,0
20548,2
20549,0
20550,1
20551,2
20552,0
20553,0
20554,0
20555,2
20556,0
20557,0
20558,2
20559,2
20560,0
20561,0
20562,1
20563,2
20564,1
20565,1
20566,0
20567,0
20568,0
20569,0
20570,0
20571,1
20572,1
20573,0
20574,0
20575,0
20576,2
20577,1
20578,1
20579,1
20580,0
20581,2
20582,2
20583,1
20584,1
20585,1
20586,1
20587,2
20588,2
20589,0
20590,0
20591,0
20592,1
20593,1
20594,1
20595,1
20596,0
20597,1
20598,1
20599,2
20600,2
20601,0
20602,1
20603,1
20604,2
20605,0
20606,2
20607,1
20608,1
20609,2
20610,1
20611,1
20612,1
20613,0
20614,1
20615,2
20616,1
20617,0
20618,1
20619,1
20620,0
20621,1
20622,2
20623,2
20624,2
20625,1
20626,0
20627,0
20628,1
20629,0
20630,2
20631,1
20632,0
20633,0
20634,1
20635,1
20636,1
20637,2
20638,1
20639,2
20640,2
20641,1
20642,2
20643,0
20644,1
20645,2
20646,1
20647,1
20648,0
20649,0
20650,0
20651,1
20652,1
20653,1
20654,0
20655,1
20656,1
20657,1
20658,1
20659,1
20660,0
20661,0
20662,1
20663,1
20664,2
20665,0
20666,1
20667,1
20668,0
20669,0
20670,1
20671,1
20672,1
20673,1
20674,0
20675,0
20676,0
20677,2
20678,1
20679,0
20680,2
20681,1
20682,2
20683,1
20684,1
20685,1
20686,2
20687,1
20688,2
20689,2
20690,0
20691,1
20692,2
20693,0
20694,2
20695,0
20696,1
20697,2
20698,1
20699,2
20700,1
20701,0
20702,1
20703,0
20704,0
20705,0
20706,0
20707,2
20708,2
20709,2
20710,0
20711,0
20712,2
20713,0
20714,2
20715,1
20716,1
20717,1
20718,0
20719,0
20720,0
20721,1
20722,0
20723,0
20724,2
20725,0
20726,2
20727,1
20728,0
20729,1
20730,0
20731,0
20732,2
20733,0
20734,1
20735,2
20736,2
20737,1
20738,1
20739,2
20740,0
20741,0
20742,1
20743,2
20744,0
20745,1
20746,2
20747,0
20748,0
20749,1
20750,1
20751,1
20752,1
20753,0
20754,1
20755,2
20756,0
20757,0
20758,0
20759,2
20760,0
20761,0
20762,2
20763,2
20764,1
20765,1
20766,0
20767,1
20768,0
20769,0
20770,0
20771,2
20772,0
20773,0
20774,1
20775,0
20776,1
20777,0
20778,0
20779,0
20780,0
20781,0
20782,1
20783,2
20784,0
20785,1
20786,0
20787,0
20788,1
20789,0
20790,0
20791,2
20792,0
20793,0
20794,1
20795,2
20796,2
20797,0
20798,1
20799,0
20800,1
20801,2
20802,1
20803,0
20804,1
20805,0
20806,0
20807,0
20808,1
20809,1
20810,1
20811,0
20812,0
20813,1
20814,1
20815,1
20816,0
20817,1
20818,1
20819,1
20820,1
20821,2
20822,1
20823,1
20824,1
20825,1
20826,0
20827,2
20828,0
20829,2
20830,2
20831,0
20832,2
20833,0
20834,0
20835,1
20836,0
20837,1
20838,0
20839,0
20840,0
20841,1
20842,0
20843,1
20844,2
20845,1
20846,1
20847,0
20848,0
20849,0
20850,1
20851,0
20852,2
20853,1
20854,0
20855,2
20856,1
20857,2
20858,0
20859,0
20860,2
20861,0
20862,2
20863,2
20864,0
20865,1
20866,0
20867,0
20868,1
20869,0
20870,0
20871,2
20872,2
20873,0
20874,1
20875,2
20876,0
20877,1
20878,1
20879,2
20880,1
20881,1
20882,1
20883,0
20884,1
20885,0
20886,1
20887,0
20888,2
20889,0
20890,1
20891,2
20892,0
20893,0
20894,0
20895,0
20896,0
20897,2
20898,0
20899,0
20900,1
20901,2
20902,2
20903,0
20904,0
20905,1
20906,1
20907,2
20908,0
20909,1
20910,0
20911,0
20912,0
20913,2
20914,0
20915,1
20916,0
20917,0
20918,0
20919,0
20920,1
20921,1
20922,2
20923,0
20924,1
20925,2
20926,2
20927,2
20928,0
20929,1
20930,2
20931,1
20932,2
20933,2
20934,2
20935,1
20936,1
20937,1
20938,2
20939,0
20940,1
20941,0
20942,1
20943,1
20944,1
20945,0
20946,0
20947,0
20948,0
20949,2
20950,0
20951,2
20952,2
20953,2
20954,2
20955,0
20956,1
20957,0
20958,0
20959,0
20960,0
20961,0
20962,1
20963,0
20964,2
20965,1
20966,2
20967,1
20968,0
20969,2
20970,0
20971,1
20972,2
20973,2
20974,1
20975,0
20976,2
20977,0
20978,2
20979,2
20980,0
20981,2
20982,2
20983,2
20984,0
20985,2
20986,1
20987,0
20988,1
20989,0
20990,2
20991,1
20992,1
20993,1
20994,0
20995,1
20996,1
20997,0
20998,1
20999,2
21000,0
21001,1
21002,2
21003,0
21004,1
21005,1
21006,1
21007,2
21008,2
21009,1
21010,0
21011,0
21012,0
21013,1
21014,1
21015,1
21016,1
21017,1
21018,1
21019,0
21020,1
21021,1
21022,0
21023,1
21024,1
21025,0
21026,1
21027,1
21028,1
21029,2
21030,2
21031,1
21032,2
21033,1
21034,0
21035,1
21036,0
21037,1
21038,0
21039,0
21040,0
21041,2
21042,0
21043,0
21044,1
21045,1
21046,0
21047,0
21048,2
21049,2
21050,2
21051,1
21052,0
21053,1
21054,0
21055,0
21056,2
21057,0
21058,2
21059,1
21060,2
21061,2
21062,2
21063,1
21064,2
21065,0
21066,1
21067,2
21068,0
21069,2
21070,0
21071,1
21072,0
21073,0
21074,0
21075,0
21076,0
21077,1
21078,2
21079,2
21080,1
21081,2
21082,1
21083,0
21084,1
21085,2
21086,2
21087,1
21088,1
21089,0
21090,1
21091,0
21092,0
21093,1
21094,2
21095,2
21096,1
21097,0
21098,0
21099,0
21100,1
21101,2
21102,0
21103,1
21104,1
21105,2
21106,0
21107,0
21108,0
21109,2
21110,0
21111,0
21112,0
21113,0
21114,0
21115,0
21116,0
21117,1
21118,0
21119,2
21120,0
21121,0
21122,1
21123,1
21124,0
21125,2
21126,2
21127,0
21128,2
21129,1
21130,1
21131,1
21132,2
21133,0
21134,0
21135,0
21136,0
21137,1
21138,0
21139,2
21140,2
21141,0
21142,0
21143,1
21144,2
21145,1
21146,0
21147,2
21148,1
21149,1
21150,0
21151,2
21152,0
21153,1
21154,0
21155,0
21156,0
21157,0
21158,2
21159,0
21160,2
21161,0
21162,1
21163,0
21164,0
21165,2
21166,0
21167,0
21168,2
21169,1
21170,1
21171,2
21172,0
21173,0
21174,1
21175,1
21176,2
21177,1
21178,2
21179,1
21180,2
21181,0
21182,1
21183,1
21184,0
21185,1
21186,2
21187,2
21188,1
21189,1
21190,2
21191,2
21192,0
21193,0
21194,2
21195,2
21196,1
21197,1
21198,1
21199,0
21200,2
21201,0
21202,1
21203,2
21204,1
21205,1
21206,2
21207,2
21208,1
21209,2
21210,2
21211,0
21212,1
21213,1
21214,0
21215,0
21216,0
21217,2
21218,1
21219,0
21220,2
21221,0
21222,1
21223,0
21224,2
21225,0
21226,0
21227,1
21228,0
21229,1
21230,1
21231,2
21232,1
21233,2
21234,2
21235,2
21236,1
21237,0
21238,1
21239,0
21240,0
21241,0
21242,1
21243,1
21244,0
21245,2
21246,0
21247,1
21248,0
21249,1
21250,1
21251,0
21252,0
21253,2
21254,0
21255,1
21256,0
21257,2
21258,0
21259,2
21260,0
21261,0
21262,0
21263,1
21264,0
21265,2
21266,1
21267,1
21268,0
21269,1
21270,0
21271,1
21272,1
21273,0
21274,1
21275,1
21276,0
21277,1
21278,2
21279,0
21280,1
21281,2
21282,1
21283,0
21284,2
21285,2
21286,0
21287,0
21288,1
21289,2
21290,0
21291,1
21292,0
21293,0
21294,0
21295,0
21296,0
21297,0
21298,2
21299,2
21300,1
21301,0
21302,0
21303,1
21304,1
21305,0
21306,1
21307,0
21308,0
21309,0
21310,1
21311,1
21312,2
21313,0
21314,0
21315,1
21316,0
21317,1
21318,1
21319,0
21320,0
21321,0
21322,2
21323,2
21324,2
21325,1
21326,2
21327,0
21328,1
21329,1
21330,0
21331,1
21332,0
21333,0
21334,1
21335,0
21336,1
21337,1
21338,1
21339,0
21340,0
21341,2
21342,2
21343,1
21344,1
21345,1
21346,0
21347,2
21348,1
21349,0
21350,1
21351,2
21352,2
21353,0
21354,0
21355,2
21356,0
21357,0
21358,1
21359,0
21360,0
21361,1
21362,0
21363,1
21364,2
21365,0
21366,2
21367,2
21368,1
21369,0
21370,0
21371,2
21372,1
21373,2
21374,0
21375,0
21376,1
21377,0
21378,1
21379,0
21380,0
21381,1
21382,1
21383,2
21384,0
21385,2
21386,1
21387,1
21388,0
21389,2
21390,1
21391,1
21392,2
21393,0
21394,2
21395,2
21396,0
21397,0
21398,1
21399,0
21400,1
21401,0
21402,2
21403,0
21404,1
21405,0
21406,2
21407,2
21408,0
21409,0
21410,2
21411,0
21412,0
21413,0
21414,2
21415,2
21416,0
21417,0
21418,2
21419,0
21420,0
21421,2
21422,2
21423,1
21424,0
21425,2
21426,0
21427,0
21428,1
21429,1
21430,0
21431,1
21432,1
21433,0
21434,0
21435,2
21436,2
21437,1
21438,0
21439,0
21440,1
21441,0
21442,0
21443,0
21444,0
21445,0
21446,1
21447,0
21448,2
21449,1
21450,2
21451,1
21452,0
21453,0
21454,0
21455,0
21456,0
21457,0
21458,2
21459,1
21460,1
21461,0
21462,1
21463,1
21464,0
21465,1
21466,0
21467,1
21468,1
21469,0
21470,0
21471,1
21472,1
21473,0
21474,0
21475,0
21476,0
21477,1
21478,2
21479,1
21480,1
21481,1
21482,0
21483,1
21484,2
21485,1
21486,1
21487,1
21488,2
21489,1
21490,2
21491,0
21492,1
21493,1
21494,1
21495,0
21496,2
21497,0
21498,2
21499,2
21500,0
21501,2
21502,0
21503,0
21504,0
21505,1
21506,2
21507,2
21508,2
21509,2
21510,2
21511,2
21512,1
21513,1
21514,1
21515,0
21516,1
21517,1
21518,0
21519,0
21520,1
21521,0
21522,1
21523,1
21524,2
21525,0
21526,1
21527,1
21528,0
21529,0
21530,1
21531,1
21532,1
21533,1
21534,1
21535,0
21536,2
21537,1
21538,0
21539,0
21540,0
21541,1
21542,1
21543,1
21544,1
21545,1
21546,1
21547,1
21548,1
21549,2
21550,2
21551,2
21552,1
21553,0
21554,2
21555,0
21556,2
21557,0
21558,1
21559,1
21560,0
21561,0
21562,1
21563,0
21564,2
21565,2
21566,0
21567,0
21568,0
21569,0
21570,0
21571,1
21572,1
21573,1
21574,2
21575,0
21576,0
21577,0
21578,0
21579,0
21580,0
21581,2
21582,1
21583,1
21584,2
21585,1
21586,2
21587,1
21588,0
21589,1
21590,0
21591,1
21592,1
21593,2
21594,0
21595,0
21596,0
21597,1
21598,0
21599,0
21600,1
21601,1
21602,0
21603,2
21604,2
21605,2
21606,1
21607,1
21608,0
21609,1
21610,1
21611,1
21612,1
21613,1
21614,0
21615,0
21616,1
21617,1
21618,1
21619,1
21620,0
21621,2
21622,0
21623,0
21624,0
21625,1
21626,0
21627,0
21628,1
21629,0
21630,1
21631,0
21632,1
21633,0
21634,1
21635,2
21636,1
21637,1
21638,1
21639,0
21640,1
21641,2
21642,2
21643,1
21644,0
21645,2
21646,2
21647,0
21648,0
21649,0
21650,2
21651,0
21652,2
21653,2
21654,0
21655,2
21656,1
21657,2
21658,2
21659,1
21660,2
21661,0
21662,1
21663,0
21664,2
21665,1
21666,1
21667,1
21668,1
21669,1
21670,1
21671,1
21672,0
21673,0
21674,2
21675,0
21676,2
21677,1
21678,0
21679,1
21680,1
21681,1
21682,0
21683,0
21684,0
21685,0
21686,1
21687,0
21688,0
21689,1
21690,0
21691,2
21692,0
21693,1
21694,1
21695,0
21696,2
21697,0
21698,1
21699,2
21700,2
21701,0
21702,0
21703,2
21704,1
21705,1
21706,0
21707,1
21708,1
21709,0
21710,0
21711,0
21712,2
21713,2
21714,0
21715,2
21716,1
21717,0
21718,1
21719,2
21720,0
21721,0
21722,0
21723,2
21724,2
21725,2
21726,1
21727,0
21728,2
21729,0
21730,2
21731,0
21732,1
21733,0
21734,0
21735,1
21736,0
21737,0
21738,0
21739,0
21740,2
21741,1
21742,0
21743,2
21744,1
21745,1
21746,0
21747,1
21748,0
21749,0
21750,0
21751,2
21752,1
21753,0
21754,0
21755,0
21756,2
21757,1
21758,1
21759,2
21760,1
21761,2
21762,1
21763,0
21764,1
21765,2
21766,0
21767,0
21768,2
21769,2
21770,1
21771,0
21772,1
21773,0
21774,0
21775,2
21776,0
21777,1
21778,0
21779,1
21780,2
21781,0
21782,1
21783,0
21784,0
21785,0
21786,2
21787,1
21788,0
21789,0
21790,1
21791,1
21792,0
21793,2
21794,1
21795,1
21796,2
21797,0
21798,1
21799,1
21800,2
21801,2
21802,2
21803,2
21804,0
21805,0
21806,0
21807,0
21808,2
21809,0
21810,0
21811,0
21812,1
21813,2
21814,2
21815,0
21816,1
21817,0
21818,0
21819,0
21820,2
21821,2
21822,1
21823,2
21824,0
21825,0
21826,0
21827,1
21828,2
21829,2
21830,2
21831,0
21832,0
21833,2
21834,0
21835,1
21836,0
21837,0
21838,1
21839,0
21840,0
21841,2
21842,0
21843,0
21844,2
21845,0
21846,1
21847,2
21848,0
21849,1
21850,0
21851,1
21852,0
21853,1
21854,0
21855,1
21856,1
21857,1
21858,1
21859,1
21860,0
21861,2
21862,1
21863,0
21864,0
21865,1
21866,1
21867,1
21868,1
21869,2
21870,0
21871,2
21872,2
21873,0
21874,2
21875,0
21876,0
21877,0
21878,1
21879,1
21880,2
21881,0
21882,0
21883,0
21884,2
21885,1
21886,0
21887,0
21888,0
21889,1
21890,1
21891,2
21892,1
21893,1
21894,1
21895,2
21896,0
21897,2
21898,0
21899,0
21900,1
21901,2
21902,1
21903,1
21904,0
21905,1
21906,1
21907,2
21908,0
21909,1
21910,1
21911,1
21912,0
21913,2
21914,0
21915,0
21916,1
21917,1
21918,2
21919,1
21920,2
21921,0
21922,1
21923,2
21924,1
21925,0
21926,2
21927,0
21928,1
21929,1
21930,0
21931,1
21932,1
21933,0
21934,2
21935,2
21936,0
21937,1
21938,0
21939,1
21940,0
21941,0
21942,1
21943,0
21944,2
21945,2
21946,0
21947,0
21948,0
21949,2
21950,1
21951,1
21952,2
21953,0
21954,0
21955,0
21956,1
21957,0
21958,0
21959,0
21960,0
21961,1
21962,2
21963,0
21964,1
21965,0
21966,2
21967,0
21968,0
21969,0
21970,1
21971,0
21972,0
21973,1
21974,0
21975,1
21976,0
21977,1
21978,1
21979,0
21980,1
21981,1
21982,0
21983,1
21984,2
21985,2
21986,1
21987,0
21988,1
21989,0
21990,1
21991,2
21992,1
21993,2
21994,0
21995,1
21996,2
21997,0
21998,2
21999,0
22000,2
22001,2
22002,2
22003,1
22004,0
22005,1
22006,0
22007,1
22008,2
22009,0
22010,0
22011,1
22012,0
22013,0
22014,2
22015,0
22016,1
22017,0
22018,1
22019,0
22020,2
22021,1
22022,1
22023,0
22024,0
22025,0
22026,0
22027,2
22028,0
22029,0
22030,0
22031,1
22032,0
22033,0
22034,0
22035,0
22036,0
22037,2
22038,1
22039,1
22040,0
22041,1
22042,1
22043,0
22044,1
22045,1
22046,2
22047,1
22048,2
22049,0
22050,1
22051,0
22052,1
22053,2
22054,0
22055,1
22056,2
22057,1
22058,2
22059,1
22060,0
22061,0
22062,2
22063,0
22064,0
22065,1
22066,0
22067,0
22068,0
22069,1
22070,1
22071,0
22072,1
22073,2
22074,1
22075,1
22076,1
22077,0
22078,0
22079,1
22080,0
22081,0
22082,0
22083,0
22084,2
22085,0
22086,0
22087,2
22088,1
22089,1
22090,1
22091,2
22092,2
22093,1
22094,2
22095,0
22096,0
22097,2
22098,1
22099,1
22100,2
22101,1
22102,1
22103,0
22104,2
22105,2
22106,0
22107,2
22108,1
22109,2
22110,0
22111,0
22112,0
22113,0
22114,1
22115,0
22116,2
22117,1
22118,1
22119,1
22120,1
22121,0
22122,1
22123,0
22124,1
22125,2
22126,1
22127,1
22128,0
22129,1
22130,0
22131,1
22132,0
22133,1
22134,2
22135,0
22136,1
22137,0
22138,0
22139,1
22140,0
22141,1
22142,1
22143,1
22144,1
22145,2
22146,1
22147,1
22148,2
22149,1
22150,1
22151,1
22152,1
22153,1
22154,0
22155,2
22156,1
22157,1
22158,0
22159,0
22160,2
22161,0
22162,1
22163,1
22164,1
22165,1
22166,2
22167,1
22168,0
22169,0
22170,2
22171,1
22172,0
22173,1
22174,2
22175,2
22176,0
22177,2
22178,0
22179,1
22180,0
22181,0
22182,0
22183,2
22184,2
22185,1
22186,0
22187,0
22188,1
22189,2
22190,1
22191,0
22192,1
22193,1
22194,1
22195,0
22196,1
22197,0
22198,1
22199,2
22200,0
22201,0
22202,2
22203,1
22204,2
22205,0
22206,2
22207,0
22208,1
22209,0
22210,2
22211,0
22212,0
22213,0
22214,2
22215,1
22216,0
22217,2
22218,2
22219,0
22220,1
22221,1
22222,2
22223,1
22224,1
22225,0
22226,2
22227,2
22228,2
22229,1
22230,0
22231,0
22232,2
22233,0
22234,2
22235,2
22236,1
22237,1
22238,0
22239,2
22240,0
22241,2
22242,0
22243,2
22244,2
22245,2
22246,0
22247,1
22248,0
22249,1
22250,0
22251,1
22252,2
22253,0
22254,0
22255,1
22256,1
22257,2
22258,0
22259,1
22260,2
22261,2
22262,0
22263,0
22264,0
22265,0
22266,0
22267,1
22268,1
22269,1
22270,1
22271,0
22272,1
22273,1
22274,0
22275,2
22276,0
22277,0
22278,0
22279,2
22280,0
22281,0
22282,0
22283,1
22284,2
22285,0
22286,1
22287,0
22288,1
22289,0
22290,1
22291,2
22292,0
22293,0
22294,0
22295,2
22296,1
22297,2
22298,0
22299,0
22300,0
22301,0
22302,0
22303,0
22304,0
22305,1
22306,0
22307,2
22308,1
22309,0
22310,1
22311,0
22312,2
22313,2
22314,2
22315,0
22316,2
22317,0
22318,2
22319,1
22320,1
22321,1
22322,0
22323,1
22324,1
22325,0
22326,1
22327,0
22328,1
22329,0
22330,0
22331,0
22332,0
22333,1
22334,1
22335,2
22336,0
22337,1
22338,0
22339,2
22340,0
22341,0
22342,2
22343,1
22344,1
22345,2
22346,1
22347,2
22348,0
22349,2
22350,0
22351,2
22352,1
22353,0
22354,2
22355,1
22356,1
22357,1
22358,0
22359,2
22360,1
22361,0
22362,0
22363,1
22364,1
22365,1
22366,0
22367,2
22368,2
22369,1
22370,1
22371,0
22372,0
22373,1
22374,0
22375,1
22376,0
22377,0
22378,0
22379,0
22380,0
22381,0
22382,1
22383,2
22384,0
22385,1
22386,2
22387,1
22388,1
22389,0
22390,1
22391,1
22392,1
22393,2
22394,0
22395,2
22396,1
22397,0
22398,2
22399,0
22400,1
22401,0
22402,0
22403,2
22404,0
22405,1
22406,0
22407,0
22408,1
22409,1
22410,1
22411,2
22412,1
22413,2
22414,1
22415,1
22416,0
22417,2
22418,2
22419,0
22420,1
22421,0
22422,1
22423,1
22424,0
22425,0
22426,0
22427,1
22428,1
22429,0
22430,1
22431,2
22432,0
22433,0
22434,2
22435,1
22436,0
22437,1
22438,0
22439,0
22440,1
22441,1
22442,1
22443,2
22444,0
22445,0
22446,2
22447,0
22448,2
22449,1
22450,0
22451,1
22452,2
22453,2
22454,1
22455,2
22456,1
22457,1
22458,1
22459,1
22460,2
22461,0
22462,0
22463,2
22464,1
22465,0
22466,0
22467,1
22468,0
22469,0
22470,0
22471,1
22472,2
22473,0
22474,2
22475,1
22476,0
22477,0
22478,0
22479,2
22480,0
22481,0
22482,2
22483,1
22484,0
22485,0
22486,1
22487,2
22488,1
22489,2
22490,0
22491,0
22492,2
22493,1
22494,0
22495,1
22496,1
22497,0
22498,1
22499,0
22500,0
22501,2
22502,2
22503,1
22504,1
22505,1
22506,1
22507,1
22508,0
22509,1
22510,2
22511,1
22512,2
22513,0
22514,0
22515,1
22516,1
22517,1
22518,2
22519,0
22520,0
22521,1
22522,0
22523,1
22524,2
22525,1
22526,2
22527,2
22528,2
22529,2
22530,0
22531,1
22532,0
22533,1
22534,1
22535,0
22536,1
22537,2
22538,1
22539,1
22540,2
22541,0
22542,0
22543,0
22544,2
22545,1
22546,1
22547,1
22548,1
22549,0
22550,0
22551,1
22552,1
22553,0
22554,0
22555,0
22556,2
22557,0
22558,1
22559,1
22560,1
22561,2
22562,1
22563,1
22564,0
22565,2
22566,1
22567,0
22568,0
22569,1
22570,1
22571,1
22572,2
22573,1
22574,2
22575,1
22576,0
22577,1
22578,2
22579,2
22580,2
22581,0
22582,0
22583,1
22584,0
22585,1
22586,2
22587,2
22588,1
22589,0
22590,1
22591,2
22592,2
22593,1
22594,2
22595,2
22596,1
22597,1
22598,1
22599,0
22600,0
22601,1
22602,0
22603,2
22604,1
22605,0
22606,1
22607,0
22608,2
22609,0
22610,2
22611,0
22612,2
22613,0
22614,0
22615,2
22616,0
22617,0
22618,2
22619,0
22620,2
22621,2
22622,0
22623,1
22624,2
22625,1
22626,2
22627,2
22628,1
22629,2
22630,2
22631,1
22632,0
22633,2
22634,0
22635,0
22636,0
22637,1
22638,0
22639,1
22640,0
22641,1
22642,0
22643,0
22644,1
22645,0
22646,2
22647,1
22648,1
22649,2
22650,0
22651,2
22652,1
22653,1
22654,0
22655,1
22656,0
22657,0
22658,1
22659,2
22660,1
22661,1
22662,1
22663,0
22664,1
22665,0
22666,1
22667,2
22668,1
22669,0
22670,0
22671,0
22672,1
22673,0
22674,0
22675,0
22676,2
22677,2
22678,0
22679,0
22680,1
22681,1
22682,0
22683,2
22684,0
22685,2
22686,2
22687,0
22688,1
22689,0
22690,0
22691,1
22692,0
22693,2
22694,0
22695,2
22696,1
22697,2
22698,0
22699,1
22700,0
22701,2
22702,1
22703,1
22704,2
22705,1
22706,2
22707,0
22708,0
22709,0
22710,1
22711,0
22712,1
22713,0
22714,0
22715,0
22716,0
22717,2
22718,2
22719,0
22720,0
22721,1
22722,0
22723,1
22724,1
22725,1
22726,1
22727,0
22728,1
22729,0
22730,0
22731,1
22732,1
22733,0
22734,1
22735,0
22736,0
22737,2
22738,0
22739,1
22740,0
22741,1
22742,2
22743,0
22744,0
22745,0
22746,1
22747,2
22748,1
22749,1
22750,1
22751,2
22752,2
22753,1
22754,0
22755,0
22756,2
22757,0
22758,1
22759,1
22760,0
22761,2
22762,1
22763,2
22764,2
22765,0
22766,0
22767,0
22768,1
22769,0
22770,1
22771,2
22772,2
22773,0
22774,1
22775,0
22776,0
22777,0
22778,0
22779,1
22780,2
22781,0
22782,0
22783,0
22784,0
22785,0
22786,0
22787,1
22788,0
22789,0
22790,0
22791,0
22792,2
22793,1
22794,2
22795,1
22796,2
22797,0
22798,1
22799,2
22800,1
22801,1
22802,0
22803,0
22804,1
22805,0
22806,0
22807,1
22808,2
22809,0
22810,0
22811,1
22812,1
22813,1
22814,2
22815,0
22816,2
22817,1
22818,0
22819,2
22820,1
22821,2
22822,2
22823,0
22824,0
22825,2
22826,1
22827,0
22828,2
22829,1
22830,0
22831,1
22832,2
22833,2
22834,0
22835,2
22836,0
22837,0
22838,2
22839,0
22840,1
22841,2
22842,1
22843,2
22844,2
22845,2
22846,2
22847,0
22848,2
22849,1
22850,1
22851,0
22852,1
22853,0
22854,2
22855,2
22856,0
22857,2
22858,2
22859,0
22860,1
22861,0
22862,0
22863,1
22864,1
22865,0
22866,2
22867,0
22868,0
22869,0
22870,1
22871,0
22872,1
22873,2
22874,0
22875,1
22876,1
22877,0
22878,1
22879,1
22880,0
22881,1
22882,0
22883,0
22884,0
22885,2
22886,1
22887,1
22888,0
22889,2
22890,2
22891,1
22892,1
22893,0
22894,1
22895,1
22896,1
22897,0
22898,0
22899,1
22900,1
22901,0
22902,0
22903,0
22904,2
22905,0
22906,1
22907,1
22908,0
22909,1
22910,0
22911,1
22912,2
22913,1
22914,1
22915,1
22916,1
22917,0
22918,2
22919,0
22920,1
22921,1
22922,0
22923,1
22924,2
22925,0
22926,1
22927,2
22928,0
22929,1
22930,2
22931,1
22932,2
22933,0
22934,2
22935,0
22936,0
22937,1
22938,0
22939,1
22940,0
22941,1
22942,0
22943,1
22944,1
22945,2
22946,1
22947,0
22948,0
22949,1
22950,0
22951,1
22952,0
22953,2
22954,1
22955,1
22956,0
22957,0
22958,1
22959,0
22960,0
22961,1
22962,2
22963,2
22964,1
22965,2
22966,1
22967,2
22968,1
22969,1
22970,1
22971,2
22972,2
22973,0
22974,0
22975,1
22976,0
22977,0
22978,0
22979,1
22980,1
22981,0
22982,1
22983,0
22984,1
22985,0
22986,1
22987,1
22988,1
22989,0
22990,1
22991,1
22992,0
22993,1
22994,2
22995,2
22996,0
22997,0
22998,1
22999,1
23000,0
23001,1
23002,1
23003,1
23004,1
23005,2
23006,0
23007,2
23008,1
23009,1
23010,0
23011,2
23012,1
23013,0
23014,1
23015,1
23016,0
23017,0
23018,2
23019,1
23020,1
23021,2
23022,2
23023,0
23024,0
23025,0
23026,2
23027,2
23028,1
23029,0
23030,1
23031,2
23032,1
23033,1
23034,1
23035,0
23036,2
23037,1
23038,1
23039,1
23040,0
23041,0
23042,0
23043,2
23044,0
23045,1
23046,0
23047,0
23048,1
23049,2
23050,1
23051,1
23052,2
23053,2
23054,1
23055,2
23056,1
23057,2
23058,2
23059,0
23060,2
23061,2
23062,2
23063,0
23064,0
23065,1
23066,2
23067,0
23068,0
23069,2
23070,2
23071,0
23072,1
23073,2
23074,1
23075,1
23076,2
23077,1
23078,1
23079,0
23080,2
23081,1
23082,0
23083,1
23084,2
23085,2
23086,0
23087,0
23088,2
23089,0
23090,0
23091,1
23092,0
23093,0
23094,0
23095,1
23096,0
23097,0
23098,0
23099,0
23100,2
23101,1
23102,2
23103,0
23104,1
23105,2
23106,1
23107,1
23108,1
23109,1
23110,0
23111,2
23112,2
23113,1
23114,1
23115,0
23116,1
23117,1
23118,1
23119,1
23120,1
23121,0
23122,0
23123,0
23124,0
23125,1
23126,1
23127,2
23128,0
23129,0
23130,2
23131,0
23132,0
23133,1
23134,0
23135,1
23136,0
23137,1
23138,0
23139,1
23140,0
23141,0
23142,2
23143,0
23144,0
23145,2
23146,0
23147,0
23148,0
23149,1
23150,0
23151,0
23152,2
23153,1
23154,1
23155,0
23156,0
23157,2
23158,1
23159,1
23160,0
23161,2
23162,0
23163,2
23164,1
23165,2
23166,2
23167,1
23168,1
23169,0
23170,0
23171,1
23172,0
23173,0
23174,2
23175,0
23176,1
23177,0
23178,0
23179,1
23180,2
23181,0
23182,1
23183,2
23184,2
23185,0
23186,0
23187,1
23188,0
23189,0
23190,1
23191,1
23192,2
23193,2
23194,1
23195,1
23196,0
23197,2
23198,1
23199,2
23200,0
23201,0
23202,1
23203,1
23204,1
23205,2
23206,1
23207,2
23208,2
23209,0
23210,1
23211,1
23212,1
23213,1
23214,1
23215,0
23216,1
23217,0
23218,0
23219,1
23220,0
23221,0
23222,0
23223,0
23224,0
23225,1
23226,1
23227,0
23228,0
23229,0
23230,0
23231,0
23232,0
23233,0
23234,1
23235,2
23236,1
23237,0
23238,2
23239,0
23240,1
23241,0
23242,2
23243,2
23244,2
23245,1
23246,0
23247,1
23248,2
23249,0
23250,0
23251,0
23252,1
23253,1
23254,0
23255,1
23256,2
23257,0
23258,2
23259,0
23260,0
23261,2
23262,0
23263,0
23264,2
23265,2
23266,1
23267,0
23268,2
23269,0
23270,0
23271,0
23272,2
23273,0
23274,0
23275,2
23276,2
23277,2
23278,2
23279,0
23280,0
23281,0
23282,1
23283,2
23284,0
23285,0
23286,1
23287,2
23288,1
23289,0
23290,0
23291,1
23292,1
23293,0
23294,2
23295,0
23296,1
23297,0
23298,0
23299,0
23300,1
23301,2
23302,2
23303,2
23304,0
23305,1
23306,0
23307,1
23308,2
23309,1
23310,2
23311,1
23312,2
23313,0
23314,1
23315,0
23316,0
23317,0
23318,0
23319,0
23320,2
23321,0
23322,2
23323,2
23324,2
23325,2
23326,2
23327,1
23328,1
23329,1
23330,1
23331,2
23332,2
23333,1
23334,1
23335,2
23336,0
23337,1
23338,1
23339,2
23340,1
23341,0
23342,2
23343,1
23344,0
23345,1
23346,2
23347,0
23348,0
23349,2
23350,1
23351,2
23352,1
23353,2
23354,1
23355,0
23356,0
23357,0
23358,1
23359,0
23360,2
23361,1
23362,1
23363,0
23364,2
23365,1
23366,0
23367,1
23368,0
23369,0
23370,0
23371,2
23372,1
23373,1
23374,1
23375,1
23376,0
23377,0
23378,2
23379,2
23380,1
23381,0
23382,0
23383,1
23384,2
23385,2
23386,1
23387,0
23388,1
23389,1
23390,1
23391,1
23392,2
23393,0
23394,2
23395,0
23396,1
23397,0
23398,0
23399,1
23400,1
23401,2
23402,1
23403,1
23404,0
23405,1
23406,1
23407,2
23408,1
23409,1
23410,1
23411,0
23412,0
23413,1
23414,1
23415,0
23416,0
23417,0
23418,1
23419,0
23420,1
23421,0
23422,0
23423,2
23424,1
23425,2
23426,1
23427,0
23428,0
23429,2
23430,0
23431,2
23432,0
23433,0
23434,2
23435,0
23436,0
23437,2
23438,0
23439,1
23440,2
23441,0
23442,2
23443,0
23444,2
23445,0
23446,1
23447,2
23448,1
23449,2
23450,1
23451,0
23452,2
23453,2
23454,1
23455,2
23456,1
23457,2
23458,1
23459,2
23460,2
23461,0
23462,0
23463,0
23464,1
23465,2
23466,0
23467,1
23468,1
23469,1
23470,1
23471,1
23472,0
23473,0
23474,0
23475,1
23476,1
23477,2
23478,1
