index,cluster
0,0
1,1
2,1
3,2
4,1
5,0
6,2
7,0
8,1
9,2
10,1
11,1
12,0
13,1
14,2
15,2
16,1
17,0
18,1
19,1
20,1
21,2
22,0
23,1
24,1
25,2
26,0
27,2
28,2
29,2
30,1
31,1
32,0
33,1
34,1
35,1
36,1
37,1
38,1
39,2
40,1
41,1
42,2
43,0
44,1
45,2
46,0
47,1
48,1
49,1
50,1
51,2
52,1
53,2
54,1
55,1
56,2
57,1
58,1
59,1
60,1
61,1
62,2
63,1
64,1
65,0
66,1
67,0
68,2
69,1
70,1
71,1
72,1
73,0
74,1
75,1
76,1
77,1
78,2
79,1
80,2
81,0
82,2
83,1
84,1
85,1
86,1
87,1
88,1
89,1
90,1
91,2
92,1
93,0
94,1
95,2
96,0
97,1
98,0
99,0
100,0
101,1
102,0
103,1
104,2
105,1
106,1
107,1
108,1
109,0
110,1
111,2
112,0
113,1
114,0
115,1
116,2
117,1
118,1
119,2
120,1
121,1
122,1
123,1
124,1
125,2
126,1
127,1
128,2
129,0
130,2
131,1
132,2
133,1
134,1
135,1
136,0
137,0
138,1
139,2
140,2
141,2
142,1
143,0
144,0
145,1
146,1
147,2
148,0
149,1
150,0
151,2
152,2
153,2
154,1
155,1
156,1
157,1
158,1
159,2
160,1
161,2
162,1
163,2
164,1
165,0
166,2
167,0
168,2
169,0
170,0
171,1
172,2
173,0
174,1
175,1
176,1
177,1
178,1
179,0
180,2
181,0
182,2
183,0
184,1
185,1
186,0
187,1
188,2
189,2
190,2
191,2
192,2
193,2
194,1
195,0
196,1
197,1
198,0
199,2
200,2
201,2
202,2
203,2
204,2
205,1
206,1
207,1
208,1
209,0
210,1
211,1
212,0
213,0
214,0
215,1
216,2
217,2
218,1
219,2
220,1
221,2
222,1
223,0
224,0
225,2
226,1
227,2
228,1
229,2
230,1
231,0
232,0
233,1
234,0
235,1
236,2
237,1
238,2
239,1
240,1
241,0
242,1
243,1
244,2
245,1
246,1
247,1
248,2
249,1
250,0
251,0
252,1
253,2
254,2
255,2
256,0
257,1
258,1
259,0
260,2
261,1
262,1
263,2
264,1
265,0
266,1
267,1
268,2
269,1
270,1
271,2
272,0
273,2
274,1
275,1
276,0
277,1
278,2
279,2
280,1
281,1
282,1
283,2
284,2
285,1
286,2
287,1
288,0
289,1
290,1
291,2
292,2
293,0
294,1
295,2
296,1
297,2
298,1
299,1
300,2
301,2
302,1
303,1
304,1
305,1
306,1
307,1
308,0
309,0
310,1
311,1
312,1
313,2
314,0
315,1
316,0
317,2
318,1
319,1
320,1
321,1
322,2
323,1
324,1
325,1
326,2
327,1
328,2
329,0
330,2
331,0
332,2
333,0
334,0
335,2
336,2
337,1
338,1
339,1
340,2
341,0
342,1
343,1
344,2
345,2
346,2
347,2
348,1
349,1
350,0
351,1
352,2
353,0
354,2
355,1
356,1
357,2
358,2
359,2
360,1
361,0
362,2
363,2
364,1
365,2
366,2
367,2
368,2
369,1
370,2
371,2
372,1
373,2
374,2
375,1
376,1
377,0
378,1
379,2
380,1
381,0
382,1
383,2
384,1
385,2
386,1
387,2
388,1
389,2
390,1
391,2
392,1
393,1
394,1
395,0
396,1
397,2
398,2
399,2
400,1
401,1
402,2
403,1
404,0
405,1
406,2
407,2
408,1
409,1
410,1
411,2
412,1
413,2
414,2
415,1
416,1
417,1
418,2
419,1
420,1
421,2
422,2
423,2
424,1
425,1
426,1
427,2
428,2
429,1
430,2
431,2
432,0
433,0
434,1
435,0
436,1
437,1
438,2
439,2
440,0
441,1
442,0
443,0
444,2
445,2
446,1
447,1
448,1
449,1
450,2
451,2
452,2
453,1
454,1
455,1
456,0
457,1
458,1
459,1
460,1
461,2
462,0
463,1
464,2
465,1
466,2
467,1
468,1
469,0
470,0
471,0
472,2
473,2
474,0
475,2
476,1
477,2
478,2
479,1
480,2
481,2
482,2
483,0
484,1
485,1
486,1
487,0
488,2
489,1
490,2
491,0
492,1
493,1
494,1
495,0
496,0
497,1
498,2
499,2
500,2
501,0
502,2
503,1
504,0
505,1
506,0
507,2
508,0
509,2
510,2
511,1
512,0
513,0
514,2
515,0
516,2
517,1
518,2
519,1
520,1
521,1
522,0
523,2
524,2
525,2
526,1
527,0
528,2
529,2
530,1
531,1
532,1
533,1
534,2
535,1
536,2
537,1
538,0
539,1
540,0
541,1
542,1
543,2
544,2
545,0
546,2
547,0
548,1
549,2
550,1
551,0
552,1
553,1
554,1
555,2
556,1
557,0
558,0
559,2
560,1
561,1
562,1
563,0
564,2
565,0
566,2
567,1
568,1
569,1
570,1
571,1
572,0
573,1
574,1
575,0
576,1
577,0
578,1
579,2
580,2
581,2
582,1
583,1
584,2
585,2
586,1
587,2
588,0
589,1
590,1
591,2
592,1
593,1
594,2
595,1
596,2
597,0
598,2
599,1
600,2
601,1
602,1
603,2
604,2
605,2
606,0
607,1
608,0
609,2
610,2
611,2
612,1
613,1
614,2
615,1
616,1
617,2
618,1
619,1
620,0
621,2
622,2
623,1
624,2
625,1
626,0
627,1
628,1
629,2
630,1
631,2
632,2
633,2
634,2
635,2
636,0
637,1
638,2
639,2
640,1
641,0
642,1
643,0
644,1
645,2
646,1
647,0
648,0
649,1
650,1
651,1
652,2
653,0
654,0
655,2
656,2
657,2
658,1
659,2
660,2
661,0
662,2
663,0
664,2
665,1
666,2
667,1
668,2
669,2
670,1
671,1
672,1
673,1
674,1
675,1
676,2
677,0
678,2
679,1
680,2
681,0
682,1
683,1
684,1
685,2
686,1
687,2
688,2
689,1
690,1
691,2
692,2
693,0
694,1
695,1
696,1
697,2
698,1
699,1
700,1
701,0
702,1
703,2
704,1
705,0
706,1
707,1
708,1
709,2
710,1
711,1
712,2
713,1
714,1
715,2
716,1
717,2
718,2
719,0
720,1
721,2
722,1
723,1
724,2
725,2
726,2
727,0
728,0
729,1
730,2
731,1
732,2
733,2
734,0
735,2
736,0
737,2
738,1
739,2
740,1
741,1
742,1
743,2
744,2
745,1
746,1
747,2
748,1
749,1
750,0
751,0
752,0
753,2
754,2
755,1
756,1
757,0
758,1
759,1
760,0
761,0
762,2
763,2
764,2
765,1
766,2
767,2
768,1
769,2
770,1
771,2
772,1
773,2
774,2
775,1
776,0
777,2
778,1
779,1
780,1
781,0
782,0
783,2
784,1
785,1
786,1
787,1
788,1
789,0
790,1
791,2
792,1
793,1
794,2
795,1
796,2
797,2
798,1
799,2
800,0
801,0
802,0
803,1
804,2
805,2
806,0
807,2
808,1
809,0
810,2
811,1
812,2
813,1
814,1
815,1
816,2
817,1
818,2
819,0
820,0
821,1
822,2
823,1
824,2
825,2
826,1
827,2
828,2
829,2
830,0
831,1
832,0
833,1
834,2
835,2
836,0
837,0
838,1
839,0
840,2
841,1
842,1
843,1
844,1
845,1
846,2
847,2
848,2
849,2
850,2
851,1
852,2
853,1
854,1
855,2
856,1
857,1
858,1
859,1
860,1
861,1
862,1
863,0
864,1
865,2
866,0
867,1
868,1
869,1
870,0
871,1
872,2
873,2
874,1
875,1
876,0
877,1
878,2
879,2
880,2
881,2
882,2
883,1
884,2
885,2
886,2
887,1
888,0
889,1
890,0
891,2
892,2
893,2
894,2
895,0
896,2
897,0
898,2
899,2
900,1
901,2
902,1
903,1
904,2
905,1
906,1
907,2
908,2
909,0
910,0
911,1
912,2
913,0
914,0
915,2
916,1
917,1
918,1
919,2
920,2
921,1
922,2
923,2
924,2
925,1
926,1
927,1
928,0
929,1
930,2
931,1
932,1
933,1
934,1
935,2
936,1
937,1
938,1
939,2
940,2
941,2
942,1
943,2
944,2
945,2
946,1
947,2
948,1
949,2
950,0
951,2
952,2
953,2
954,2
955,2
956,0
957,0
958,2
959,0
960,0
961,0
962,0
963,0
964,0
965,1
966,0
967,1
968,2
969,2
970,2
971,1
972,2
973,2
974,0
975,0
976,2
977,1
978,2
979,1
980,2
981,2
982,1
983,2
984,2
985,1
986,1
987,2
988,2
989,2
990,2
991,1
992,2
993,0
994,1
995,2
996,0
997,1
998,2
999,2
1000,1
1001,2
1002,2
1003,1
1004,1
1005,0
1006,2
1007,1
1008,1
1009,1
1010,2
1011,1
1012,1
1013,2
1014,2
1015,0
1016,0
1017,0
1018,2
1019,2
1020,2
1021,1
1022,2
1023,0
1024,2
1025,0
1026,1
1027,0
1028,2
1029,1
1030,0
1031,1
1032,1
1033,1
1034,2
1035,0
1036,0
1037,2
1038,1
1039,0
1040,1
1041,1
1042,1
1043,1
1044,2
1045,2
1046,2
1047,1
1048,1
1049,1
1050,1
1051,1
1052,1
1053,2
1054,1
1055,0
1056,2
1057,2
1058,2
1059,1
1060,0
1061,2
1062,1
1063,1
1064,1
1065,0
1066,2
1067,2
1068,1
1069,1
1070,1
1071,2
1072,2
1073,2
1074,0
1075,1
1076,2
1077,0
1078,1
1079,2
1080,2
1081,1
1082,1
1083,1
1084,1
1085,2
1086,2
1087,1
1088,1
1089,1
1090,1
1091,0
1092,0
1093,1
1094,2
1095,1
1096,2
1097,2
1098,2
1099,2
1100,0
1101,0
1102,2
1103,2
1104,1
1105,1
1106,0
1107,1
1108,2
1109,2
1110,2
1111,1
1112,2
1113,1
1114,1
1115,2
1116,0
1117,2
1118,2
1119,0
1120,1
1121,1
1122,2
1123,1
1124,0
1125,1
1126,2
1127,0
1128,0
1129,0
1130,2
1131,0
1132,2
1133,2
1134,2
1135,1
1136,2
1137,0
1138,1
1139,1
1140,1
1141,1
1142,1
1143,2
1144,0
1145,0
1146,2
1147,0
1148,0
1149,0
1150,2
1151,1
1152,0
1153,1
1154,1
1155,2
1156,2
1157,0
1158,2
1159,1
1160,2
1161,2
1162,1
1163,2
1164,2
1165,1
1166,1
1167,2
1168,1
1169,1
1170,1
1171,1
1172,0
1173,0
1174,0
1175,0
1176,2
1177,1
1178,1
1179,0
1180,1
1181,0
1182,2
1183,0
1184,1
1185,0
1186,2
1187,2
1188,1
1189,0
1190,1
1191,1
1192,2
1193,2
1194,1
1195,0
1196,0
1197,1
1198,2
1199,1
1200,2
1201,1
1202,1
1203,2
1204,2
1205,1
1206,2
1207,2
1208,1
1209,2
1210,0
1211,1
1212,1
1213,1
1214,2
1215,1
1216,1
1217,0
1218,1
1219,0
1220,2
1221,0
1222,0
1223,2
1224,1
1225,2
1226,2
1227,1
1228,0
1229,0
1230,0
1231,2
1232,1
1233,1
1234,1
1235,0
1236,0
1237,0
1238,0
1239,0
1240,1
1241,1
1242,2
1243,1
1244,2
1245,2
1246,0
1247,1
1248,1
1249,1
1250,1
1251,0
1252,1
1253,0
1254,1
1255,1
1256,2
1257,2
1258,2
1259,0
1260,0
1261,1
1262,0
1263,2
1264,2
1265,1
1266,0
1267,1
1268,0
1269,0
1270,1
1271,2
1272,1
1273,1
1274,1
1275,2
1276,1
1277,0
1278,1
1279,2
1280,0
1281,0
1282,1
1283,1
1284,2
1285,0
1286,2
1287,1
1288,2
1289,1
1290,2
1291,1
1292,0
1293,2
1294,2
1295,2
1296,0
1297,2
1298,2
1299,2
1300,2
1301,0
1302,2
1303,0
1304,1
1305,2
1306,1
1307,1
1308,1
1309,2
1310,2
1311,2
1312,1
1313,1
1314,1
1315,0
1316,1
1317,1
1318,1
1319,0
1320,2
1321,2
1322,2
1323,1
1324,2
1325,2
1326,1
1327,1
1328,1
1329,1
1330,2
1331,2
1332,2
1333,1
1334,2
1335,2
1336,1
1337,2
1338,2
1339,1
1340,1
1341,0
1342,1
1343,2
1344,1
1345,1
1346,2
1347,2
1348,2
1349,2
1350,1
1351,2
1352,2
1353,0
1354,2
1355,1
1356,0
1357,2
1358,0
1359,0
1360,1
1361,0
1362,1
1363,1
1364,2
1365,0
1366,1
1367,2
1368,2
1369,0
1370,0
1371,0
1372,1
1373,1
1374,2
1375,2
1376,2
1377,1
1378,1
1379,1
1380,1
1381,2
1382,1
1383,1
1384,0
1385,1
1386,2
1387,1
1388,2
1389,1
1390,2
1391,1
1392,2
1393,1
1394,2
1395,1
1396,1
1397,0
1398,2
1399,2
1400,1
1401,0
1402,2
1403,2
1404,2
1405,2
1406,1
1407,1
1408,2
1409,0
1410,1
1411,2
1412,2
1413,2
1414,1
1415,2
1416,2
1417,2
1418,1
1419,2
1420,2
1421,0
1422,0
1423,2
1424,1
1425,1
1426,0
1427,0
1428,1
1429,2
1430,2
1431,2
1432,0
1433,0
1434,2
1435,2
1436,1
1437,2
1438,2
1439,1
1440,2
1441,2
1442,0
1443,2
1444,1
1445,0
1446,0
1447,1
1448,0
1449,0
1450,0
1451,2
1452,1
1453,1
1454,1
1455,1
1456,2
1457,1
1458,0
1459,0
1460,2
1461,0
1462,0
1463,1
1464,1
1465,1
1466,0
1467,1
1468,1
1469,0
1470,0
1471,0
1472,1
1473,1
1474,1
1475,0
1476,0
1477,0
1478,1
1479,1
1480,1
1481,1
1482,2
1483,2
1484,2
1485,2
1486,1
1487,0
1488,1
1489,0
1490,1
1491,2
1492,1
1493,1
1494,1
1495,1
1496,2
1497,1
1498,1
1499,1
1500,1
1501,1
1502,0
1503,2
1504,2
1505,0
1506,2
1507,1
1508,1
1509,0
1510,1
1511,0
1512,2
1513,1
1514,1
1515,2
1516,2
1517,2
1518,2
1519,0
1520,1
1521,2
1522,0
1523,1
1524,1
1525,2
1526,2
1527,2
1528,1
1529,1
1530,2
1531,0
1532,0
1533,1
1534,1
1535,1
1536,1
1537,1
1538,1
1539,2
1540,0
1541,0
1542,2
1543,1
1544,1
1545,0
1546,1
1547,0
1548,1
1549,2
1550,1
1551,1
1552,1
1553,2
1554,0
1555,2
1556,2
1557,0
1558,1
1559,0
1560,2
1561,0
1562,1
1563,1
1564,1
1565,1
1566,2
1567,0
1568,2
1569,2
1570,2
1571,1
1572,1
1573,0
1574,2
1575,0
1576,1
1577,2
1578,2
1579,1
1580,1
1581,2
1582,1
1583,2
1584,1
1585,2
1586,2
1587,2
1588,2
1589,1
1590,0
1591,0
1592,2
1593,1
1594,1
1595,2
1596,0
1597,1
1598,2
1599,0
1600,2
1601,2
1602,2
1603,2
1604,1
1605,0
1606,0
1607,0
1608,1
1609,1
1610,0
1611,2
1612,2
1613,2
1614,2
1615,1
1616,1
1617,1
1618,2
1619,1
1620,2
1621,2
1622,1
1623,0
1624,2
1625,0
1626,0
1627,2
1628,2
1629,2
1630,0
1631,2
1632,1
1633,1
1634,0
1635,0
1636,0
1637,1
1638,2
1639,1
1640,0
1641,0
1642,2
1643,0
1644,2
1645,2
1646,0
1647,1
1648,2
1649,1
1650,1
1651,2
1652,0
1653,2
1654,2
1655,2
1656,1
1657,0
1658,2
1659,0
1660,2
1661,1
1662,0
1663,2
1664,1
1665,0
1666,2
1667,1
1668,2
1669,2
1670,2
1671,2
1672,2
1673,1
1674,2
1675,2
1676,2
1677,2
1678,0
1679,2
1680,2
1681,0
1682,1
1683,2
1684,1
1685,1
1686,2
1687,1
1688,1
1689,1
1690,0
1691,1
1692,2
1693,2
1694,1
1695,2
1696,2
1697,2
1698,0
1699,2
1700,2
1701,1
1702,1
1703,0
1704,0
1705,2
1706,1
1707,1
1708,1
1709,1
1710,2
1711,2
1712,1
1713,2
1714,0
1715,0
1716,2
1717,1
1718,2
1719,0
1720,1
1721,2
1722,1
1723,1
1724,0
1725,2
1726,1
1727,1
1728,2
1729,2
1730,2
1731,1
1732,1
1733,1
1734,2
1735,2
1736,2
1737,0
1738,0
1739,2
1740,2
1741,1
1742,2
1743,1
1744,0
1745,1
1746,1
1747,2
1748,1
1749,1
1750,1
1751,1
1752,2
1753,0
1754,2
1755,2
1756,1
1757,2
1758,2
1759,1
1760,1
1761,0
1762,0
1763,1
1764,1
1765,0
1766,2
1767,0
1768,2
1769,0
1770,1
1771,1
1772,1
1773,1
1774,1
1775,0
1776,2
1777,2
1778,2
1779,1
1780,0
1781,1
1782,2
1783,0
1784,2
1785,0
1786,0
1787,2
1788,2
1789,1
1790,1
1791,2
1792,1
1793,1
1794,2
1795,1
1796,0
1797,1
1798,0
1799,2
1800,0
1801,1
1802,1
1803,0
1804,2
1805,1
1806,2
1807,1
1808,2
1809,1
1810,0
1811,1
1812,1
1813,1
1814,0
1815,0
1816,2
1817,2
1818,2
1819,2
1820,2
1821,1
1822,0
1823,2
1824,1
1825,2
1826,2
1827,2
1828,2
1829,2
1830,2
1831,1
1832,2
1833,1
1834,2
1835,2
1836,1
1837,1
1838,1
1839,0
1840,1
1841,1
1842,1
1843,2
1844,2
1845,1
1846,1
1847,1
1848,1
1849,0
1850,2
1851,1
1852,1
1853,2
1854,2
1855,1
1856,1
1857,1
1858,1
1859,2
1860,2
1861,0
1862,0
1863,1
1864,2
1865,2
1866,0
1867,1
1868,2
1869,1
1870,0
1871,2
1872,1
1873,1
1874,0
1875,2
1876,1
1877,1
1878,2
1879,2
1880,2
1881,0
1882,1
1883,1
1884,0
1885,1
1886,0
1887,2
1888,0
1889,2
1890,2
1891,0
1892,0
1893,2
1894,1
1895,2
1896,1
1897,0
1898,2
1899,2
1900,1
1901,2
1902,2
1903,0
1904,2
1905,1
1906,1
1907,2
1908,2
1909,1
1910,1
1911,1
1912,0
1913,1
1914,1
1915,1
1916,0
1917,2
1918,2
1919,1
1920,1
1921,1
1922,2
1923,1
1924,1
1925,2
1926,1
1927,0
1928,1
1929,1
1930,2
1931,2
1932,1
1933,1
1934,2
1935,0
1936,2
1937,1
1938,1
1939,1
1940,0
1941,1
1942,2
1943,2
1944,1
1945,1
1946,2
1947,0
1948,1
1949,2
1950,2
1951,0
1952,0
1953,1
1954,1
1955,1
1956,1
1957,2
1958,1
1959,0
1960,0
1961,1
1962,1
1963,2
1964,2
1965,2
1966,0
1967,0
1968,1
1969,2
1970,2
1971,1
1972,1
1973,1
1974,2
1975,2
1976,0
1977,1
1978,1
1979,1
1980,1
1981,0
1982,0
1983,2
1984,2
1985,0
1986,1
1987,1
1988,1
1989,2
1990,2
1991,1
1992,0
1993,1
1994,1
1995,2
1996,1
1997,2
1998,0
1999,1
2000,2
2001,2
2002,2
2003,0
2004,1
2005,1
2006,1
2007,2
2008,1
2009,2
2010,2
2011,0
2012,1
2013,2
2014,2
2015,2
2016,1
2017,1
2018,0
2019,0
2020,1
2021,1
2022,1
2023,1
2024,2
2025,2
2026,1
2027,1
2028,2
2029,2
2030,0
2031,1
2032,1
2033,1
2034,1
2035,0
2036,2
2037,2
2038,1
2039,2
2040,1
2041,2
2042,1
2043,2
2044,2
2045,2
2046,2
2047,1
2048,2
2049,1
2050,1
2051,0
2052,2
2053,2
2054,2
2055,2
2056,2
2057,1
2058,0
2059,1
2060,1
2061,0
2062,1
2063,2
2064,1
2065,2
2066,2
2067,1
2068,1
2069,2
2070,2
2071,1
2072,2
2073,0
2074,1
2075,1
2076,1
2077,1
2078,0
2079,2
2080,2
2081,0
2082,2
2083,0
2084,0
2085,2
2086,0
2087,2
2088,1
2089,2
2090,0
2091,0
2092,1
2093,2
2094,1
2095,0
2096,0
2097,2
2098,0
2099,2
2100,0
2101,0
2102,2
2103,2
2104,1
2105,1
2106,2
2107,2
2108,0
2109,2
2110,2
2111,2
2112,1
2113,1
2114,0
2115,0
2116,2
2117,2
2118,1
2119,0
2120,2
2121,0
2122,1
2123,1
2124,2
2125,2
2126,1
2127,1
2128,0
2129,0
2130,2
2131,1
2132,1
2133,1
2134,2
2135,2
2136,2
2137,1
2138,1
2139,2
2140,0
2141,1
2142,2
2143,2
2144,2
2145,1
2146,2
2147,1
2148,1
2149,1
2150,2
2151,2
2152,0
2153,1
2154,2
2155,1
2156,2
2157,0
2158,0
2159,0
2160,1
2161,2
2162,1
2163,2
2164,0
2165,1
2166,2
2167,1
2168,2
2169,1
2170,2
2171,2
2172,0
2173,1
2174,2
2175,2
2176,1
2177,1
2178,1
2179,2
2180,2
2181,2
2182,1
2183,2
2184,2
2185,0
2186,2
2187,2
2188,1
2189,1
2190,0
2191,1
2192,1
2193,1
2194,0
2195,2
2196,2
2197,1
2198,2
2199,1
2200,2
2201,2
2202,1
2203,1
2204,0
2205,2
2206,2
2207,1
2208,2
2209,1
2210,1
2211,2
2212,1
2213,2
2214,0
2215,2
2216,0
2217,2
2218,1
2219,2
2220,2
2221,2
2222,1
2223,0
2224,1
2225,0
2226,2
2227,1
2228,2
2229,1
2230,0
2231,1
2232,2
2233,2
2234,2
2235,2
2236,2
2237,1
2238,1
2239,1
2240,0
2241,2
2242,1
2243,2
2244,1
2245,2
2246,1
2247,1
2248,1
2249,0
2250,1
2251,1
2252,1
2253,2
2254,1
2255,2
2256,1
2257,0
2258,0
2259,0
2260,1
2261,1
2262,0
2263,2
2264,1
2265,0
2266,2
2267,1
2268,2
2269,1
2270,0
2271,2
2272,1
2273,1
2274,2
2275,2
2276,2
2277,1
2278,1
2279,2
2280,2
2281,0
2282,1
2283,1
2284,0
2285,1
2286,0
2287,2
2288,1
2289,2
2290,0
2291,1
2292,1
2293,0
2294,2
2295,2
2296,0
2297,2
2298,0
2299,2
2300,2
2301,0
2302,1
2303,2
2304,2
2305,2
2306,2
2307,2
2308,2
2309,2
2310,2
2311,1
2312,1
2313,2
2314,2
2315,1
2316,0
2317,2
2318,0
2319,2
2320,2
2321,0
2322,1
2323,1
2324,0
2325,2
2326,2
2327,1
2328,1
2329,0
2330,1
2331,0
2332,1
2333,1
2334,0
2335,2
2336,1
2337,0
2338,0
2339,2
2340,2
2341,2
2342,1
2343,2
2344,2
2345,2
2346,0
2347,1
2348,2
2349,2
2350,1
2351,0
2352,1
2353,0
2354,2
2355,1
2356,2
2357,1
2358,0
2359,0
2360,2
2361,2
2362,2
2363,1
2364,2
2365,2
2366,1
2367,1
2368,1
2369,0
2370,2
2371,2
2372,1
2373,0
2374,1
2375,2
2376,1
2377,1
2378,2
2379,2
2380,1
2381,2
2382,2
2383,2
2384,1
2385,1
2386,2
2387,0
2388,2
2389,1
2390,2
2391,1
2392,0
2393,0
2394,1
2395,0
2396,2
2397,2
2398,0
2399,1
2400,2
2401,1
2402,2
2403,1
2404,2
2405,1
2406,1
2407,1
2408,1
2409,1
2410,2
2411,0
2412,2
2413,2
2414,1
2415,1
2416,1
2417,1
2418,0
2419,1
2420,0
2421,2
2422,0
2423,0
2424,0
2425,0
2426,2
2427,2
2428,1
2429,0
2430,1
2431,2
2432,1
2433,1
2434,1
2435,2
2436,1
2437,1
2438,0
2439,1
2440,0
2441,2
2442,0
2443,1
2444,1
2445,2
2446,2
2447,2
2448,2
2449,2
2450,2
2451,2
2452,2
2453,0
2454,1
2455,0
2456,1
2457,2
2458,2
2459,1
2460,2
2461,1
2462,1
2463,2
2464,0
2465,1
2466,0
2467,2
2468,0
2469,1
2470,0
2471,2
2472,2
2473,1
2474,1
2475,2
2476,2
2477,1
2478,2
2479,1
2480,2
2481,1
2482,1
2483,2
2484,1
2485,2
2486,0
2487,2
2488,0
2489,1
2490,0
2491,1
2492,1
2493,1
2494,2
2495,2
2496,2
2497,1
2498,1
2499,1
2500,2
2501,1
2502,2
2503,0
2504,2
2505,2
2506,0
2507,1
2508,1
2509,0
2510,1
2511,1
2512,2
2513,1
2514,1
2515,0
2516,1
2517,2
2518,2
2519,1
2520,2
2521,1
2522,1
2523,1
2524,2
2525,2
2526,2
2527,1
2528,0
2529,0
2530,2
2531,1
2532,2
2533,1
2534,0
2535,1
2536,0
2537,1
2538,1
2539,2
2540,0
2541,2
2542,0
2543,1
2544,1
2545,2
2546,2
2547,1
2548,1
2549,1
2550,1
2551,1
2552,1
2553,1
2554,1
2555,2
2556,1
2557,1
2558,1
2559,2
2560,2
2561,1
2562,0
2563,0
2564,2
2565,2
2566,1
2567,2
2568,2
2569,2
2570,2
2571,1
2572,0
2573,2
2574,1
2575,0
2576,1
2577,2
2578,1
2579,2
2580,1
2581,0
2582,0
2583,0
2584,0
2585,1
2586,2
2587,2
2588,1
2589,1
2590,1
2591,0
2592,0
2593,2
2594,2
2595,1
2596,1
2597,1
2598,1
2599,1
2600,2
2601,2
2602,1
2603,1
2604,1
2605,1
2606,0
2607,1
2608,1
2609,2
2610,2
2611,1
2612,2
2613,2
2614,0
2615,2
2616,2
2617,0
2618,2
2619,2
2620,0
2621,2
2622,1
2623,2
2624,0
2625,1
2626,2
2627,2
2628,0
2629,0
2630,2
2631,2
2632,2
2633,2
2634,0
2635,0
2636,0
2637,1
2638,2
2639,2
2640,1
2641,0
2642,2
2643,1
2644,0
2645,1
2646,2
2647,1
2648,2
2649,0
2650,2
2651,1
2652,2
2653,1
2654,0
2655,1
2656,2
2657,1
2658,2
2659,2
2660,2
2661,1
2662,2
2663,0
2664,2
2665,2
2666,2
2667,1
2668,2
2669,1
2670,2
2671,1
2672,0
2673,1
2674,2
2675,1
2676,1
2677,2
2678,0
2679,0
2680,1
2681,0
2682,1
2683,1
2684,2
2685,0
2686,0
2687,2
2688,2
2689,1
2690,1
2691,1
2692,2
2693,2
2694,2
2695,0
2696,2
2697,2
2698,2
2699,2
2700,0
2701,2
2702,2
2703,0
2704,2
2705,0
2706,1
2707,0
2708,1
2709,1
2710,1
2711,0
2712,1
2713,1
2714,2
2715,1
2716,1
2717,2
2718,2
2719,0
2720,2
2721,0
2722,1
2723,1
2724,2
2725,1
2726,1
2727,2
2728,1
2729,1
2730,2
2731,2
2732,0
2733,1
2734,1
2735,2
2736,1
2737,0
2738,1
2739,2
2740,0
2741,1
2742,1
2743,2
2744,0
2745,1
2746,2
2747,1
2748,1
2749,2
2750,2
2751,2
2752,0
2753,1
2754,0
2755,0
2756,1
2757,1
2758,1
2759,0
2760,1
2761,2
2762,1
2763,1
2764,2
2765,0
2766,0
2767,0
2768,0
2769,0
2770,0
2771,2
2772,1
2773,2
2774,0
2775,1
2776,0
2777,2
2778,1
2779,1
2780,2
2781,2
2782,1
2783,1
2784,2
2785,2
2786,1
2787,2
2788,2
2789,0
2790,1
2791,1
2792,2
2793,1
2794,0
2795,0
2796,1
2797,2
2798,2
2799,1
2800,1
2801,2
2802,1
2803,1
2804,1
2805,0
2806,1
2807,0
2808,0
2809,2
2810,1
2811,1
2812,2
2813,1
2814,1
2815,0
2816,0
2817,2
2818,1
2819,1
2820,2
2821,0
2822,2
2823,0
2824,2
2825,1
2826,1
2827,0
2828,2
2829,1
2830,1
2831,1
2832,2
2833,0
2834,2
2835,1
2836,2
2837,2
2838,2
2839,2
2840,2
2841,0
2842,0
2843,1
2844,1
2845,0
2846,1
2847,2
2848,2
2849,2
2850,1
2851,2
2852,0
2853,1
2854,1
2855,1
2856,1
2857,1
2858,2
2859,1
2860,1
2861,2
2862,0
2863,2
2864,1
2865,0
2866,2
2867,0
2868,1
2869,0
2870,2
2871,2
2872,1
2873,0
2874,2
2875,0
2876,0
2877,2
2878,1
2879,1
2880,1
2881,2
2882,1
2883,1
2884,1
2885,1
2886,1
2887,1
2888,2
2889,2
2890,0
2891,2
2892,0
2893,1
2894,1
2895,0
2896,1
2897,2
2898,2
2899,2
2900,2
2901,1
2902,1
2903,0
2904,2
2905,0
2906,1
2907,2
2908,2
2909,1
2910,2
2911,1
2912,1
2913,0
2914,1
2915,0
2916,2
2917,2
2918,0
2919,2
2920,0
2921,2
2922,1
2923,2
2924,2
2925,2
2926,0
2927,2
2928,2
2929,2
2930,2
2931,2
2932,1
2933,0
2934,1
2935,0
2936,1
2937,1
2938,0
2939,2
2940,1
2941,1
2942,2
2943,2
2944,2
2945,2
2946,2
2947,1
2948,2
2949,2
2950,1
2951,1
2952,1
2953,1
2954,2
2955,0
2956,2
2957,1
2958,0
2959,1
2960,0
2961,1
2962,2
2963,2
2964,1
2965,1
2966,1
2967,1
2968,1
2969,0
2970,0
2971,1
2972,1
2973,1
2974,2
2975,1
2976,2
2977,2
2978,2
2979,0
2980,2
2981,2
2982,2
2983,2
2984,2
2985,1
2986,1
2987,1
2988,1
2989,0
2990,2
2991,1
2992,2
2993,2
2994,1
2995,2
2996,1
2997,1
2998,2
2999,2
3000,0
3001,2
3002,1
3003,2
3004,2
3005,2
3006,1
3007,1
3008,0
3009,1
3010,2
3011,1
3012,1
3013,1
3014,2
3015,1
3016,1
3017,2
3018,1
3019,2
3020,1
3021,0
3022,0
3023,2
3024,1
3025,2
3026,2
3027,2
3028,2
3029,0
3030,0
3031,1
3032,1
3033,1
3034,1
3035,2
3036,0
3037,0
3038,2
3039,1
3040,2
3041,0
3042,2
3043,0
3044,1
3045,1
3046,1
3047,2
3048,1
3049,0
3050,2
3051,1
3052,2
3053,2
3054,1
3055,2
3056,1
3057,2
3058,2
3059,0
3060,0
3061,1
3062,1
3063,1
3064,1
3065,1
3066,1
3067,0
3068,2
3069,1
3070,1
3071,2
3072,1
3073,0
3074,0
3075,2
3076,1
3077,1
3078,0
3079,2
3080,1
3081,1
3082,2
3083,0
3084,1
3085,1
3086,1
3087,2
3088,1
3089,2
3090,2
3091,2
3092,2
3093,2
3094,2
3095,2
3096,1
3097,2
3098,0
3099,1
3100,0
3101,2
3102,2
3103,0
3104,1
3105,1
3106,1
3107,0
3108,2
3109,2
3110,1
3111,1
3112,2
3113,2
3114,2
3115,2
3116,1
3117,2
3118,0
3119,2
3120,2
3121,1
3122,0
3123,1
3124,1
3125,2
3126,1
3127,1
3128,2
3129,2
3130,2
3131,1
3132,2
3133,1
3134,1
3135,1
3136,0
3137,2
3138,2
3139,2
3140,2
3141,0
3142,1
3143,2
3144,0
3145,1
3146,2
3147,1
3148,1
3149,2
3150,1
3151,0
3152,0
3153,1
3154,2
3155,1
3156,1
3157,2
3158,1
3159,1
3160,2
3161,2
3162,0
3163,2
3164,1
3165,1
3166,1
3167,1
3168,0
3169,1
3170,2
3171,1
3172,2
3173,2
3174,2
3175,1
3176,1
3177,1
3178,1
3179,1
3180,2
3181,1
3182,1
3183,1
3184,2
3185,2
3186,0
3187,2
3188,2
3189,0
3190,1
3191,2
3192,2
3193,2
3194,1
3195,1
3196,2
3197,1
3198,2
3199,0
3200,0
3201,2
3202,0
3203,1
3204,2
3205,1
3206,2
3207,0
3208,1
3209,2
3210,2
3211,1
3212,2
3213,2
3214,1
3215,2
3216,1
3217,2
3218,1
3219,1
3220,2
3221,1
3222,2
3223,0
3224,1
3225,2
3226,2
3227,0
3228,1
3229,0
3230,1
3231,2
3232,1
3233,0
3234,0
3235,1
3236,0
3237,1
3238,1
3239,1
3240,1
3241,0
3242,0
3243,1
3244,2
3245,2
3246,2
3247,1
3248,2
3249,1
3250,1
3251,1
3252,0
3253,1
3254,2
3255,2
3256,2
3257,2
3258,2
3259,2
3260,1
3261,1
3262,2
3263,1
3264,2
3265,2
3266,0
3267,0
3268,0
3269,1
3270,2
3271,2
3272,1
3273,1
3274,2
3275,0
3276,1
3277,1
3278,0
3279,1
3280,2
3281,2
3282,2
3283,1
3284,2
3285,2
3286,2
3287,2
3288,1
3289,1
3290,1
3291,2
3292,1
3293,1
3294,0
3295,2
3296,0
3297,1
3298,2
3299,2
3300,1
3301,1
3302,1
3303,0
3304,1
3305,1
3306,0
3307,0
3308,1
3309,0
3310,1
3311,1
3312,2
3313,0
3314,0
3315,2
3316,2
3317,1
3318,0
3319,1
3320,2
3321,1
3322,0
3323,2
3324,1
3325,2
3326,1
3327,2
3328,1
3329,1
3330,2
3331,2
3332,2
3333,1
3334,2
3335,1
3336,1
3337,2
3338,2
3339,2
3340,0
3341,2
3342,2
3343,1
3344,2
3345,1
3346,2
3347,2
3348,1
3349,1
3350,0
3351,2
3352,0
3353,2
3354,1
3355,0
3356,2
3357,1
3358,1
3359,0
3360,1
3361,2
3362,1
3363,2
3364,1
3365,0
3366,1
3367,1
3368,1
3369,1
3370,2
3371,1
3372,2
3373,1
3374,2
3375,2
3376,1
3377,2
3378,1
3379,2
3380,2
3381,1
3382,2
3383,1
3384,2
3385,0
3386,1
3387,2
3388,2
3389,2
3390,1
3391,0
3392,0
3393,0
3394,2
3395,0
3396,0
3397,1
3398,1
3399,2
3400,2
3401,2
3402,0
3403,2
3404,1
3405,0
3406,2
3407,1
3408,1
3409,2
3410,2
3411,2
3412,0
3413,0
3414,1
3415,2
3416,2
3417,2
3418,2
3419,1
3420,0
3421,0
3422,1
3423,2
3424,1
3425,2
3426,1
3427,0
3428,1
3429,1
3430,1
3431,1
3432,2
3433,1
3434,2
3435,2
3436,2
3437,2
3438,2
3439,2
3440,0
3441,1
3442,1
3443,2
3444,1
3445,1
3446,2
3447,2
3448,2
3449,2
3450,0
3451,2
3452,2
3453,0
3454,2
3455,1
3456,2
3457,1
3458,0
3459,1
3460,2
3461,2
3462,1
3463,2
3464,0
3465,1
3466,1
3467,0
3468,2
3469,0
3470,2
3471,0
3472,1
3473,2
3474,1
3475,0
3476,2
3477,1
3478,2
3479,1
3480,1
3481,2
3482,0
3483,2
3484,1
3485,1
3486,1
3487,0
3488,0
3489,1
3490,2
3491,1
3492,2
3493,2
3494,1
3495,1
3496,1
3497,1
3498,0
3499,0
3500,0
3501,2
3502,1
3503,2
3504,0
3505,1
3506,0
3507,2
3508,1
3509,1
3510,0
3511,2
3512,0
3513,1
3514,0
3515,2
3516,0
3517,2
3518,2
3519,1
3520,1
3521,1
3522,1
3523,1
3524,2
3525,0
3526,1
3527,1
3528,2
3529,2
3530,0
3531,0
3532,1
3533,0
3534,1
3535,2
3536,2
3537,1
3538,2
3539,1
3540,2
3541,0
3542,2
3543,1
3544,1
3545,1
3546,1
3547,0
3548,0
3549,2
3550,2
3551,1
3552,0
3553,1
3554,2
3555,2
3556,2
3557,0
3558,1
3559,0
3560,1
3561,1
3562,1
3563,2
3564,2
3565,2
3566,1
3567,0
3568,2
3569,2
3570,2
3571,0
3572,1
3573,2
3574,2
3575,0
3576,1
3577,1
3578,1
3579,2
3580,2
3581,0
3582,1
3583,1
3584,1
3585,2
3586,2
3587,1
3588,2
3589,2
3590,2
3591,1
3592,2
3593,0
3594,1
3595,1
3596,1
3597,2
3598,1
3599,0
3600,2
3601,0
3602,2
3603,1
3604,2
3605,2
3606,2
3607,2
3608,0
3609,1
3610,2
3611,2
3612,0
3613,0
3614,1
3615,0
3616,1
3617,2
3618,0
3619,0
3620,2
3621,0
3622,2
3623,2
3624,2
3625,1
3626,2
3627,1
3628,0
3629,0
3630,2
3631,1
3632,0
3633,2
3634,2
3635,1
3636,2
3637,1
3638,1
3639,1
3640,1
3641,1
3642,1
3643,1
3644,2
3645,2
3646,0
3647,1
3648,2
3649,2
3650,1
3651,0
3652,2
3653,2
3654,2
3655,1
3656,2
3657,2
3658,2
3659,2
3660,1
3661,1
3662,1
3663,2
3664,1
3665,0
3666,2
3667,1
3668,1
3669,1
3670,2
3671,0
3672,1
3673,2
3674,1
3675,0
3676,1
3677,1
3678,1
3679,1
3680,1
3681,1
3682,1
3683,1
3684,0
3685,2
3686,1
3687,1
3688,2
3689,2
3690,0
3691,2
3692,1
3693,0
3694,1
3695,1
3696,0
3697,2
3698,2
3699,1
3700,1
3701,1
3702,2
3703,2
3704,1
3705,1
3706,0
3707,1
3708,0
3709,2
3710,1
3711,0
3712,1
3713,1
3714,2
3715,0
3716,0
3717,2
3718,1
3719,1
3720,2
3721,1
3722,1
3723,1
3724,1
3725,1
3726,2
3727,2
3728,2
3729,2
3730,2
3731,0
3732,1
3733,1
3734,0
3735,2
3736,0
3737,1
3738,0
3739,1
3740,1
3741,1
3742,2
3743,1
3744,2
3745,0
3746,1
3747,1
3748,1
3749,1
3750,0
3751,2
3752,1
3753,1
3754,2
3755,2
3756,0
3757,0
3758,1
3759,1
3760,1
3761,1
3762,2
3763,0
3764,2
3765,1
3766,1
3767,0
3768,2
3769,1
3770,2
3771,1
3772,2
3773,0
3774,1
3775,0
3776,2
3777,2
3778,1
3779,0
3780,0
3781,2
3782,2
3783,1
3784,1
3785,2
3786,1
3787,1
3788,2
3789,2
3790,0
3791,0
3792,0
3793,0
3794,2
3795,0
3796,2
3797,2
3798,2
3799,1
3800,1
3801,0
3802,2
3803,2
3804,2
3805,0
3806,2
3807,0
3808,2
3809,2
3810,2
3811,1
3812,2
3813,0
3814,1
3815,2
3816,1
3817,0
3818,2
3819,2
3820,1
3821,2
3822,1
3823,1
3824,1
3825,2
3826,2
3827,2
3828,2
3829,2
3830,2
3831,1
3832,2
3833,1
3834,2
3835,2
3836,0
3837,1
3838,0
3839,1
3840,2
3841,2
3842,1
3843,1
3844,2
3845,1
3846,2
3847,1
3848,2
3849,0
3850,2
3851,0
3852,1
3853,1
3854,2
3855,1
3856,1
3857,2
3858,1
3859,1
3860,0
3861,1
3862,1
3863,1
3864,2
3865,1
3866,1
3867,1
3868,2
3869,0
3870,2
3871,0
3872,1
3873,2
3874,2
3875,2
3876,2
3877,2
3878,1
3879,2
3880,2
3881,0
3882,0
3883,2
3884,2
3885,1
3886,0
3887,1
3888,1
3889,1
3890,1
3891,1
3892,2
3893,0
3894,1
3895,1
3896,2
3897,2
3898,1
3899,2
3900,2
3901,2
3902,1
3903,1
3904,1
3905,2
3906,1
3907,2
3908,2
3909,2
3910,1
3911,2
3912,1
3913,1
3914,0
3915,2
3916,1
3917,1
3918,0
3919,0
3920,1
3921,1
3922,1
3923,0
3924,2
3925,1
3926,2
3927,2
3928,0
3929,2
3930,1
3931,2
3932,1
3933,1
3934,0
3935,2
3936,1
3937,1
3938,1
3939,1
3940,1
3941,1
3942,1
3943,1
3944,2
3945,2
3946,1
3947,2
3948,2
3949,1
3950,1
3951,2
3952,0
3953,2
3954,1
3955,1
3956,2
3957,0
3958,1
3959,2
3960,0
3961,0
3962,1
3963,1
3964,0
3965,0
3966,1
3967,2
3968,2
3969,1
3970,1
3971,1
3972,1
3973,1
3974,2
3975,0
3976,2
3977,2
3978,1
3979,2
3980,0
3981,1
3982,0
3983,2
3984,1
3985,2
3986,0
3987,1
3988,0
3989,2
3990,1
3991,1
3992,1
3993,1
3994,1
3995,2
3996,1
3997,2
3998,1
3999,0
4000,1
4001,1
4002,2
4003,0
4004,1
4005,1
4006,2
4007,2
4008,1
4009,1
4010,1
4011,0
4012,1
4013,1
4014,2
4015,2
4016,0
4017,1
4018,2
4019,0
4020,0
4021,2
4022,2
4023,1
4024,0
4025,0
4026,1
4027,0
4028,1
4029,2
4030,1
4031,2
4032,1
4033,0
4034,0
4035,0
4036,1
4037,0
4038,0
4039,2
4040,0
4041,1
4042,1
4043,0
4044,1
4045,0
4046,2
4047,2
4048,0
4049,1
4050,1
4051,2
4052,2
4053,2
4054,0
4055,1
4056,2
4057,1
4058,1
4059,2
4060,1
4061,1
4062,1
4063,2
4064,2
4065,2
4066,0
4067,1
4068,2
4069,1
4070,0
4071,0
4072,2
4073,1
4074,2
4075,2
4076,1
4077,1
4078,2
4079,1
4080,0
4081,2
4082,2
4083,0
4084,2
4085,2
4086,0
4087,2
4088,1
4089,1
4090,0
4091,2
4092,0
4093,1
4094,2
4095,2
4096,1
4097,1
4098,0
4099,2
4100,0
4101,1
4102,0
4103,1
4104,1
4105,2
4106,2
4107,0
4108,2
4109,2
4110,0
4111,1
4112,2
4113,2
4114,1
4115,2
4116,2
4117,1
4118,2
4119,2
4120,2
4121,1
4122,1
4123,2
4124,0
4125,2
4126,1
4127,2
4128,0
4129,1
4130,2
4131,2
4132,0
4133,1
4134,0
4135,1
4136,0
4137,1
4138,0
4139,0
4140,2
4141,1
4142,2
4143,1
4144,2
4145,1
4146,1
4147,2
4148,0
4149,2
4150,1
4151,1
4152,2
4153,0
4154,1
4155,2
4156,0
4157,1
4158,2
4159,1
4160,2
4161,0
4162,2
4163,1
4164,2
4165,1
4166,2
4167,1
4168,2
4169,2
4170,1
4171,0
4172,1
4173,1
4174,2
4175,2
4176,1
4177,0
4178,1
4179,1
4180,0
4181,2
4182,2
4183,2
4184,1
4185,1
4186,0
4187,2
4188,1
4189,0
4190,1
4191,1
4192,1
4193,0
4194,0
4195,2
4196,1
4197,2
4198,1
4199,1
4200,0
4201,2
4202,2
4203,2
4204,2
4205,2
4206,1
4207,1
4208,0
4209,1
4210,1
4211,1
4212,2
4213,0
4214,0
4215,2
4216,0
4217,2
4218,0
4219,2
4220,1
4221,1
4222,1
4223,1
4224,2
4225,2
4226,0
4227,2
4228,2
4229,1
4230,0
4231,1
4232,1
4233,2
4234,2
4235,1
4236,2
4237,1
4238,2
4239,1
4240,2
4241,1
4242,1
4243,1
4244,0
4245,1
4246,2
4247,1
4248,1
4249,0
4250,1
4251,2
4252,1
4253,2
4254,2
4255,2
4256,1
4257,0
4258,1
4259,1
4260,1
4261,0
4262,2
4263,0
4264,1
4265,2
4266,1
4267,0
4268,0
4269,2
4270,1
4271,2
4272,0
4273,1
4274,1
4275,0
4276,2
4277,2
4278,2
4279,0
4280,2
4281,1
4282,1
4283,1
4284,2
4285,1
4286,0
4287,2
4288,1
4289,0
4290,0
4291,2
4292,0
4293,0
4294,1
4295,2
4296,1
4297,1
4298,2
4299,1
4300,0
4301,1
4302,1
4303,2
4304,2
4305,0
4306,1
4307,1
4308,2
4309,2
4310,1
4311,0
4312,2
4313,2
4314,2
4315,0
4316,2
4317,1
4318,1
4319,0
4320,1
4321,0
4322,1
4323,1
4324,1
4325,1
4326,0
4327,2
4328,1
4329,1
4330,0
4331,2
4332,0
4333,2
4334,1
4335,1
4336,2
4337,1
4338,2
4339,2
4340,2
4341,1
4342,1
4343,1
4344,1
4345,2
4346,1
4347,0
4348,0
4349,0
4350,0
4351,2
4352,1
4353,0
4354,2
4355,2
4356,2
4357,2
4358,2
4359,2
4360,0
4361,1
4362,2
4363,2
4364,0
4365,1
4366,0
4367,2
4368,1
4369,1
4370,2
4371,1
4372,1
4373,0
4374,0
4375,2
4376,1
4377,1
4378,1
4379,2
4380,0
4381,0
4382,1
4383,2
4384,1
4385,2
4386,1
4387,1
4388,2
4389,1
4390,0
4391,0
4392,1
4393,2
4394,0
4395,2
4396,2
4397,0
4398,1
4399,2
4400,2
4401,0
4402,1
4403,1
4404,0
4405,2
4406,2
4407,1
4408,2
4409,2
4410,2
4411,1
4412,0
4413,2
4414,2
4415,0
4416,1
4417,0
4418,2
4419,2
4420,1
4421,1
4422,0
4423,0
4424,1
4425,1
4426,1
4427,1
4428,2
4429,2
4430,2
4431,2
4432,0
4433,1
4434,0
4435,1
4436,2
4437,2
4438,0
4439,1
4440,1
4441,2
4442,1
4443,0
4444,1
4445,1
4446,1
4447,2
4448,1
4449,0
4450,2
4451,1
4452,1
4453,1
4454,0
4455,1
4456,0
4457,0
4458,2
4459,2
4460,2
4461,2
4462,1
4463,0
4464,2
4465,1
4466,1
4467,2
4468,1
4469,1
4470,2
4471,0
4472,0
4473,2
4474,2
4475,1
4476,1
4477,2
4478,0
4479,2
4480,2
4481,2
4482,1
4483,1
4484,2
4485,1
4486,1
4487,1
4488,2
4489,2
4490,1
4491,0
4492,1
4493,1
4494,1
4495,1
4496,0
4497,2
4498,2
4499,2
4500,2
4501,2
4502,2
4503,2
4504,1
4505,1
4506,2
4507,1
4508,0
4509,0
4510,1
4511,2
4512,2
4513,0
4514,1
4515,0
4516,2
4517,0
4518,0
4519,2
4520,1
4521,2
4522,0
4523,2
4524,0
4525,2
4526,1
4527,0
4528,2
4529,1
4530,2
4531,0
4532,2
4533,2
4534,0
4535,1
4536,0
4537,1
4538,0
4539,1
4540,1
4541,1
4542,1
4543,2
4544,0
4545,2
4546,2
4547,1
4548,1
4549,1
4550,2
4551,2
4552,1
4553,2
4554,2
4555,1
4556,1
4557,2
4558,1
4559,1
4560,2
4561,0
4562,2
4563,1
4564,2
4565,1
4566,2
4567,0
4568,1
4569,0
4570,0
4571,2
4572,1
4573,1
4574,0
4575,1
4576,1
4577,1
4578,1
4579,2
4580,1
4581,2
4582,1
4583,0
4584,1
4585,0
4586,1
4587,1
4588,2
4589,2
4590,2
4591,0
4592,1
4593,2
4594,2
4595,0
4596,2
4597,2
4598,1
4599,2
4600,2
4601,1
4602,1
4603,2
4604,2
4605,2
4606,2
4607,2
4608,0
4609,0
4610,0
4611,2
4612,2
4613,2
4614,2
4615,2
4616,1
4617,2
4618,0
4619,2
4620,2
4621,1
4622,1
4623,1
4624,0
4625,2
4626,2
4627,0
4628,1
4629,0
4630,2
4631,1
4632,0
4633,1
4634,2
4635,0
4636,2
4637,1
4638,1
4639,2
4640,0
4641,2
4642,2
4643,1
4644,2
4645,0
4646,1
4647,2
4648,2
4649,2
4650,1
4651,1
4652,2
4653,2
4654,1
4655,1
4656,2
4657,2
4658,1
4659,2
4660,1
4661,0
4662,0
4663,1
4664,2
4665,2
4666,2
4667,2
4668,1
4669,0
4670,2
4671,2
4672,1
4673,2
4674,1
4675,0
4676,2
4677,1
4678,0
4679,2
4680,1
4681,0
4682,1
4683,1
4684,2
4685,1
4686,2
4687,2
4688,2
4689,2
4690,1
4691,0
4692,0
4693,1
4694,1
4695,0
4696,0
4697,1
4698,1
4699,0
4700,1
4701,1
4702,0
4703,1
4704,1
4705,2
4706,0
4707,1
4708,2
4709,2
4710,0
4711,2
4712,0
4713,2
4714,1
4715,0
4716,1
4717,1
4718,2
4719,0
4720,1
4721,1
4722,1
4723,1
4724,2
4725,1
4726,2
4727,1
4728,1
4729,2
4730,2
4731,1
4732,1
4733,2
4734,2
4735,0
4736,2
4737,1
4738,1
4739,1
4740,0
4741,0
4742,1
4743,0
4744,1
4745,2
4746,1
4747,0
4748,2
4749,2
4750,0
4751,0
4752,1
4753,1
4754,1
4755,0
4756,0
4757,2
4758,1
4759,1
4760,0
4761,1
4762,0
4763,0
4764,2
4765,2
4766,2
4767,1
4768,2
4769,2
4770,1
4771,2
4772,0
4773,1
4774,2
4775,2
4776,2
4777,0
4778,1
4779,1
4780,2
4781,1
4782,2
4783,2
4784,1
4785,0
4786,2
4787,0
4788,2
4789,1
4790,2
4791,0
4792,1
4793,0
4794,0
4795,2
4796,1
4797,1
4798,2
4799,2
4800,2
4801,1
4802,0
4803,1
4804,1
4805,0
4806,2
4807,0
4808,0
4809,2
4810,0
4811,2
4812,2
4813,1
4814,1
4815,2
4816,1
4817,1
4818,2
4819,0
4820,2
4821,0
4822,2
4823,2
4824,1
4825,1
4826,0
4827,0
4828,1
4829,2
4830,2
4831,0
4832,2
4833,1
4834,1
4835,1
4836,2
4837,1
4838,1
4839,1
4840,0
4841,2
4842,2
4843,2
4844,0
4845,1
4846,1
4847,1
4848,1
4849,2
4850,2
4851,2
4852,1
4853,0
4854,1
4855,2
4856,1
4857,2
4858,1
4859,1
4860,1
4861,1
4862,2
4863,2
4864,2
4865,1
4866,1
4867,2
4868,0
4869,2
4870,2
4871,0
4872,0
4873,1
4874,2
4875,1
4876,2
4877,0
4878,1
4879,1
4880,1
4881,1
4882,1
4883,1
4884,1
4885,0
4886,2
4887,1
4888,2
4889,1
4890,2
4891,2
4892,1
4893,1
4894,2
4895,2
4896,1
4897,2
4898,2
4899,1
4900,1
4901,2
4902,1
4903,2
4904,2
4905,0
4906,2
4907,2
4908,1
4909,1
4910,1
4911,1
4912,2
4913,1
4914,1
4915,0
4916,0
4917,0
4918,2
4919,1
4920,1
4921,2
4922,0
4923,0
4924,2
4925,1
4926,2
4927,1
4928,2
4929,2
4930,1
4931,1
4932,2
4933,1
4934,1
4935,2
4936,1
4937,0
4938,0
4939,2
4940,1
4941,0
4942,1
4943,1
4944,1
4945,1
4946,2
4947,2
4948,2
4949,1
4950,2
4951,1
4952,1
4953,0
4954,1
4955,1
4956,2
4957,0
4958,1
4959,2
4960,1
4961,1
4962,1
4963,0
4964,2
4965,0
4966,0
4967,1
4968,2
4969,2
4970,1
4971,0
4972,2
4973,0
4974,0
4975,1
4976,1
4977,2
4978,2
4979,0
4980,1
4981,2
4982,2
4983,1
4984,2
4985,2
4986,2
4987,0
4988,1
4989,1
4990,1
4991,1
4992,1
4993,2
4994,2
4995,2
4996,2
4997,1
4998,2
4999,2
5000,2
5001,2
5002,1
5003,2
5004,2
5005,2
5006,2
5007,2
5008,2
5009,1
5010,2
5011,2
5012,0
5013,1
5014,2
5015,1
5016,1
5017,1
5018,1
5019,2
5020,2
5021,1
5022,0
5023,1
5024,0
5025,0
5026,1
5027,2
5028,2
5029,1
5030,2
5031,0
5032,0
5033,2
5034,1
5035,1
5036,2
5037,2
5038,2
5039,1
5040,2
5041,0
5042,1
5043,1
5044,2
5045,1
5046,2
5047,1
5048,2
5049,0
5050,2
5051,1
5052,2
5053,0
5054,1
5055,0
5056,1
5057,1
5058,2
5059,0
5060,1
5061,2
5062,2
5063,1
5064,1
5065,0
5066,2
5067,2
5068,2
5069,1
5070,2
5071,1
5072,0
5073,2
5074,1
5075,0
5076,1
5077,2
5078,0
5079,2
5080,0
5081,1
5082,1
5083,1
5084,2
5085,1
5086,1
5087,2
5088,1
5089,0
5090,2
5091,2
5092,1
5093,2
5094,1
5095,1
5096,1
5097,1
5098,1
5099,1
5100,1
5101,0
5102,2
5103,2
5104,0
5105,0
5106,2
5107,2
5108,0
5109,2
5110,1
5111,2
5112,0
5113,0
5114,0
5115,1
5116,1
5117,1
5118,0
5119,2
5120,0
5121,2
5122,1
5123,1
5124,2
5125,1
5126,2
5127,2
5128,1
5129,1
5130,2
5131,2
5132,2
5133,0
5134,1
5135,2
5136,1
5137,1
5138,0
5139,2
5140,1
5141,2
5142,2
5143,2
5144,1
5145,2
5146,2
5147,2
5148,1
5149,1
5150,1
5151,2
5152,2
5153,2
5154,2
5155,2
5156,0
5157,1
5158,1
5159,2
5160,1
5161,2
5162,2
5163,0
5164,1
5165,1
5166,1
5167,1
5168,2
5169,0
5170,0
5171,2
5172,1
5173,1
5174,1
5175,1
5176,2
5177,2
5178,0
5179,2
5180,1
5181,1
5182,2
5183,2
5184,0
5185,0
5186,1
5187,1
5188,1
5189,1
5190,1
5191,1
5192,1
5193,2
5194,1
5195,0
5196,2
5197,1
5198,2
5199,1
5200,2
5201,1
5202,1
5203,2
5204,1
5205,1
5206,2
5207,1
5208,0
5209,2
5210,1
5211,1
5212,1
5213,0
5214,1
5215,2
5216,1
5217,1
5218,2
5219,0
5220,1
5221,2
5222,1
5223,2
5224,0
5225,1
5226,2
5227,2
5228,2
5229,2
5230,2
5231,0
5232,2
5233,1
5234,1
5235,2
5236,0
5237,0
5238,1
5239,0
5240,1
5241,1
5242,1
5243,0
5244,2
5245,1
5246,2
5247,0
5248,2
5249,2
5250,1
5251,1
5252,2
5253,0
5254,2
5255,1
5256,2
5257,1
5258,1
5259,2
5260,2
5261,1
5262,0
5263,0
5264,1
5265,2
5266,2
5267,0
5268,1
5269,1
5270,2
5271,1
5272,2
5273,2
5274,2
5275,0
5276,1
5277,1
5278,0
5279,1
5280,2
5281,1
5282,0
5283,2
5284,0
5285,1
5286,1
5287,1
5288,0
5289,1
5290,1
5291,1
5292,1
5293,1
5294,0
5295,2
5296,0
5297,1
5298,2
5299,0
5300,1
5301,0
5302,1
5303,1
5304,2
5305,0
5306,2
5307,2
5308,2
5309,2
5310,0
5311,2
5312,2
5313,1
5314,2
5315,2
5316,0
5317,0
5318,1
5319,1
5320,2
5321,1
5322,1
5323,2
5324,2
5325,1
5326,1
5327,1
5328,2
5329,2
5330,0
5331,2
5332,1
5333,0
5334,1
5335,2
5336,2
5337,2
5338,1
5339,0
5340,2
5341,0
5342,2
5343,1
5344,0
5345,1
5346,2
5347,2
5348,0
5349,0
5350,0
5351,1
5352,1
5353,2
5354,1
5355,1
5356,1
5357,0
5358,1
5359,2
5360,0
5361,1
5362,0
5363,2
5364,1
5365,1
5366,2
5367,1
5368,1
5369,1
5370,1
5371,2
5372,2
5373,2
5374,1
5375,1
5376,1
5377,2
5378,2
5379,2
5380,1
5381,1
5382,1
5383,0
5384,1
5385,1
5386,2
5387,2
5388,0
5389,2
5390,2
5391,2
5392,0
5393,2
5394,1
5395,1
5396,0
5397,2
5398,2
5399,0
5400,0
5401,0
5402,2
5403,2
5404,2
5405,1
5406,2
5407,0
5408,1
5409,2
5410,2
5411,2
5412,1
5413,2
5414,2
5415,2
5416,1
5417,2
5418,0
5419,1
5420,2
5421,1
5422,1
5423,0
5424,0
5425,2
5426,0
5427,0
5428,2
5429,2
5430,1
5431,1
5432,2
5433,0
5434,2
5435,1
5436,0
5437,2
5438,1
5439,1
5440,1
5441,2
5442,1
5443,2
5444,1
5445,2
5446,2
5447,2
5448,1
5449,1
5450,2
5451,0
5452,1
5453,1
5454,2
5455,2
5456,2
5457,0
5458,0
5459,0
5460,1
5461,1
5462,1
5463,1
5464,0
5465,2
5466,1
5467,0
5468,2
5469,2
5470,0
5471,1
5472,1
5473,1
5474,1
5475,0
5476,1
5477,0
5478,1
5479,1
5480,2
5481,0
5482,1
5483,1
5484,1
5485,1
5486,2
5487,2
5488,0
5489,2
5490,2
5491,0
5492,2
5493,1
5494,1
5495,1
5496,1
5497,1
5498,1
5499,0
5500,1
5501,2
5502,0
5503,1
5504,1
5505,1
5506,1
5507,0
5508,0
5509,2
5510,1
5511,1
5512,2
5513,0
5514,2
5515,2
5516,2
5517,2
5518,2
5519,1
5520,1
5521,0
5522,1
5523,1
5524,1
5525,1
5526,1
5527,1
5528,1
5529,1
5530,0
5531,0
5532,0
5533,2
5534,0
5535,1
5536,2
5537,0
5538,0
5539,1
5540,1
5541,0
5542,1
5543,2
5544,2
5545,1
5546,2
5547,1
5548,1
5549,1
5550,1
5551,1
5552,2
5553,2
5554,0
5555,2
5556,1
5557,2
5558,1
5559,2
5560,1
5561,0
5562,0
5563,1
5564,1
5565,2
5566,0
5567,1
5568,0
5569,0
5570,2
5571,1
5572,0
5573,2
5574,2
5575,1
5576,1
5577,2
5578,2
5579,0
5580,0
5581,1
5582,1
5583,2
5584,1
5585,0
5586,1
5587,1
5588,1
5589,2
5590,1
5591,1
5592,2
5593,1
5594,2
5595,2
5596,1
5597,0
5598,1
5599,1
5600,2
5601,0
5602,2
5603,0
5604,1
5605,2
5606,2
5607,1
5608,1
5609,2
5610,0
5611,1
5612,1
5613,0
5614,1
5615,0
5616,1
5617,0
5618,1
5619,0
5620,1
5621,2
5622,2
5623,0
5624,1
5625,2
5626,2
5627,0
5628,1
5629,1
5630,2
5631,0
5632,1
5633,2
5634,1
5635,1
5636,0
5637,2
5638,0
5639,0
5640,2
5641,1
5642,2
5643,1
5644,1
5645,1
5646,2
5647,1
5648,2
5649,0
5650,1
5651,2
5652,2
5653,2
5654,1
5655,2
5656,2
5657,0
5658,0
5659,2
5660,1
5661,0
5662,2
5663,1
5664,2
5665,1
5666,0
5667,0
5668,0
5669,2
5670,1
5671,1
5672,2
5673,2
5674,1
5675,1
5676,2
5677,2
5678,0
5679,1
5680,0
5681,2
5682,0
5683,1
5684,0
5685,2
5686,2
5687,1
5688,2
5689,0
5690,0
5691,2
5692,0
5693,2
5694,1
5695,2
5696,0
5697,2
5698,2
5699,1
5700,2
5701,2
5702,1
5703,2
5704,2
5705,2
5706,0
5707,2
5708,2
5709,1
5710,1
5711,1
5712,0
5713,2
5714,2
5715,1
5716,2
5717,2
5718,1
5719,2
5720,2
5721,1
5722,0
5723,2
5724,0
5725,1
5726,1
5727,1
5728,1
5729,2
5730,0
5731,0
5732,2
5733,2
5734,1
5735,2
5736,0
5737,0
5738,1
5739,0
5740,2
5741,1
5742,1
5743,0
5744,2
5745,1
5746,0
5747,1
5748,1
5749,1
5750,2
5751,1
5752,2
5753,2
5754,1
5755,2
5756,1
5757,1
5758,1
5759,0
5760,1
5761,1
5762,1
5763,1
5764,2
5765,1
5766,1
5767,2
5768,2
5769,2
5770,0
5771,2
5772,2
5773,1
5774,1
5775,2
5776,1
5777,1
5778,2
5779,2
5780,2
5781,1
5782,2
5783,0
5784,2
5785,2
5786,2
5787,0
5788,0
5789,1
5790,2
5791,0
5792,1
5793,0
5794,2
5795,1
5796,1
5797,0
5798,2
5799,2
5800,1
5801,0
5802,2
5803,2
5804,2
5805,0
5806,2
5807,1
5808,2
5809,1
5810,0
5811,0
5812,0
5813,1
5814,1
5815,1
5816,2
5817,1
5818,1
5819,1
5820,1
5821,0
5822,0
5823,1
5824,2
5825,0
5826,0
5827,0
5828,1
5829,2
5830,0
5831,1
5832,1
5833,2
5834,1
5835,2
5836,0
5837,0
5838,2
5839,2
5840,0
5841,1
5842,2
5843,1
5844,1
5845,2
5846,0
5847,2
5848,2
5849,2
5850,0
5851,2
5852,2
5853,1
5854,1
5855,1
5856,2
5857,0
5858,1
5859,1
5860,0
5861,2
5862,2
5863,1
5864,0
5865,2
5866,1
5867,1
5868,1
5869,2
5870,2
5871,1
5872,0
5873,0
5874,1
5875,0
5876,1
5877,2
5878,1
5879,0
5880,2
5881,2
5882,1
5883,2
5884,0
5885,2
5886,1
5887,0
5888,1
5889,1
5890,1
5891,0
5892,0
5893,2
5894,0
5895,2
5896,0
5897,1
5898,1
5899,0
5900,1
5901,2
5902,2
5903,2
5904,1
5905,0
5906,1
5907,1
5908,1
5909,1
5910,2
5911,0
5912,2
5913,1
5914,1
5915,0
5916,0
5917,1
5918,2
5919,2
5920,2
5921,2
5922,0
5923,1
5924,1
5925,1
5926,1
5927,1
5928,0
5929,1
5930,0
5931,1
5932,0
5933,2
5934,0
5935,1
5936,2
5937,2
5938,1
5939,1
5940,1
5941,1
5942,1
5943,1
5944,0
5945,2
5946,0
5947,1
5948,1
5949,2
5950,0
5951,1
5952,1
5953,2
5954,2
5955,1
5956,1
5957,1
5958,2
5959,1
5960,2
5961,0
5962,1
5963,1
5964,1
5965,0
5966,2
5967,1
5968,1
5969,2
5970,1
5971,0
5972,0
5973,2
5974,1
5975,0
5976,1
5977,0
5978,2
5979,1
5980,2
5981,2
5982,1
5983,1
5984,1
5985,0
5986,1
5987,2
5988,2
5989,1
5990,1
5991,0
5992,0
5993,2
5994,2
5995,1
5996,1
5997,2
5998,2
5999,0
6000,1
6001,1
6002,0
6003,1
6004,1
6005,2
6006,0
6007,2
6008,1
6009,1
6010,1
6011,1
6012,0
6013,1
6014,2
6015,2
6016,1
6017,0
6018,2
6019,2
6020,2
6021,1
6022,0
6023,0
6024,0
6025,1
6026,0
6027,2
6028,1
6029,0
6030,0
6031,1
6032,2
6033,1
6034,0
6035,2
6036,2
6037,1
6038,0
6039,1
6040,1
6041,1
6042,2
6043,2
6044,2
6045,2
6046,2
6047,0
6048,1
6049,1
6050,0
6051,1
6052,2
6053,0
6054,0
6055,1
6056,2
6057,2
6058,0
6059,1
6060,1
6061,1
6062,0
6063,1
6064,1
6065,2
6066,0
6067,1
6068,1
6069,0
6070,1
6071,1
6072,2
6073,1
6074,2
6075,0
6076,0
6077,2
6078,1
6079,1
6080,2
6081,1
6082,2
6083,2
6084,1
6085,1
6086,1
6087,0
6088,2
6089,2
6090,1
6091,0
6092,0
6093,1
6094,1
6095,0
6096,2
6097,0
6098,2
6099,1
6100,2
6101,1
6102,0
6103,2
6104,2
6105,0
6106,1
6107,1
6108,1
6109,2
6110,1
6111,1
6112,2
6113,0
6114,2
6115,2
6116,1
6117,1
6118,2
6119,2
6120,2
6121,2
6122,0
6123,2
6124,0
6125,2
6126,1
6127,1
6128,1
6129,0
6130,1
6131,2
6132,2
6133,2
6134,2
6135,1
6136,0
6137,1
6138,2
6139,1
6140,1
6141,1
6142,1
6143,0
6144,1
6145,1
6146,1
6147,2
6148,2
6149,0
6150,0
6151,1
6152,2
6153,1
6154,1
6155,2
6156,2
6157,1
6158,2
6159,1
6160,2
6161,2
6162,2
6163,1
6164,0
6165,1
6166,2
6167,2
6168,1
6169,1
6170,2
6171,0
6172,0
6173,1
6174,2
6175,1
6176,1
6177,1
6178,0
6179,2
6180,2
6181,2
6182,2
6183,1
6184,1
6185,2
6186,1
6187,0
6188,2
6189,0
6190,1
6191,1
6192,1
6193,0
6194,1
6195,0
6196,2
6197,2
6198,0
6199,0
6200,1
6201,1
6202,2
6203,0
6204,2
6205,2
6206,1
6207,1
6208,2
6209,1
6210,2
6211,0
6212,0
6213,0
6214,1
6215,2
6216,2
6217,1
6218,2
6219,0
6220,1
6221,2
6222,1
6223,2
6224,2
6225,1
6226,0
6227,0
6228,1
6229,2
6230,1
6231,1
6232,1
6233,0
6234,1
6235,2
6236,1
6237,2
6238,1
6239,1
6240,2
6241,1
6242,0
6243,2
6244,0
6245,1
6246,2
6247,2
6248,2
6249,1
6250,1
6251,1
6252,1
6253,2
6254,0
6255,0
6256,1
6257,1
6258,2
6259,1
6260,1
6261,2
6262,1
6263,0
6264,1
6265,2
6266,2
6267,1
6268,2
6269,1
6270,0
6271,1
6272,0
6273,2
6274,0
6275,2
6276,2
6277,0
6278,2
6279,0
6280,0
6281,1
6282,2
6283,2
6284,2
6285,1
6286,2
6287,2
6288,1
6289,0
6290,1
6291,0
6292,0
6293,1
6294,2
6295,1
6296,2
6297,0
6298,1
6299,0
6300,2
6301,0
6302,2
6303,2
6304,1
6305,0
6306,2
6307,1
6308,0
6309,2
6310,2
6311,1
6312,1
6313,0
6314,2
6315,2
6316,0
6317,1
6318,2
6319,0
6320,2
6321,2
6322,1
6323,2
6324,1
6325,1
6326,1
6327,1
6328,1
6329,1
6330,1
6331,0
6332,1
6333,2
6334,2
6335,2
6336,2
6337,1
6338,1
6339,2
6340,1
6341,2
6342,0
6343,0
6344,1
6345,1
6346,1
6347,2
6348,1
6349,0
6350,2
6351,0
6352,1
6353,2
6354,0
6355,1
6356,0
6357,0
6358,2
6359,2
6360,1
6361,2
6362,1
6363,0
6364,0
6365,2
6366,0
6367,2
6368,2
6369,0
6370,1
6371,1
6372,1
6373,1
6374,1
6375,0
6376,1
6377,0
6378,2
6379,0
6380,2
6381,0
6382,2
6383,1
6384,1
6385,0
6386,2
6387,1
6388,1
6389,1
6390,1
6391,1
6392,0
6393,2
6394,1
6395,1
6396,2
6397,2
6398,1
6399,1
6400,2
6401,1
6402,2
6403,1
6404,1
6405,2
6406,2
6407,2
6408,0
6409,2
6410,1
6411,0
6412,1
6413,1
6414,0
6415,1
6416,2
6417,1
6418,2
6419,1
6420,0
6421,0
6422,0
6423,2
6424,1
6425,2
6426,2
6427,0
6428,2
6429,1
6430,2
6431,2
6432,1
6433,2
6434,1
6435,0
6436,1
6437,0
6438,2
6439,0
6440,1
6441,0
6442,1
6443,1
6444,1
6445,0
6446,2
6447,2
6448,1
6449,1
6450,2
6451,2
6452,2
6453,2
6454,1
6455,2
6456,2
6457,0
6458,1
6459,2
6460,0
6461,2
6462,1
6463,1
6464,2
6465,1
6466,2
6467,1
6468,1
6469,1
6470,0
6471,1
6472,1
6473,1
6474,1
6475,2
6476,0
6477,2
6478,1
6479,1
6480,2
6481,0
6482,1
6483,0
6484,2
6485,0
6486,1
6487,0
6488,2
6489,1
6490,2
6491,2
6492,2
6493,0
6494,0
6495,1
6496,2
6497,0
6498,2
6499,1
6500,2
6501,2
6502,2
6503,1
6504,1
6505,2
6506,1
6507,1
6508,1
6509,0
6510,2
6511,0
6512,2
6513,2
6514,1
6515,1
6516,2
6517,1
6518,2
6519,0
6520,2
6521,1
6522,1
6523,2
6524,2
6525,2
6526,0
6527,2
6528,2
6529,1
6530,0
6531,1
6532,0
6533,2
6534,2
6535,1
6536,2
6537,0
6538,0
6539,0
6540,0
6541,2
6542,1
6543,0
6544,0
6545,2
6546,2
6547,0
6548,2
6549,1
6550,2
6551,1
6552,2
6553,1
6554,1
6555,2
6556,1
6557,1
6558,1
6559,0
6560,1
6561,2
6562,1
6563,2
6564,1
6565,1
6566,1
6567,2
6568,2
6569,1
6570,1
6571,2
6572,1
6573,2
6574,2
6575,2
6576,1
6577,1
6578,2
6579,1
6580,1
6581,1
6582,0
6583,1
6584,1
6585,0
6586,1
6587,2
6588,1
6589,2
6590,1
6591,1
6592,2
6593,1
6594,1
6595,2
6596,2
6597,1
6598,2
6599,1
6600,1
6601,1
6602,0
6603,2
6604,0
6605,2
6606,0
6607,0
6608,1
6609,2
6610,2
6611,2
6612,1
6613,0
6614,2
6615,2
6616,0
6617,2
6618,2
6619,1
6620,0
6621,1
6622,2
6623,1
6624,0
6625,0
6626,1
6627,1
6628,2
6629,0
6630,2
6631,2
6632,2
6633,2
6634,1
6635,2
6636,1
6637,1
6638,1
6639,2
6640,1
6641,1
6642,2
6643,2
6644,2
6645,1
6646,1
6647,2
6648,1
6649,0
6650,0
6651,0
6652,2
6653,2
6654,0
6655,1
6656,0
6657,2
6658,1
6659,2
6660,1
6661,1
6662,2
6663,0
6664,2
6665,0
6666,2
6667,1
6668,1
6669,0
6670,0
6671,1
6672,2
6673,2
6674,1
6675,0
6676,1
6677,2
6678,1
6679,1
6680,2
6681,1
6682,1
6683,1
6684,2
6685,0
6686,1
6687,1
6688,1
6689,0
6690,2
6691,1
6692,0
6693,2
6694,1
6695,1
6696,1
6697,2
6698,2
6699,0
6700,0
6701,0
6702,1
6703,1
6704,0
6705,2
6706,2
6707,2
6708,1
6709,2
6710,2
6711,1
6712,1
6713,0
6714,1
6715,2
6716,0
6717,1
6718,1
6719,1
6720,2
6721,2
6722,1
6723,0
6724,0
6725,0
6726,0
6727,1
6728,1
6729,1
6730,2
6731,1
6732,0
6733,1
6734,1
6735,2
6736,2
6737,1
6738,2
6739,2
6740,0
6741,0
6742,1
6743,1
6744,1
6745,1
6746,2
6747,1
6748,2
6749,2
6750,1
6751,2
6752,0
6753,2
6754,1
6755,0
6756,0
6757,1
6758,2
6759,2
6760,2
6761,2
6762,2
6763,2
6764,2
6765,1
6766,1
6767,1
6768,1
6769,2
6770,2
6771,0
6772,1
6773,1
6774,2
6775,2
6776,2
6777,1
6778,2
6779,2
6780,2
6781,1
6782,1
6783,0
6784,1
6785,1
6786,2
6787,1
6788,2
6789,1
6790,2
6791,1
6792,0
6793,2
6794,2
6795,2
6796,2
6797,1
6798,2
6799,1
6800,1
6801,1
6802,1
6803,2
6804,2
6805,2
6806,1
6807,2
6808,1
6809,1
6810,0
6811,1
6812,1
6813,1
6814,2
6815,2
6816,1
6817,0
6818,2
6819,0
6820,0
6821,1
6822,0
6823,1
6824,2
6825,2
6826,2
6827,2
6828,1
6829,1
6830,0
6831,2
6832,1
6833,0
6834,0
6835,1
6836,0
6837,1
6838,1
6839,0
6840,0
6841,2
6842,1
6843,1
6844,1
6845,1
6846,0
6847,2
6848,2
6849,0
6850,0
6851,1
6852,1
6853,1
6854,1
6855,1
6856,1
6857,2
6858,2
6859,2
6860,1
6861,1
6862,1
6863,0
6864,1
6865,1
6866,0
6867,1
6868,1
6869,2
6870,1
6871,2
6872,1
6873,2
6874,0
6875,1
6876,1
6877,2
6878,1
6879,1
6880,0
6881,2
6882,2
6883,1
6884,2
6885,1
6886,0
6887,0
6888,1
6889,2
6890,0
6891,1
6892,2
6893,2
6894,2
6895,0
6896,2
6897,1
6898,2
6899,1
6900,2
6901,1
6902,2
6903,2
6904,0
6905,1
6906,1
6907,2
6908,2
6909,1
6910,2
6911,2
6912,2
6913,1
6914,1
6915,0
6916,2
6917,2
6918,0
6919,1
6920,2
6921,1
6922,0
6923,1
6924,0
6925,0
6926,0
6927,1
6928,1
6929,0
6930,1
6931,2
6932,1
6933,0
6934,1
6935,2
6936,2
6937,2
6938,0
6939,2
6940,2
6941,2
6942,1
6943,2
6944,1
6945,2
6946,0
6947,0
6948,2
6949,0
6950,1
6951,1
6952,1
6953,2
6954,1
6955,1
6956,0
6957,1
6958,1
6959,1
6960,1
6961,1
6962,2
6963,1
6964,1
6965,2
6966,2
6967,2
6968,1
6969,2
6970,2
6971,1
6972,1
6973,2
6974,2
6975,1
6976,1
6977,0
6978,1
6979,1
6980,1
6981,2
6982,0
6983,1
6984,1
6985,1
6986,1
6987,1
6988,2
6989,0
6990,1
6991,2
6992,0
6993,1
6994,1
6995,1
6996,1
6997,1
6998,2
6999,1
7000,1
7001,2
7002,2
7003,2
7004,2
7005,2
7006,1
7007,1
7008,2
7009,2
7010,1
7011,2
7012,1
7013,2
7014,2
7015,1
7016,1
7017,1
7018,2
7019,1
7020,1
7021,1
7022,1
7023,1
7024,1
7025,1
7026,2
7027,0
7028,2
7029,2
7030,2
7031,2
7032,0
7033,2
7034,0
7035,1
7036,2
7037,1
7038,2
7039,1
7040,0
7041,2
7042,1
7043,1
7044,2
7045,1
7046,1
7047,1
7048,1
7049,2
7050,0
7051,1
7052,2
7053,1
7054,2
7055,0
7056,0
7057,1
7058,2
7059,0
7060,1
7061,0
7062,2
7063,2
7064,0
7065,2
7066,0
7067,2
7068,1
7069,2
7070,2
7071,1
7072,1
7073,1
7074,1
7075,2
7076,1
7077,1
7078,0
7079,2
7080,1
7081,0
7082,1
7083,1
7084,1
7085,2
7086,0
7087,0
7088,2
7089,0
7090,1
7091,1
7092,0
7093,1
7094,1
7095,1
7096,2
7097,2
7098,2
7099,2
7100,1
7101,0
7102,1
7103,2
7104,0
7105,2
7106,1
7107,1
7108,2
7109,1
7110,2
7111,2
7112,2
7113,2
7114,1
7115,0
7116,1
7117,1
7118,1
7119,2
7120,1
7121,1
7122,2
7123,2
7124,2
7125,1
7126,1
7127,0
7128,2
7129,1
7130,1
7131,0
7132,1
7133,0
7134,2
7135,0
7136,0
7137,0
7138,1
7139,0
7140,1
7141,1
7142,2
7143,0
7144,1
7145,1
7146,1
7147,1
7148,1
7149,2
7150,2
7151,2
7152,0
7153,2
7154,0
7155,1
7156,1
7157,0
7158,0
7159,1
7160,2
7161,1
7162,0
7163,1
7164,1
7165,2
7166,2
7167,2
7168,2
7169,1
7170,1
7171,2
7172,1
7173,1
7174,0
7175,1
7176,2
7177,1
7178,1
7179,1
7180,1
7181,0
7182,1
7183,2
7184,1
7185,0
7186,1
7187,1
7188,1
7189,2
7190,2
7191,2
7192,2
7193,0
7194,0
7195,1
7196,0
7197,1
7198,2
7199,1
7200,2
7201,1
7202,1
7203,2
7204,0
7205,2
7206,2
7207,2
7208,1
7209,2
7210,1
7211,2
7212,0
7213,1
7214,2
7215,1
7216,1
7217,1
7218,0
7219,1
7220,0
7221,1
7222,0
7223,1
7224,1
7225,1
7226,1
7227,2
7228,0
7229,1
7230,1
7231,0
7232,1
7233,2
7234,2
7235,2
7236,0
7237,1
7238,0
7239,1
7240,0
7241,2
7242,2
7243,2
7244,2
7245,2
7246,2
7247,2
7248,2
7249,2
7250,1
7251,1
7252,2
7253,1
7254,1
7255,2
7256,2
7257,1
7258,2
7259,2
7260,0
7261,1
7262,1
7263,0
7264,2
7265,2
7266,2
7267,2
7268,1
7269,0
7270,2
7271,1
7272,1
7273,0
7274,0
7275,0
7276,1
7277,0
7278,2
7279,1
7280,1
7281,1
7282,0
7283,2
7284,0
7285,2
7286,2
7287,1
7288,2
7289,1
7290,1
7291,1
7292,2
7293,0
7294,1
7295,1
7296,1
7297,1
7298,2
7299,0
7300,0
7301,1
7302,0
7303,0
7304,1
7305,1
7306,2
7307,1
7308,0
7309,1
7310,2
7311,2
7312,2
7313,1
7314,0
7315,1
7316,0
7317,1
7318,2
7319,1
7320,1
7321,0
7322,2
7323,0
7324,2
7325,1
7326,1
7327,1
7328,2
7329,1
7330,1
7331,2
7332,2
7333,1
7334,2
7335,1
7336,2
7337,1
7338,1
7339,1
7340,1
7341,1
7342,0
7343,2
7344,0
7345,2
7346,0
7347,1
7348,0
7349,0
7350,1
7351,2
7352,2
7353,2
7354,2
7355,2
7356,0
7357,2
7358,1
7359,2
7360,1
7361,2
7362,0
7363,0
7364,0
7365,1
7366,0
7367,2
7368,2
7369,1
7370,1
7371,1
7372,2
7373,2
7374,1
7375,2
7376,0
7377,2
7378,1
7379,1
7380,1
7381,2
7382,1
7383,2
7384,2
7385,1
7386,1
7387,2
7388,1
7389,1
7390,1
7391,2
7392,1
7393,2
7394,2
7395,1
7396,1
7397,2
7398,1
7399,2
7400,1
7401,2
7402,1
7403,1
7404,1
7405,1
7406,1
7407,2
7408,0
7409,0
7410,2
7411,2
7412,2
7413,0
7414,1
7415,0
7416,1
7417,1
7418,2
7419,2
7420,2
7421,2
7422,1
7423,1
7424,2
7425,0
7426,0
7427,2
7428,0
7429,1
7430,2
7431,2
7432,2
7433,1
7434,1
7435,0
7436,1
7437,1
7438,2
7439,2
7440,1
7441,1
7442,2
7443,1
7444,2
7445,2
7446,2
7447,1
7448,0
7449,1
7450,1
7451,2
7452,0
7453,0
7454,2
7455,1
7456,2
7457,1
7458,1
7459,2
7460,2
7461,1
7462,1
7463,2
7464,0
7465,0
7466,0
7467,1
7468,1
7469,2
7470,1
7471,2
7472,1
7473,1
7474,1
7475,1
7476,1
7477,1
7478,0
7479,1
7480,1
7481,1
7482,1
7483,1
7484,0
7485,1
7486,1
7487,0
7488,2
7489,1
7490,0
7491,0
7492,2
7493,2
7494,2
7495,2
7496,0
7497,1
7498,2
7499,1
7500,2
7501,1
7502,0
7503,2
7504,0
7505,2
7506,0
7507,1
7508,1
7509,0
7510,1
7511,1
7512,0
7513,2
7514,1
7515,0
7516,2
7517,2
7518,1
7519,1
7520,2
7521,2
7522,2
7523,1
7524,1
7525,2
7526,1
7527,2
7528,2
7529,1
7530,0
7531,0
7532,1
7533,2
7534,1
7535,0
7536,2
7537,2
7538,2
7539,2
7540,1
7541,2
7542,0
7543,0
7544,1
7545,2
7546,0
7547,2
7548,1
7549,1
7550,2
7551,1
7552,2
7553,1
7554,0
7555,2
7556,1
7557,0
7558,2
7559,1
7560,2
7561,2
7562,1
7563,2
7564,2
7565,1
7566,1
7567,1
7568,1
7569,2
7570,2
7571,0
7572,1
7573,1
7574,0
7575,1
7576,2
7577,2
7578,2
7579,1
7580,2
7581,0
7582,0
7583,1
7584,2
7585,2
7586,0
7587,1
7588,1
7589,1
7590,0
7591,0
7592,2
7593,2
7594,1
7595,0
7596,2
7597,1
7598,0
7599,1
7600,2
7601,1
7602,0
7603,2
7604,1
7605,1
7606,1
7607,1
7608,1
7609,0
7610,2
7611,2
7612,2
7613,1
7614,0
7615,1
7616,2
7617,2
7618,1
7619,2
7620,1
7621,1
7622,2
7623,1
7624,0
7625,1
7626,1
7627,1
7628,1
7629,0
7630,2
7631,1
7632,1
7633,1
7634,1
7635,0
7636,2
7637,1
7638,2
7639,1
7640,2
7641,2
7642,1
7643,2
7644,1
7645,2
7646,2
7647,1
7648,1
7649,2
7650,1
7651,1
7652,2
7653,0
7654,0
7655,0
7656,2
7657,1
7658,0
7659,2
7660,2
7661,1
7662,2
7663,2
7664,2
7665,0
7666,1
7667,2
7668,2
7669,1
7670,2
7671,1
7672,1
7673,2
7674,2
7675,2
7676,2
7677,1
7678,0
7679,1
7680,1
7681,0
7682,1
7683,2
7684,0
7685,2
7686,0
7687,1
7688,2
7689,2
7690,2
7691,1
7692,2
7693,2
7694,1
7695,0
7696,0
7697,1
7698,2
7699,1
7700,1
7701,2
7702,2
7703,2
7704,2
7705,1
7706,2
7707,1
7708,0
7709,2
7710,2
7711,2
7712,1
7713,2
7714,1
7715,0
7716,2
7717,1
7718,2
7719,1
7720,0
7721,0
7722,2
7723,2
7724,0
7725,1
7726,1
7727,0
7728,1
7729,2
7730,1
7731,1
7732,1
7733,1
7734,2
7735,1
7736,2
7737,1
7738,2
7739,2
7740,2
7741,0
7742,0
7743,1
7744,1
7745,2
7746,2
7747,1
7748,2
7749,1
7750,2
7751,2
7752,2
7753,1
7754,1
7755,0
7756,2
7757,2
7758,0
7759,2
7760,2
7761,0
7762,0
7763,0
7764,1
7765,2
7766,2
7767,2
7768,2
7769,0
7770,1
7771,2
7772,2
7773,1
7774,2
7775,2
7776,2
7777,2
7778,1
7779,0
7780,1
7781,2
7782,2
7783,2
7784,2
7785,0
7786,2
7787,1
7788,2
7789,2
7790,0
7791,1
7792,0
7793,1
7794,2
7795,2
7796,0
7797,2
7798,1
7799,0
7800,2
7801,1
7802,2
7803,2
7804,1
7805,2
7806,2
7807,0
7808,2
7809,1
7810,1
7811,1
7812,2
7813,2
7814,1
7815,0
7816,1
7817,2
7818,0
7819,0
7820,2
7821,1
7822,1
7823,2
7824,2
7825,2
7826,1
7827,1
7828,0
7829,2
7830,1
7831,1
7832,2
7833,2
7834,2
7835,1
7836,0
7837,0
7838,1
7839,1
7840,1
7841,2
7842,1
7843,1
7844,2
7845,2
7846,2
7847,0
7848,1
7849,2
7850,1
7851,0
7852,1
7853,2
7854,2
7855,1
7856,1
7857,1
7858,2
7859,1
7860,2
7861,1
7862,1
7863,1
7864,0
7865,2
7866,0
7867,2
7868,1
7869,1
7870,2
7871,1
7872,2
7873,2
7874,2
7875,2
7876,0
7877,1
7878,1
7879,1
7880,1
7881,2
7882,1
7883,1
7884,1
7885,2
7886,1
7887,0
7888,2
7889,2
7890,0
7891,0
7892,1
7893,2
7894,1
7895,1
7896,2
7897,0
7898,2
7899,2
7900,1
7901,2
7902,1
7903,1
7904,1
7905,2
7906,1
7907,2
7908,1
7909,2
7910,2
7911,2
7912,2
7913,2
7914,1
7915,0
7916,2
7917,0
7918,0
7919,1
7920,1
7921,2
7922,0
7923,2
7924,2
7925,2
7926,1
7927,1
7928,1
7929,1
7930,1
7931,1
7932,2
7933,0
7934,2
7935,1
7936,2
7937,0
7938,2
7939,0
7940,1
7941,1
7942,2
7943,0
7944,0
7945,2
7946,2
7947,1
7948,1
7949,1
7950,2
7951,0
7952,0
7953,2
7954,1
7955,1
7956,1
7957,2
7958,0
7959,2
7960,2
7961,1
7962,1
7963,1
7964,2
7965,2
7966,2
7967,0
7968,1
7969,2
7970,2
7971,2
7972,2
7973,1
7974,1
7975,1
7976,2
7977,0
7978,0
7979,1
7980,2
7981,1
7982,2
7983,2
7984,1
7985,1
7986,2
7987,2
7988,1
7989,1
7990,2
7991,2
7992,0
7993,0
7994,1
7995,2
7996,2
7997,2
7998,2
7999,1
8000,0
8001,2
8002,1
8003,2
8004,0
8005,2
8006,0
8007,1
8008,0
8009,2
8010,1
8011,2
8012,2
8013,0
8014,0
8015,2
8016,2
8017,1
8018,2
8019,0
8020,2
8021,1
8022,0
8023,2
8024,1
8025,0
8026,1
8027,0
8028,0
8029,1
8030,1
8031,0
8032,1
8033,0
8034,1
8035,1
8036,2
8037,2
8038,2
8039,1
8040,0
8041,1
8042,1
8043,2
8044,0
8045,2
8046,0
8047,0
8048,0
8049,2
8050,2
8051,1
8052,1
8053,2
8054,2
8055,2
8056,2
8057,1
8058,1
8059,1
8060,2
8061,2
8062,2
8063,2
8064,2
8065,0
8066,1
8067,1
8068,2
8069,2
8070,1
8071,0
8072,0
8073,2
8074,2
8075,1
8076,1
8077,2
8078,0
8079,2
8080,2
8081,2
8082,1
8083,1
8084,0
8085,1
8086,1
8087,2
8088,2
8089,2
8090,2
8091,2
8092,1
8093,2
8094,1
8095,2
8096,2
8097,1
8098,1
8099,1
8100,1
8101,1
8102,2
8103,2
8104,2
8105,2
8106,1
8107,2
8108,2
8109,1
8110,2
8111,1
8112,1
8113,1
8114,1
8115,1
8116,0
8117,0
8118,2
8119,0
8120,2
8121,2
8122,2
8123,1
8124,2
8125,1
8126,2
8127,0
8128,2
8129,2
8130,1
8131,1
8132,1
8133,1
8134,0
8135,2
8136,2
8137,1
8138,0
8139,2
8140,2
8141,2
8142,1
8143,1
8144,2
8145,1
8146,1
8147,1
8148,2
8149,2
8150,0
8151,1
8152,2
8153,1
8154,2
8155,0
8156,2
8157,1
8158,2
8159,1
8160,1
8161,1
8162,2
8163,2
8164,1
8165,0
8166,2
8167,0
8168,2
8169,2
8170,2
8171,0
8172,1
8173,1
8174,2
8175,1
8176,2
8177,2
8178,0
8179,1
8180,1
8181,2
8182,1
8183,2
8184,1
8185,0
8186,0
8187,2
8188,1
8189,2
8190,0
8191,1
8192,2
8193,2
8194,1
8195,1
8196,0
8197,1
8198,2
8199,2
8200,0
8201,1
8202,1
8203,1
8204,1
8205,1
8206,1
8207,1
8208,0
8209,1
8210,0
8211,2
8212,0
8213,2
8214,1
8215,2
8216,2
8217,2
8218,1
8219,2
8220,2
8221,1
8222,0
8223,0
8224,0
8225,1
8226,2
8227,0
8228,2
8229,0
8230,1
8231,1
8232,1
8233,1
8234,1
8235,0
8236,1
8237,0
8238,2
8239,1
8240,2
8241,1
8242,0
8243,2
8244,2
8245,2
8246,1
8247,2
8248,2
8249,2
8250,2
8251,1
8252,1
8253,1
8254,1
8255,0
8256,1
8257,2
8258,2
8259,0
8260,0
8261,0
8262,2
8263,2
8264,1
8265,1
8266,0
8267,0
8268,2
8269,1
8270,2
8271,1
8272,1
8273,2
8274,1
8275,0
8276,0
8277,1
8278,0
8279,0
8280,1
8281,2
8282,2
8283,1
8284,0
8285,2
8286,2
8287,0
8288,2
8289,1
8290,1
8291,0
8292,2
8293,1
8294,0
8295,2
8296,1
8297,2
8298,0
8299,2
8300,2
8301,2
8302,2
8303,1
8304,1
8305,1
8306,2
8307,0
8308,2
8309,1
8310,1
8311,1
8312,1
8313,0
8314,0
8315,1
8316,1
8317,2
8318,2
8319,0
8320,1
8321,1
8322,1
8323,2
8324,0
8325,0
8326,2
8327,2
8328,2
8329,1
8330,2
8331,1
8332,1
8333,1
8334,2
8335,2
8336,0
8337,2
8338,2
8339,1
8340,2
8341,1
8342,0
8343,1
8344,1
8345,0
8346,0
8347,1
8348,0
8349,1
8350,2
8351,1
8352,2
8353,0
8354,1
8355,1
8356,1
8357,2
8358,0
8359,1
8360,0
8361,1
8362,2
8363,1
8364,1
8365,1
8366,2
8367,2
8368,1
8369,0
8370,1
8371,2
8372,2
8373,2
8374,1
8375,2
8376,0
8377,2
8378,1
8379,0
8380,2
8381,1
8382,1
8383,0
8384,0
8385,1
8386,0
8387,2
8388,0
8389,2
8390,2
8391,2
8392,1
8393,1
8394,1
8395,1
8396,0
8397,1
8398,1
8399,0
8400,1
8401,1
8402,2
8403,2
8404,1
8405,1
8406,2
8407,1
8408,2
8409,2
8410,1
8411,2
8412,2
8413,1
8414,1
8415,0
8416,2
8417,2
8418,2
8419,2
8420,1
8421,2
8422,1
8423,2
8424,2
8425,1
8426,0
8427,0
8428,2
8429,1
8430,1
8431,2
8432,1
8433,0
8434,0
8435,1
8436,1
8437,1
8438,2
8439,2
8440,1
8441,1
8442,2
8443,2
8444,0
8445,0
8446,2
8447,0
8448,1
8449,1
8450,0
8451,1
8452,1
8453,1
8454,0
8455,2
8456,1
8457,2
8458,2
8459,0
8460,0
8461,2
8462,1
8463,2
8464,2
8465,0
8466,1
8467,2
8468,1
8469,1
8470,0
8471,1
8472,0
8473,1
8474,2
8475,2
8476,1
8477,2
8478,1
8479,2
8480,2
8481,1
8482,1
8483,2
8484,0
8485,2
8486,1
8487,0
8488,1
8489,0
8490,0
8491,2
8492,1
8493,2
8494,0
8495,0
8496,2
8497,2
8498,0
8499,0
8500,2
8501,1
8502,1
8503,2
8504,2
8505,1
8506,2
8507,2
8508,2
8509,0
8510,2
8511,1
8512,0
8513,0
8514,2
8515,0
8516,1
8517,1
8518,1
8519,2
8520,1
8521,2
8522,0
8523,1
8524,2
8525,2
8526,1
8527,2
8528,1
8529,1
8530,2
8531,0
8532,2
8533,1
8534,2
8535,2
8536,0
8537,2
8538,1
8539,2
8540,0
8541,1
8542,0
8543,0
8544,2
8545,2
8546,1
8547,1
8548,1
8549,2
8550,0
8551,2
8552,1
8553,2
8554,1
8555,1
8556,1
8557,1
8558,2
8559,2
8560,0
8561,1
8562,1
8563,0
8564,1
8565,1
8566,1
8567,2
8568,0
8569,0
8570,1
8571,2
8572,0
8573,0
8574,2
8575,0
8576,2
8577,2
8578,1
8579,1
8580,1
8581,1
8582,1
8583,2
8584,0
8585,1
8586,2
8587,0
8588,1
8589,2
8590,1
8591,2
8592,1
8593,0
8594,1
8595,0
8596,2
8597,2
8598,2
8599,2
8600,2
8601,0
8602,0
8603,1
8604,2
8605,2
8606,2
8607,2
8608,0
8609,1
8610,1
8611,2
8612,2
8613,0
8614,1
8615,2
8616,1
8617,0
8618,1
8619,2
8620,1
8621,1
8622,1
8623,1
8624,1
8625,0
8626,1
8627,1
8628,2
8629,0
8630,0
8631,1
8632,1
8633,2
8634,2
8635,1
8636,2
8637,1
8638,1
8639,2
8640,2
8641,2
8642,1
8643,2
8644,2
8645,1
8646,2
8647,1
8648,2
8649,1
8650,0
8651,1
8652,2
8653,2
8654,2
8655,1
8656,1
8657,0
8658,2
8659,2
8660,1
8661,1
8662,2
8663,1
8664,0
8665,1
8666,2
8667,2
8668,0
8669,1
8670,2
8671,0
8672,1
8673,1
8674,1
8675,0
8676,2
8677,1
8678,1
8679,1
8680,1
8681,2
8682,1
8683,2
8684,1
8685,2
8686,2
8687,2
8688,2
8689,1
8690,2
8691,2
8692,2
8693,2
8694,1
8695,1
8696,2
8697,1
8698,1
8699,1
8700,1
8701,2
8702,0
8703,1
8704,2
8705,1
8706,2
8707,0
8708,2
8709,1
8710,0
8711,1
8712,0
8713,0
8714,1
8715,1
8716,2
8717,1
8718,1
8719,1
8720,2
8721,1
8722,0
8723,1
8724,1
8725,2
8726,0
8727,1
8728,1
8729,1
8730,1
8731,1
8732,0
8733,1
8734,2
8735,2
8736,2
8737,2
8738,0
8739,1
8740,1
8741,1
8742,2
8743,1
8744,1
8745,2
8746,1
8747,1
8748,2
8749,1
8750,1
8751,1
8752,2
8753,0
8754,0
8755,0
8756,2
8757,1
8758,2
8759,1
8760,2
8761,1
8762,2
8763,1
8764,2
8765,0
8766,2
8767,2
8768,2
8769,2
8770,2
8771,2
8772,1
8773,1
8774,1
8775,0
8776,1
8777,2
8778,1
8779,1
8780,0
8781,0
8782,2
8783,1
8784,2
8785,1
8786,2
8787,1
8788,2
8789,1
8790,1
8791,2
8792,1
8793,0
8794,1
8795,0
8796,1
8797,0
8798,1
8799,2
8800,2
8801,1
8802,2
8803,2
8804,0
8805,1
8806,2
8807,1
8808,1
8809,2
8810,2
8811,1
8812,0
8813,0
8814,1
8815,0
8816,0
8817,2
8818,1
8819,1
8820,1
8821,1
8822,1
8823,2
8824,2
8825,2
8826,0
8827,1
8828,2
8829,1
8830,1
8831,1
8832,0
8833,0
8834,0
8835,1
8836,1
8837,2
8838,1
8839,0
8840,1
8841,2
8842,1
8843,0
8844,1
8845,2
8846,2
8847,1
8848,0
8849,2
8850,2
8851,2
8852,1
8853,1
8854,1
8855,1
8856,1
8857,0
8858,2
8859,0
8860,0
8861,0
8862,1
8863,2
8864,0
8865,1
8866,2
8867,1
8868,2
8869,2
8870,0
8871,0
8872,1
8873,0
8874,2
8875,2
8876,2
8877,2
8878,2
8879,1
8880,0
8881,1
8882,1
8883,1
8884,0
8885,0
8886,2
8887,2
8888,1
8889,1
8890,2
8891,2
8892,0
8893,2
8894,2
8895,1
8896,0
8897,1
8898,1
8899,1
8900,2
8901,2
8902,2
8903,0
8904,2
8905,1
8906,1
8907,1
8908,1
8909,2
8910,1
8911,1
8912,1
8913,1
8914,0
8915,2
8916,1
8917,1
8918,2
8919,1
8920,1
8921,2
8922,0
8923,2
8924,2
8925,2
8926,2
8927,0
8928,0
8929,2
8930,1
8931,1
8932,1
8933,1
8934,1
8935,1
8936,1
8937,1
8938,2
8939,1
8940,1
8941,1
8942,2
8943,2
8944,2
8945,1
8946,0
8947,1
8948,0
8949,1
8950,2
8951,0
8952,2
8953,0
8954,0
8955,1
8956,2
8957,2
8958,1
8959,1
8960,0
8961,0
8962,1
8963,2
8964,1
8965,2
8966,1
8967,1
8968,2
8969,2
8970,0
8971,1
8972,1
8973,1
8974,2
8975,2
8976,0
8977,1
8978,2
8979,2
8980,2
8981,1
8982,1
8983,2
8984,0
8985,2
8986,2
8987,1
8988,2
8989,2
8990,0
8991,1
8992,1
8993,1
8994,0
8995,2
8996,1
8997,1
8998,1
8999,2
9000,2
9001,2
9002,1
9003,1
9004,2
9005,2
9006,1
9007,2
9008,2
9009,1
9010,2
9011,1
9012,1
9013,2
9014,2
9015,1
9016,2
9017,2
9018,2
9019,2
9020,2
9021,0
9022,1
9023,2
9024,0
9025,1
9026,0
9027,2
9028,0
9029,1
9030,2
9031,1
9032,0
9033,0
9034,1
9035,0
9036,1
9037,2
9038,1
9039,2
9040,0
9041,2
9042,2
9043,2
9044,1
9045,1
9046,1
9047,2
9048,2
9049,2
9050,1
9051,2
9052,1
9053,0
9054,1
9055,0
9056,2
9057,1
9058,1
9059,1
9060,0
9061,2
9062,1
9063,1
9064,1
9065,0
9066,1
9067,1
9068,1
9069,2
9070,0
9071,2
9072,2
9073,0
9074,1
9075,1
9076,0
9077,2
9078,2
9079,1
9080,1
9081,2
9082,0
9083,2
9084,2
9085,2
9086,0
9087,1
9088,0
9089,0
9090,1
9091,1
9092,1
9093,0
9094,0
9095,2
9096,0
9097,0
9098,1
9099,1
9100,1
9101,2
9102,1
9103,1
9104,1
9105,1
9106,0
9107,1
9108,2
9109,1
9110,1
9111,1
9112,0
9113,2
9114,2
9115,2
9116,2
9117,2
9118,0
9119,1
9120,2
9121,2
9122,1
9123,2
9124,0
9125,0
9126,1
9127,2
9128,2
9129,1
9130,1
9131,1
9132,0
9133,2
9134,1
9135,0
9136,1
9137,2
9138,1
9139,0
9140,1
9141,2
9142,1
9143,1
9144,2
9145,1
9146,2
9147,2
9148,2
9149,0
9150,2
9151,1
9152,1
9153,0
9154,0
9155,1
9156,1
9157,2
9158,2
9159,0
9160,1
9161,1
9162,1
9163,2
9164,2
9165,2
9166,1
9167,2
9168,2
9169,2
9170,1
9171,1
9172,0
9173,2
9174,1
9175,1
9176,1
9177,1
9178,1
9179,2
9180,1
9181,0
9182,0
9183,0
9184,1
9185,2
9186,2
9187,1
9188,2
9189,1
9190,1
9191,1
9192,2
9193,0
9194,0
9195,1
9196,2
9197,1
9198,2
9199,2
9200,2
9201,0
9202,1
9203,0
9204,2
9205,1
9206,1
9207,2
9208,1
9209,1
9210,0
9211,1
9212,0
9213,0
9214,1
9215,0
9216,0
9217,1
9218,2
9219,2
9220,1
9221,2
9222,0
9223,1
9224,1
9225,0
9226,1
9227,0
9228,0
9229,0
9230,2
9231,1
9232,2
9233,1
9234,2
9235,2
9236,1
9237,1
9238,2
9239,1
9240,1
9241,1
9242,0
9243,2
9244,2
9245,1
9246,2
9247,2
9248,2
9249,2
9250,2
9251,0
9252,1
9253,1
9254,2
9255,1
9256,2
9257,1
9258,1
9259,1
9260,2
9261,1
9262,2
9263,2
9264,1
9265,0
9266,1
9267,0
9268,0
9269,1
9270,2
9271,1
9272,2
9273,2
9274,2
9275,2
9276,1
9277,1
9278,0
9279,1
9280,1
9281,0
9282,1
9283,2
9284,1
9285,0
9286,2
9287,2
9288,1
9289,1
9290,1
9291,1
9292,1
9293,2
9294,1
9295,2
9296,1
9297,2
9298,0
9299,2
9300,2
9301,2
9302,0
9303,1
9304,1
9305,1
9306,1
9307,2
9308,2
9309,1
9310,1
9311,0
9312,2
9313,2
9314,0
9315,0
9316,2
9317,2
9318,1
9319,2
9320,2
9321,0
9322,2
9323,1
9324,1
9325,2
9326,2
9327,2
9328,0
9329,1
9330,1
9331,1
9332,1
9333,1
9334,2
9335,0
9336,2
9337,1
9338,0
9339,2
9340,2
9341,1
9342,2
9343,1
9344,1
9345,1
9346,2
9347,1
9348,1
9349,1
9350,1
9351,0
9352,2
9353,2
9354,1
9355,1
9356,2
9357,2
9358,0
9359,1
9360,1
9361,1
9362,1
9363,2
9364,2
9365,2
9366,2
9367,2
9368,1
9369,1
9370,2
9371,2
9372,0
9373,2
9374,0
9375,1
9376,2
9377,0
9378,1
9379,2
9380,0
9381,2
9382,1
9383,0
9384,2
9385,1
9386,2
9387,2
9388,0
9389,2
9390,1
9391,2
9392,2
9393,0
9394,0
9395,1
9396,2
9397,1
9398,1
9399,1
9400,2
9401,0
9402,0
9403,1
9404,1
9405,1
9406,2
9407,0
9408,1
9409,2
9410,2
9411,2
9412,2
9413,2
9414,0
9415,1
9416,2
9417,2
9418,1
9419,1
9420,2
9421,1
9422,2
9423,0
9424,1
9425,2
9426,2
9427,2
9428,0
9429,1
9430,2
9431,1
9432,1
9433,1
9434,2
9435,0
9436,0
9437,0
9438,2
9439,1
9440,0
9441,1
9442,1
9443,1
9444,0
9445,2
9446,2
9447,1
9448,1
9449,2
9450,0
9451,1
9452,1
9453,1
9454,2
9455,1
9456,0
9457,2
9458,2
9459,1
9460,2
9461,0
9462,0
9463,0
9464,2
9465,2
9466,1
9467,1
9468,1
9469,2
9470,1
9471,1
9472,2
9473,1
9474,2
9475,1
9476,1
9477,0
9478,2
9479,1
9480,1
9481,0
9482,0
9483,2
9484,1
9485,1
9486,1
9487,1
9488,1
9489,0
9490,1
9491,0
9492,1
9493,0
9494,1
9495,1
9496,0
9497,2
9498,2
9499,1
9500,2
9501,2
9502,1
9503,2
9504,2
9505,2
9506,2
9507,1
9508,0
9509,1
9510,2
9511,1
9512,0
9513,1
9514,1
9515,1
9516,2
9517,0
9518,1
9519,2
9520,1
9521,1
9522,0
9523,0
9524,2
9525,2
9526,2
9527,1
9528,1
9529,2
9530,2
9531,1
9532,2
9533,0
9534,2
9535,0
9536,2
9537,2
9538,0
9539,2
9540,1
9541,2
9542,2
9543,1
9544,1
9545,0
9546,2
9547,1
9548,0
9549,1
9550,2
9551,1
9552,1
9553,1
9554,2
9555,2
9556,0
9557,1
9558,2
9559,0
9560,1
9561,1
9562,1
9563,1
9564,2
9565,1
9566,0
9567,0
9568,0
9569,1
9570,2
9571,2
9572,1
9573,2
9574,2
9575,0
9576,0
9577,0
9578,2
9579,1
9580,2
9581,1
9582,1
9583,0
9584,1
9585,1
9586,1
9587,1
9588,0
9589,1
9590,2
9591,0
9592,0
9593,1
9594,2
9595,1
9596,2
9597,1
9598,1
9599,2
9600,0
9601,2
9602,2
9603,1
9604,1
9605,0
9606,1
9607,2
9608,2
9609,2
9610,1
9611,1
9612,2
9613,1
9614,1
9615,1
9616,1
9617,0
9618,2
9619,0
9620,1
9621,1
9622,2
9623,2
9624,1
9625,1
9626,2
9627,2
9628,2
9629,2
9630,1
9631,2
9632,2
9633,0
9634,0
9635,0
9636,2
9637,2
9638,1
9639,1
9640,2
9641,0
9642,1
9643,1
9644,2
9645,2
9646,1
9647,0
9648,1
9649,0
9650,0
9651,2
9652,1
9653,1
9654,2
9655,1
9656,2
9657,2
9658,1
9659,0
9660,2
9661,0
9662,0
9663,2
9664,1
9665,2
9666,0
9667,1
9668,1
9669,0
9670,1
9671,1
9672,1
9673,2
9674,2
9675,1
9676,2
9677,1
9678,2
9679,1
9680,1
9681,1
9682,0
9683,1
9684,1
9685,2
9686,2
9687,2
9688,0
9689,1
9690,1
9691,0
9692,0
9693,1
9694,1
9695,2
9696,1
9697,2
9698,2
9699,1
9700,2
9701,0
9702,0
9703,0
9704,0
9705,1
9706,1
9707,0
9708,0
9709,0
9710,1
9711,2
9712,1
9713,1
9714,1
9715,1
9716,1
9717,2
9718,1
9719,1
9720,2
9721,2
9722,0
9723,1
9724,2
9725,1
9726,1
9727,1
9728,1
9729,2
9730,2
9731,0
9732,1
9733,0
9734,2
9735,2
9736,1
9737,2
9738,1
9739,2
9740,1
9741,1
9742,0
9743,1
9744,1
9745,1
9746,1
9747,1
9748,2
9749,1
9750,2
9751,2
9752,2
9753,1
9754,1
9755,0
9756,2
9757,1
9758,2
9759,1
9760,2
9761,0
9762,2
9763,2
9764,2
9765,2
9766,1
9767,1
9768,1
9769,1
9770,1
9771,0
9772,2
9773,1
9774,1
9775,1
9776,2
9777,2
9778,1
9779,2
9780,1
9781,1
9782,0
9783,2
9784,1
9785,0
9786,2
9787,1
9788,1
9789,1
9790,1
9791,2
9792,1
9793,2
9794,0
9795,1
9796,2
9797,1
9798,2
9799,2
9800,2
9801,1
9802,1
9803,2
9804,0
9805,0
9806,1
9807,2
9808,1
9809,1
9810,1
9811,1
9812,1
9813,1
9814,1
9815,1
9816,1
9817,1
9818,1
9819,1
9820,2
9821,1
9822,1
9823,0
9824,0
9825,1
9826,2
9827,0
9828,1
9829,2
9830,2
9831,2
9832,1
9833,2
9834,1
9835,1
9836,2
9837,2
9838,1
9839,2
9840,0
9841,2
9842,0
9843,0
9844,1
9845,1
9846,1
9847,2
9848,2
9849,1
9850,1
9851,2
9852,0
9853,2
9854,1
9855,0
9856,1
9857,2
9858,0
9859,0
9860,2
9861,2
9862,2
9863,1
9864,1
9865,1
9866,2
9867,0
9868,2
9869,2
9870,2
9871,2
9872,1
9873,1
9874,2
9875,2
9876,2
9877,1
9878,1
9879,1
9880,1
9881,1
9882,2
9883,2
9884,2
9885,1
9886,1
9887,2
9888,0
9889,1
9890,2
9891,1
9892,1
9893,2
9894,2
9895,2
9896,2
9897,1
9898,2
9899,2
9900,2
9901,0
9902,0
9903,0
9904,1
9905,1
9906,2
9907,2
9908,1
9909,0
9910,1
9911,2
9912,0
9913,2
9914,2
9915,1
9916,2
9917,2
9918,0
9919,1
9920,1
9921,2
9922,2
9923,0
9924,2
9925,0
9926,2
9927,2
9928,2
9929,1
9930,0
9931,0
9932,2
9933,0
9934,2
9935,1
9936,2
9937,2
9938,0
9939,2
9940,1
9941,1
9942,2
9943,0
9944,1
9945,2
9946,1
9947,2
9948,1
9949,1
9950,2
9951,2
9952,1
9953,0
9954,2
9955,0
9956,0
9957,2
9958,2
9959,1
9960,1
9961,0
9962,2
9963,1
9964,0
9965,0
9966,0
9967,0
9968,1
9969,1
9970,2
9971,2
9972,2
9973,1
9974,1
9975,0
9976,1
9977,0
9978,1
9979,0
9980,1
9981,2
9982,1
9983,2
9984,1
9985,1
9986,2
9987,0
9988,2
9989,0
9990,2
9991,2
9992,1
9993,2
9994,2
9995,1
9996,2
9997,0
9998,1
9999,2
10000,1
10001,1
10002,0
10003,1
10004,2
10005,0
10006,0
10007,1
10008,1
10009,1
10010,0
10011,0
10012,1
10013,0
10014,0
10015,0
10016,2
10017,1
10018,0
10019,2
10020,0
10021,0
10022,1
10023,0
10024,2
10025,0
10026,2
10027,2
10028,2
10029,1
10030,1
10031,0
10032,1
10033,0
10034,1
10035,1
10036,2
10037,1
10038,2
10039,2
10040,1
10041,1
10042,2
10043,1
10044,1
10045,2
10046,0
10047,0
10048,1
10049,0
10050,1
10051,1
10052,0
10053,1
10054,0
10055,1
10056,0
10057,1
10058,1
10059,0
10060,0
10061,2
10062,0
10063,0
10064,0
10065,2
10066,2
10067,0
10068,0
10069,2
10070,2
10071,2
10072,0
10073,2
10074,2
10075,0
10076,0
10077,0
10078,1
10079,2
10080,0
10081,1
10082,1
10083,1
10084,0
10085,1
10086,1
10087,2
10088,0
10089,1
10090,2
10091,2
10092,1
10093,2
10094,0
10095,1
10096,1
10097,0
10098,1
10099,1
10100,2
10101,0
10102,1
10103,1
10104,2
10105,1
10106,1
10107,0
10108,0
10109,2
10110,2
10111,2
10112,1
10113,0
10114,0
10115,2
10116,2
10117,1
10118,1
10119,1
10120,0
10121,2
10122,1
10123,1
10124,0
10125,2
10126,1
10127,0
10128,1
10129,0
10130,2
10131,1
10132,0
10133,1
10134,1
10135,1
10136,0
10137,1
10138,2
10139,1
10140,1
10141,1
10142,0
10143,0
10144,2
10145,2
10146,1
10147,1
10148,1
10149,2
10150,2
10151,0
10152,1
10153,1
10154,2
10155,1
10156,1
10157,2
10158,2
10159,0
10160,2
10161,2
10162,0
10163,2
10164,1
10165,2
10166,1
10167,2
10168,2
10169,0
10170,2
10171,2
10172,0
10173,0
10174,1
10175,0
10176,2
10177,0
10178,1
10179,1
10180,0
10181,0
10182,2
10183,2
10184,1
10185,1
10186,0
10187,2
10188,1
10189,0
10190,0
10191,2
10192,1
10193,0
10194,2
10195,2
10196,1
10197,1
10198,0
10199,2
10200,1
10201,1
10202,2
10203,2
10204,2
10205,1
10206,1
10207,2
10208,2
10209,2
10210,1
10211,1
10212,2
10213,2
10214,2
10215,1
10216,2
10217,0
10218,2
10219,1
10220,2
10221,0
10222,1
10223,1
10224,1
10225,0
10226,0
10227,2
10228,2
10229,2
10230,1
10231,2
10232,0
10233,0
10234,1
10235,0
10236,0
10237,0
10238,0
10239,1
10240,1
10241,1
10242,1
10243,2
10244,2
10245,1
10246,1
10247,1
10248,0
10249,1
10250,1
10251,2
10252,2
10253,1
10254,2
10255,1
10256,1
10257,2
10258,2
10259,1
10260,2
10261,1
10262,2
10263,2
10264,2
10265,0
10266,2
10267,2
10268,1
10269,2
10270,1
10271,2
10272,2
10273,1
10274,1
10275,2
10276,0
10277,1
10278,0
10279,2
10280,1
10281,1
10282,1
10283,0
10284,2
10285,2
10286,2
10287,1
10288,2
10289,1
10290,1
10291,2
10292,0
10293,1
10294,1
10295,1
10296,2
10297,1
10298,0
10299,2
10300,1
10301,2
10302,2
10303,0
10304,1
10305,1
10306,0
10307,1
10308,2
10309,1
10310,2
10311,1
10312,2
10313,1
10314,0
10315,2
10316,2
10317,0
10318,2
10319,1
10320,1
10321,2
10322,2
10323,1
10324,1
10325,1
10326,2
10327,0
10328,1
10329,0
10330,2
10331,0
10332,1
10333,2
10334,0
10335,1
10336,1
10337,1
10338,2
10339,1
10340,1
10341,2
10342,2
10343,1
10344,0
10345,1
10346,1
10347,2
10348,2
10349,2
10350,2
10351,0
10352,2
10353,2
10354,1
10355,1
10356,0
10357,2
10358,0
10359,2
10360,1
10361,2
10362,2
10363,0
10364,0
10365,2
10366,2
10367,2
10368,2
10369,0
10370,2
10371,2
10372,0
10373,2
10374,1
10375,2
10376,1
10377,2
10378,0
10379,0
10380,0
10381,2
10382,1
10383,1
10384,2
10385,1
10386,1
10387,2
10388,2
10389,0
10390,1
10391,1
10392,2
10393,1
10394,2
10395,1
10396,1
10397,1
10398,1
10399,1
10400,0
10401,2
10402,2
10403,2
10404,1
10405,2
10406,2
10407,0
10408,0
10409,1
10410,0
10411,0
10412,1
10413,0
10414,0
10415,0
10416,1
10417,2
10418,2
10419,2
10420,2
10421,2
10422,0
10423,0
10424,1
10425,2
10426,0
10427,2
10428,1
10429,1
10430,2
10431,0
10432,1
10433,2
10434,0
10435,1
10436,2
10437,2
10438,1
10439,2
10440,1
10441,1
10442,1
10443,1
10444,2
10445,1
10446,2
10447,1
10448,0
10449,1
10450,2
10451,0
10452,0
10453,2
10454,1
10455,1
10456,0
10457,1
10458,2
10459,1
10460,0
10461,1
10462,1
10463,2
10464,1
10465,1
10466,1
10467,1
10468,2
10469,2
10470,0
10471,0
10472,2
10473,1
10474,1
10475,1
10476,0
10477,1
10478,0
10479,0
10480,2
10481,1
10482,2
10483,0
10484,1
10485,1
10486,2
10487,1
10488,2
10489,1
10490,0
10491,0
10492,2
10493,2
10494,1
10495,2
10496,0
10497,0
10498,1
10499,2
10500,0
10501,2
10502,1
10503,2
10504,0
10505,1
10506,1
10507,0
10508,2
10509,2
10510,1
10511,1
10512,1
10513,0
10514,2
10515,2
10516,2
10517,1
10518,2
10519,2
10520,1
10521,1
10522,0
10523,1
10524,1
10525,1
10526,1
10527,2
10528,0
10529,1
10530,2
10531,2
10532,0
10533,2
10534,2
10535,1
10536,2
10537,0
10538,1
10539,0
10540,2
10541,1
10542,0
10543,1
10544,0
10545,0
10546,1
10547,2
10548,1
10549,1
10550,2
10551,2
10552,1
10553,0
10554,0
10555,2
10556,1
10557,2
10558,0
10559,0
10560,0
10561,0
10562,2
10563,1
10564,2
10565,1
10566,1
10567,0
10568,2
10569,2
10570,1
10571,2
10572,0
10573,1
10574,2
10575,2
10576,2
10577,0
10578,1
10579,0
10580,2
10581,2
10582,1
10583,0
10584,1
10585,2
10586,0
10587,2
10588,1
10589,0
10590,2
10591,1
10592,1
10593,2
10594,1
10595,1
10596,2
10597,2
10598,1
10599,2
10600,0
10601,1
10602,1
10603,2
10604,1
10605,1
10606,0
10607,1
10608,2
10609,2
10610,2
10611,1
10612,1
10613,2
10614,1
10615,0
10616,1
10617,2
10618,1
10619,2
10620,1
10621,1
10622,2
10623,1
10624,1
10625,1
10626,2
10627,2
10628,1
10629,2
10630,2
10631,0
10632,1
10633,2
10634,2
10635,1
10636,0
10637,0
10638,1
10639,1
10640,2
10641,2
10642,1
10643,0
10644,1
10645,1
10646,2
10647,0
10648,1
10649,1
10650,2
10651,1
10652,0
10653,1
10654,1
10655,2
10656,1
10657,1
10658,2
10659,2
10660,0
10661,1
10662,2
10663,1
10664,2
10665,2
10666,1
10667,2
10668,2
10669,2
10670,1
10671,1
10672,1
10673,0
10674,2
10675,1
10676,1
10677,1
10678,0
10679,0
10680,2
10681,1
10682,2
10683,1
10684,1
10685,1
10686,2
10687,2
10688,1
10689,1
10690,1
10691,2
10692,2
10693,2
10694,2
10695,2
10696,0
10697,0
10698,0
10699,1
10700,1
10701,2
10702,0
10703,0
10704,1
10705,1
10706,2
10707,1
10708,0
10709,1
10710,2
10711,2
10712,1
10713,0
10714,0
10715,1
10716,2
10717,1
10718,1
10719,1
10720,1
10721,1
10722,2
10723,1
10724,1
10725,1
10726,1
10727,0
10728,1
10729,0
10730,0
10731,0
10732,1
10733,2
10734,0
10735,1
10736,0
10737,1
10738,0
10739,0
10740,2
10741,2
10742,2
10743,1
10744,1
10745,0
10746,0
10747,1
10748,2
10749,2
10750,1
10751,1
10752,2
10753,0
10754,0
10755,1
10756,1
10757,2
10758,1
10759,1
10760,0
10761,2
10762,0
10763,1
10764,1
10765,1
10766,0
10767,2
10768,2
10769,2
10770,1
10771,2
10772,1
10773,1
10774,2
10775,1
10776,0
10777,1
10778,1
10779,1
10780,1
10781,1
10782,1
10783,0
10784,1
10785,1
10786,1
10787,2
10788,2
10789,1
10790,2
10791,2
10792,2
10793,1
10794,0
10795,0
10796,0
10797,2
10798,0
10799,1
10800,2
10801,2
10802,2
10803,1
10804,2
10805,1
10806,1
10807,0
10808,2
10809,0
10810,1
10811,2
10812,0
10813,1
10814,2
10815,2
10816,1
10817,1
10818,2
10819,0
10820,2
10821,2
10822,1
10823,1
10824,0
10825,2
10826,2
10827,1
10828,1
10829,2
10830,1
10831,2
10832,1
10833,1
10834,1
10835,2
10836,0
10837,2
10838,1
10839,2
10840,0
10841,1
10842,2
10843,2
10844,2
10845,2
10846,2
10847,0
10848,0
10849,1
10850,1
10851,2
10852,2
10853,0
10854,1
10855,1
10856,2
10857,2
10858,1
10859,1
10860,2
10861,2
10862,2
10863,1
10864,2
10865,1
10866,2
10867,1
10868,2
10869,0
10870,1
10871,1
10872,2
10873,2
10874,1
10875,2
10876,1
10877,1
10878,2
10879,1
10880,1
10881,1
10882,1
10883,0
10884,1
10885,2
10886,1
10887,0
10888,1
10889,1
10890,2
10891,1
10892,0
10893,1
10894,1
10895,1
10896,0
10897,1
10898,2
10899,2
10900,1
10901,2
10902,1
10903,2
10904,1
10905,2
10906,1
10907,1
10908,1
10909,2
10910,2
10911,2
10912,0
10913,1
10914,0
10915,0
10916,1
10917,0
10918,0
10919,2
10920,2
10921,2
10922,1
10923,2
10924,0
10925,2
10926,1
10927,1
10928,2
10929,1
10930,1
10931,2
10932,2
10933,1
10934,2
10935,1
10936,2
10937,0
10938,0
10939,2
10940,1
10941,2
10942,2
10943,1
10944,1
10945,1
10946,1
10947,1
10948,2
10949,1
10950,1
10951,2
10952,0
10953,1
10954,0
10955,1
10956,1
10957,0
10958,1
10959,1
10960,2
10961,1
10962,2
10963,1
10964,0
10965,1
10966,2
10967,2
10968,1
10969,1
10970,2
10971,0
10972,1
10973,0
10974,1
10975,0
10976,1
10977,0
10978,2
10979,1
10980,2
10981,0
10982,2
10983,1
10984,1
10985,0
10986,1
10987,2
10988,2
10989,1
10990,1
10991,1
10992,1
10993,2
10994,1
10995,1
10996,1
10997,1
10998,0
10999,0
11000,0
11001,1
11002,2
11003,1
11004,2
11005,1
11006,2
11007,2
11008,2
11009,1
11010,1
11011,1
11012,2
11013,1
11014,0
11015,0
11016,1
11017,2
11018,0
11019,2
11020,1
11021,0
11022,1
11023,2
11024,1
11025,2
11026,2
11027,1
11028,2
11029,2
11030,0
11031,0
11032,0
11033,1
11034,2
11035,0
11036,1
11037,2
11038,2
11039,1
11040,2
11041,2
11042,1
11043,2
11044,2
11045,0
11046,0
11047,2
11048,1
11049,0
11050,2
11051,2
11052,1
11053,0
11054,2
11055,1
11056,1
11057,0
11058,2
11059,1
11060,1
11061,0
11062,2
11063,1
11064,1
11065,1
11066,2
11067,1
11068,0
11069,1
11070,2
11071,1
11072,0
11073,2
11074,2
11075,0
11076,2
11077,2
11078,2
11079,2
11080,1
11081,2
11082,2
11083,1
11084,0
11085,0
11086,1
11087,1
11088,1
11089,1
11090,2
11091,1
11092,1
11093,1
11094,0
11095,2
11096,1
11097,1
11098,0
11099,0
11100,2
11101,1
11102,2
11103,1
11104,2
11105,1
11106,1
11107,2
11108,1
11109,2
11110,1
11111,0
11112,2
11113,0
11114,1
11115,2
11116,1
11117,2
11118,2
11119,1
11120,2
11121,2
11122,1
11123,2
11124,1
11125,2
11126,2
11127,2
11128,2
11129,2
11130,1
11131,2
11132,2
11133,2
11134,2
11135,1
11136,1
11137,2
11138,2
11139,0
11140,2
11141,2
11142,1
11143,1
11144,2
11145,2
11146,0
11147,2
11148,0
11149,1
11150,0
11151,2
11152,1
11153,2
11154,2
11155,1
11156,2
11157,0
11158,2
11159,0
11160,1
11161,2
11162,1
11163,1
11164,1
11165,1
11166,1
11167,0
11168,2
11169,2
11170,2
11171,1
11172,2
11173,1
11174,1
11175,2
11176,1
11177,2
11178,1
11179,1
11180,0
11181,1
11182,1
11183,2
11184,2
11185,1
11186,1
11187,1
11188,0
11189,1
11190,2
11191,1
11192,2
11193,2
11194,0
11195,2
11196,1
11197,2
11198,1
11199,1
11200,0
11201,1
11202,0
11203,2
11204,2
11205,1
11206,1
11207,2
11208,1
11209,1
11210,1
11211,1
11212,0
11213,1
11214,0
11215,2
11216,2
11217,0
11218,0
11219,2
11220,1
11221,1
11222,2
11223,2
11224,1
11225,2
11226,2
11227,2
11228,1
11229,2
11230,1
11231,0
11232,0
11233,2
11234,1
11235,0
11236,2
11237,2
11238,1
11239,1
11240,0
11241,2
11242,0
11243,0
11244,1
11245,2
11246,2
11247,2
11248,0
11249,1
11250,2
11251,2
11252,0
11253,1
11254,2
11255,1
11256,0
11257,0
11258,2
11259,1
11260,2
11261,1
11262,1
11263,1
11264,2
11265,1
11266,2
11267,0
11268,2
11269,1
11270,2
11271,0
11272,0
11273,1
11274,2
11275,1
11276,1
11277,1
11278,1
11279,2
11280,0
11281,0
11282,1
11283,1
11284,2
11285,0
11286,1
11287,1
11288,0
11289,1
11290,0
11291,2
11292,1
11293,2
11294,2
11295,2
11296,0
11297,0
11298,1
11299,0
11300,1
11301,1
11302,2
11303,1
11304,0
11305,2
11306,0
11307,0
11308,2
11309,2
11310,2
11311,0
11312,2
11313,0
11314,0
11315,2
11316,1
11317,0
11318,2
11319,2
11320,2
11321,1
11322,2
11323,2
11324,2
11325,1
11326,2
11327,1
11328,0
11329,2
11330,2
11331,1
11332,2
11333,0
11334,2
11335,2
11336,1
11337,2
11338,1
11339,1
11340,1
11341,2
11342,2
11343,1
11344,2
11345,0
11346,1
11347,1
11348,1
11349,2
11350,2
11351,1
11352,0
11353,2
11354,2
11355,2
11356,1
11357,1
11358,0
11359,2
11360,2
11361,1
11362,2
11363,1
11364,2
11365,1
11366,1
11367,2
11368,2
11369,0
11370,0
11371,2
11372,2
11373,0
11374,2
11375,1
11376,1
11377,0
11378,1
11379,1
11380,0
11381,2
11382,1
11383,0
11384,0
11385,2
11386,1
11387,2
11388,1
11389,2
11390,1
11391,2
11392,2
11393,0
11394,1
11395,2
11396,0
11397,1
11398,1
11399,1
11400,2
11401,1
11402,2
11403,2
11404,2
11405,2
11406,1
11407,0
11408,2
11409,0
11410,1
11411,1
11412,2
11413,2
11414,2
11415,1
11416,0
11417,2
11418,1
11419,0
11420,1
11421,2
11422,1
11423,0
11424,0
11425,0
11426,1
11427,0
11428,2
11429,2
11430,1
11431,0
11432,2
11433,2
11434,2
11435,1
11436,2
11437,2
11438,1
11439,1
11440,1
11441,0
11442,1
11443,2
11444,0
11445,1
11446,1
11447,1
11448,2
11449,2
11450,2
11451,2
11452,0
11453,1
11454,2
11455,0
11456,1
11457,1
11458,2
11459,1
11460,2
11461,1
11462,2
11463,2
11464,0
11465,1
11466,1
11467,1
11468,2
11469,1
11470,1
11471,2
11472,2
11473,1
11474,1
11475,1
11476,0
11477,1
11478,0
11479,1
11480,2
11481,0
11482,1
11483,0
11484,2
11485,1
11486,2
11487,2
11488,1
11489,2
11490,1
11491,1
11492,2
11493,1
11494,1
11495,0
11496,2
11497,1
11498,2
11499,1
11500,1
11501,0
11502,1
11503,2
11504,0
11505,2
11506,1
11507,2
11508,1
11509,0
11510,2
11511,2
11512,0
11513,0
11514,1
11515,1
11516,1
11517,1
11518,2
11519,2
11520,2
11521,2
11522,1
11523,1
11524,1
11525,1
11526,0
11527,2
11528,1
11529,2
11530,1
11531,1
11532,1
11533,0
11534,0
11535,2
11536,2
11537,2
11538,2
11539,2
11540,1
11541,2
11542,2
11543,1
11544,1
11545,1
11546,2
11547,1
11548,1
11549,2
11550,0
11551,2
11552,0
11553,2
11554,0
11555,1
11556,2
11557,2
11558,2
11559,0
11560,2
11561,2
11562,1
11563,0
11564,0
11565,1
11566,2
11567,1
11568,1
11569,0
11570,1
11571,1
11572,1
11573,1
11574,0
11575,1
11576,1
11577,2
11578,1
11579,0
11580,1
11581,2
11582,2
11583,2
11584,1
11585,1
11586,2
11587,0
11588,1
11589,0
11590,0
11591,2
11592,2
11593,0
11594,2
11595,2
11596,1
11597,1
11598,0
11599,1
11600,1
11601,0
11602,1
11603,2
11604,2
11605,2
11606,1
11607,2
11608,1
11609,0
11610,0
11611,2
11612,1
11613,1
11614,1
11615,2
11616,2
11617,1
11618,0
11619,2
11620,1
11621,1
11622,2
11623,1
11624,2
11625,1
11626,1
11627,1
11628,2
11629,1
11630,0
11631,2
11632,0
11633,1
11634,2
11635,0
11636,1
11637,0
11638,1
11639,2
11640,2
11641,2
11642,1
11643,1
11644,2
11645,0
11646,0
11647,0
11648,0
11649,0
11650,1
11651,2
11652,2
11653,0
11654,1
11655,1
11656,1
11657,2
11658,1
11659,1
11660,1
11661,0
11662,1
11663,1
11664,2
11665,2
11666,2
11667,1
11668,1
11669,2
11670,1
11671,0
11672,2
11673,1
11674,2
11675,2
11676,2
11677,2
11678,0
11679,1
11680,2
11681,1
11682,2
11683,1
11684,1
11685,1
11686,1
11687,0
11688,1
11689,2
11690,0
11691,1
11692,0
11693,1
11694,0
11695,2
11696,1
11697,0
11698,1
11699,1
11700,1
11701,1
11702,2
11703,0
11704,0
11705,1
11706,1
11707,1
11708,1
11709,0
11710,1
11711,2
11712,0
11713,2
11714,1
11715,1
11716,2
11717,1
11718,0
11719,2
11720,2
11721,2
11722,1
11723,2
11724,1
11725,0
11726,1
11727,1
11728,1
11729,0
11730,1
11731,0
11732,1
11733,1
11734,0
11735,2
11736,2
11737,0
11738,2
11739,1
11740,2
11741,2
11742,1
11743,2
11744,2
11745,1
11746,2
11747,2
11748,1
11749,1
11750,0
11751,1
11752,1
11753,2
11754,0
11755,2
11756,0
11757,0
11758,0
11759,2
11760,1
11761,1
11762,0
11763,1
11764,2
11765,1
11766,1
11767,2
11768,2
11769,2
11770,0
11771,1
11772,2
11773,1
11774,2
11775,2
11776,1
11777,2
11778,1
11779,1
11780,2
11781,1
11782,1
11783,2
11784,1
11785,1
11786,2
11787,1
11788,1
11789,0
11790,2
11791,2
11792,2
11793,2
11794,1
11795,1
11796,1
11797,0
11798,0
11799,2
11800,1
11801,2
11802,1
11803,0
11804,0
11805,2
11806,1
11807,0
11808,2
11809,1
11810,1
11811,1
11812,0
11813,0
11814,0
11815,1
11816,0
11817,2
11818,1
11819,2
11820,0
11821,2
11822,0
11823,1
11824,1
11825,1
11826,1
11827,1
11828,1
11829,1
11830,2
11831,2
11832,2
11833,1
11834,0
11835,2
11836,2
11837,2
11838,2
11839,2
11840,1
11841,1
11842,2
11843,0
11844,1
11845,2
11846,1
11847,2
11848,0
11849,2
11850,1
11851,1
11852,2
11853,0
11854,0
11855,0
11856,2
11857,1
11858,1
11859,1
11860,2
11861,2
11862,1
11863,2
11864,1
11865,2
11866,2
11867,1
11868,2
11869,0
11870,0
11871,0
11872,1
11873,0
11874,1
11875,2
11876,1
11877,0
11878,1
11879,2
11880,0
11881,1
11882,1
11883,0
11884,2
11885,0
11886,1
11887,0
11888,2
11889,2
11890,1
11891,0
11892,2
11893,2
11894,2
11895,2
11896,1
11897,0
11898,2
11899,2
11900,0
11901,2
11902,0
11903,2
11904,1
11905,2
11906,1
11907,1
11908,2
11909,1
11910,1
11911,0
11912,1
11913,2
11914,1
11915,2
11916,1
11917,0
11918,1
11919,1
11920,1
11921,0
11922,0
11923,2
11924,1
11925,0
11926,2
11927,0
11928,1
11929,2
11930,1
11931,0
11932,2
11933,0
11934,0
11935,1
11936,1
11937,0
11938,1
11939,0
11940,1
11941,2
11942,2
11943,1
11944,0
11945,1
11946,1
11947,1
11948,1
11949,1
11950,0
11951,0
11952,2
11953,2
11954,2
11955,2
11956,2
11957,2
11958,1
11959,0
11960,1
11961,2
11962,0
11963,1
11964,0
11965,0
11966,2
11967,2
11968,0
11969,1
11970,2
11971,2
11972,1
11973,2
11974,1
11975,0
11976,2
11977,1
11978,2
11979,0
11980,2
11981,0
11982,1
11983,2
11984,2
11985,1
11986,2
11987,2
11988,1
11989,1
11990,2
11991,2
11992,1
11993,1
11994,2
11995,1
11996,0
11997,1
11998,1
11999,2
12000,0
12001,2
12002,1
12003,0
12004,2
12005,0
12006,0
12007,0
12008,2
12009,1
12010,0
12011,0
12012,1
12013,2
12014,2
12015,1
12016,1
12017,0
12018,2
12019,1
12020,1
12021,0
12022,1
12023,0
12024,1
12025,1
12026,2
12027,0
12028,1
12029,2
12030,1
12031,2
12032,0
12033,2
12034,1
12035,2
12036,1
12037,1
12038,2
12039,1
12040,1
12041,1
12042,2
12043,2
12044,2
12045,2
12046,2
12047,2
12048,1
12049,1
12050,0
12051,1
12052,2
12053,1
12054,2
12055,2
12056,0
12057,0
12058,0
12059,2
12060,2
12061,2
12062,1
12063,1
12064,1
12065,0
12066,0
12067,2
12068,0
12069,1
12070,1
12071,1
12072,2
12073,1
12074,2
12075,0
12076,1
12077,0
12078,1
12079,2
12080,0
12081,1
12082,0
12083,2
12084,2
12085,2
12086,1
12087,1
12088,2
12089,1
12090,1
12091,2
12092,2
12093,1
12094,2
12095,2
12096,1
12097,2
12098,0
12099,0
12100,2
12101,1
12102,2
12103,2
12104,1
12105,2
12106,1
12107,0
12108,1
12109,1
12110,0
12111,1
12112,2
12113,1
12114,2
12115,2
12116,2
12117,0
12118,2
12119,2
12120,2
12121,1
12122,2
12123,1
12124,2
12125,2
12126,2
12127,1
12128,1
12129,1
12130,0
12131,1
12132,2
12133,1
12134,1
12135,0
12136,0
12137,2
12138,2
12139,0
12140,1
12141,1
12142,2
12143,0
12144,1
12145,1
12146,1
12147,1
12148,1
12149,2
12150,1
12151,0
12152,2
12153,2
12154,1
12155,0
12156,2
12157,1
12158,2
12159,0
12160,1
12161,1
12162,0
12163,1
12164,2
12165,1
12166,2
12167,2
12168,1
12169,1
12170,1
12171,2
12172,1
12173,0
12174,2
12175,0
12176,2
12177,1
12178,2
12179,0
12180,0
12181,2
12182,0
12183,2
12184,0
12185,2
12186,1
12187,2
12188,1
12189,1
12190,2
12191,1
12192,2
12193,0
12194,1
12195,0
12196,2
12197,1
12198,1
12199,2
12200,2
12201,0
12202,1
12203,0
12204,2
12205,1
12206,2
12207,2
12208,0
12209,1
12210,2
12211,2
12212,2
12213,0
12214,2
12215,1
12216,1
12217,1
12218,2
12219,1
12220,1
12221,2
12222,1
12223,1
12224,1
12225,2
12226,1
12227,1
12228,2
12229,0
12230,2
12231,2
12232,2
12233,1
12234,2
12235,2
12236,1
12237,2
12238,0
12239,1
12240,2
12241,2
12242,0
12243,2
12244,2
12245,1
12246,2
12247,2
12248,1
12249,1
12250,1
12251,2
12252,0
12253,1
12254,2
12255,1
12256,2
12257,2
12258,1
12259,0
12260,1
12261,2
12262,2
12263,2
12264,1
12265,1
12266,2
12267,1
12268,2
12269,1
12270,2
12271,2
12272,2
12273,1
12274,2
12275,2
12276,0
12277,1
12278,1
12279,1
12280,1
12281,1
12282,2
12283,2
12284,2
12285,2
12286,2
12287,2
12288,1
12289,2
12290,0
12291,1
12292,2
12293,1
12294,2
12295,2
12296,1
12297,1
12298,1
12299,0
12300,2
12301,1
12302,2
12303,1
12304,1
12305,1
12306,0
12307,0
12308,1
12309,2
12310,1
12311,0
12312,1
12313,0
12314,2
12315,2
12316,0
12317,0
12318,1
12319,2
12320,0
12321,2
12322,0
12323,2
12324,1
12325,2
12326,0
12327,0
12328,1
12329,2
12330,0
12331,2
12332,2
12333,1
12334,0
12335,1
12336,0
12337,1
12338,1
12339,0
12340,1
12341,2
12342,1
12343,1
12344,2
12345,1
12346,1
12347,1
12348,1
12349,1
12350,1
12351,0
12352,1
12353,0
12354,0
12355,1
12356,1
12357,2
12358,1
12359,0
12360,1
12361,0
12362,2
12363,0
12364,1
12365,2
12366,2
12367,0
12368,2
12369,0
12370,1
12371,2
12372,2
12373,1
12374,1
12375,1
12376,1
12377,2
12378,2
12379,2
12380,0
12381,1
12382,0
12383,2
12384,2
12385,2
12386,1
12387,0
12388,0
12389,1
12390,2
12391,2
12392,0
12393,2
12394,2
12395,0
12396,0
12397,2
12398,0
12399,0
12400,1
12401,2
12402,1
12403,0
12404,1
12405,1
12406,1
12407,0
12408,0
12409,1
12410,1
12411,1
12412,2
12413,1
12414,1
12415,2
12416,2
12417,1
12418,2
12419,2
12420,2
12421,2
12422,2
12423,2
12424,1
12425,1
12426,1
12427,2
12428,1
12429,0
12430,0
12431,2
12432,1
12433,0
12434,1
12435,2
12436,2
12437,2
12438,0
12439,1
12440,2
12441,2
12442,2
12443,1
12444,0
12445,1
12446,1
12447,2
12448,1
12449,1
12450,0
12451,1
12452,1
12453,1
12454,0
12455,1
12456,2
12457,2
12458,2
12459,2
12460,1
12461,2
12462,2
12463,0
12464,1
12465,1
12466,1
12467,1
12468,1
12469,0
12470,2
12471,2
12472,0
12473,0
12474,1
12475,1
12476,0
12477,1
12478,1
12479,1
12480,1
12481,2
12482,1
12483,2
12484,1
12485,2
12486,1
12487,0
12488,2
12489,2
12490,2
12491,1
12492,0
12493,1
12494,2
12495,1
12496,1
12497,2
12498,2
12499,1
12500,1
12501,2
12502,0
12503,1
12504,2
12505,1
12506,1
12507,0
12508,2
12509,2
12510,1
12511,1
12512,2
12513,2
12514,2
12515,1
12516,2
12517,1
12518,0
12519,0
12520,1
12521,1
12522,2
12523,2
12524,0
12525,1
12526,2
12527,1
12528,0
12529,0
12530,2
12531,1
12532,1
12533,0
12534,1
12535,1
12536,1
12537,0
12538,0
12539,1
12540,2
12541,2
12542,2
12543,0
12544,2
12545,1
12546,1
12547,2
12548,2
12549,2
12550,2
12551,0
12552,2
12553,2
12554,1
12555,1
12556,1
12557,0
12558,1
12559,2
12560,2
12561,1
12562,1
12563,1
12564,0
12565,0
12566,0
12567,1
12568,1
12569,2
12570,2
12571,2
12572,2
12573,2
12574,1
12575,1
12576,2
12577,0
12578,1
12579,1
12580,0
12581,0
12582,1
12583,2
12584,1
12585,1
12586,2
12587,1
12588,1
12589,2
12590,2
12591,1
12592,2
12593,2
12594,2
12595,1
12596,2
12597,0
12598,1
12599,2
12600,2
12601,2
12602,1
12603,0
12604,1
12605,1
12606,1
12607,1
12608,0
12609,2
12610,2
12611,0
12612,2
12613,1
12614,1
12615,1
12616,0
12617,2
12618,1
12619,0
12620,2
12621,2
12622,1
12623,1
12624,2
12625,1
12626,1
12627,1
12628,1
12629,1
12630,2
12631,1
12632,0
12633,0
12634,0
12635,2
12636,2
12637,1
12638,2
12639,2
12640,1
12641,1
12642,2
12643,2
12644,0
12645,1
12646,2
12647,0
12648,1
12649,1
12650,2
12651,2
12652,0
12653,0
12654,0
12655,1
12656,2
12657,1
12658,2
12659,1
12660,2
12661,1
12662,1
12663,1
12664,2
12665,1
12666,2
12667,1
12668,1
12669,2
12670,1
12671,1
12672,1
12673,1
12674,1
12675,2
12676,0
12677,1
12678,1
12679,2
12680,1
12681,2
12682,1
12683,2
12684,2
12685,2
12686,2
12687,2
12688,1
12689,1
12690,2
12691,2
12692,1
12693,1
12694,0
12695,2
12696,1
12697,2
12698,1
12699,0
12700,1
12701,2
12702,2
12703,0
12704,1
12705,2
12706,1
12707,1
12708,2
12709,1
12710,2
12711,1
12712,1
12713,2
12714,1
12715,2
12716,1
12717,1
12718,0
12719,2
12720,1
12721,0
12722,2
12723,2
12724,0
12725,1
12726,2
12727,1
12728,2
12729,1
12730,1
12731,0
12732,0
12733,1
12734,2
12735,0
12736,0
12737,1
12738,0
12739,1
12740,2
12741,0
12742,1
12743,0
12744,0
12745,1
12746,1
12747,2
12748,1
12749,0
12750,1
12751,2
12752,2
12753,2
12754,0
12755,2
12756,2
12757,2
12758,1
12759,2
12760,1
12761,2
12762,1
12763,1
12764,2
12765,0
12766,2
12767,2
12768,1
12769,2
12770,1
12771,2
12772,2
12773,1
12774,2
12775,2
12776,1
12777,1
12778,1
12779,1
12780,2
12781,1
12782,1
12783,0
12784,1
12785,2
12786,1
12787,2
12788,1
12789,2
12790,2
12791,1
12792,0
12793,1
12794,1
12795,2
12796,1
12797,1
12798,1
12799,1
12800,2
12801,2
12802,1
12803,1
12804,1
12805,0
12806,2
12807,2
12808,0
12809,2
12810,1
12811,1
12812,1
12813,1
12814,2
12815,1
12816,1
12817,1
12818,1
12819,0
12820,1
12821,0
12822,2
12823,2
12824,2
12825,1
12826,0
12827,2
12828,2
12829,1
12830,1
12831,1
12832,1
12833,2
12834,1
12835,1
12836,1
12837,1
12838,1
12839,2
12840,2
12841,1
12842,1
12843,2
12844,2
12845,1
12846,0
12847,2
12848,1
12849,0
12850,1
12851,1
12852,2
12853,0
12854,1
12855,1
12856,1
12857,1
12858,2
12859,2
12860,2
12861,0
12862,1
12863,1
12864,2
12865,1
12866,1
12867,0
12868,1
12869,2
12870,2
12871,1
12872,2
12873,2
12874,1
12875,1
12876,2
12877,1
12878,0
12879,0
12880,0
12881,1
12882,1
12883,1
12884,0
12885,2
12886,0
12887,2
12888,2
12889,2
12890,1
12891,1
12892,2
12893,2
12894,1
12895,1
12896,2
12897,2
12898,1
12899,1
12900,1
12901,2
12902,0
12903,1
12904,0
12905,1
12906,2
12907,0
12908,2
12909,1
12910,2
12911,1
12912,2
12913,0
12914,1
12915,2
12916,1
12917,1
12918,1
12919,2
12920,1
12921,1
12922,2
12923,0
12924,2
12925,0
12926,2
12927,0
12928,1
12929,2
12930,2
12931,2
12932,1
12933,1
12934,0
12935,0
12936,1
12937,1
12938,2
12939,2
12940,0
12941,1
12942,1
12943,1
12944,1
12945,2
12946,0
12947,1
12948,2
12949,1
12950,2
12951,2
12952,2
12953,1
12954,2
12955,1
12956,2
12957,2
12958,1
12959,2
12960,2
12961,0
12962,1
12963,1
12964,1
12965,0
12966,0
12967,1
12968,1
12969,0
12970,2
12971,1
12972,1
12973,2
12974,2
12975,2
12976,0
12977,2
12978,2
12979,1
12980,2
12981,1
12982,1
12983,2
12984,2
12985,1
12986,1
12987,1
12988,2
12989,2
12990,2
12991,2
12992,0
12993,1
12994,0
12995,2
12996,2
12997,1
12998,1
12999,0
13000,2
13001,2
13002,0
13003,2
13004,1
13005,1
13006,2
13007,1
13008,0
13009,0
13010,2
13011,2
13012,0
13013,2
13014,2
13015,1
13016,2
13017,1
13018,2
13019,2
13020,1
13021,1
13022,1
13023,2
13024,1
13025,1
13026,0
13027,1
13028,0
13029,1
13030,2
13031,1
13032,2
13033,0
13034,0
13035,1
13036,2
13037,1
13038,1
13039,2
13040,2
13041,2
13042,2
13043,1
13044,1
13045,2
13046,1
13047,1
13048,0
13049,1
13050,2
13051,0
13052,1
13053,0
13054,1
13055,2
13056,1
13057,1
13058,1
13059,2
13060,1
13061,2
13062,2
13063,0
13064,2
13065,1
13066,1
13067,2
13068,1
13069,2
13070,1
13071,1
13072,1
13073,0
13074,0
13075,2
13076,2
13077,2
13078,2
13079,2
13080,1
13081,0
13082,1
13083,1
13084,1
13085,2
13086,1
13087,1
13088,1
13089,1
13090,1
13091,1
13092,1
13093,2
13094,1
13095,0
13096,0
13097,0
13098,2
13099,1
13100,1
13101,2
13102,1
13103,2
13104,2
13105,1
13106,2
13107,1
13108,0
13109,2
13110,2
13111,2
13112,2
13113,2
13114,0
13115,1
13116,1
13117,2
13118,2
13119,1
13120,0
13121,2
13122,1
13123,1
13124,0
13125,2
13126,1
13127,2
13128,2
13129,1
13130,2
13131,2
13132,0
13133,0
13134,2
13135,0
13136,2
13137,1
13138,2
13139,0
13140,1
13141,1
13142,2
13143,0
13144,2
13145,2
13146,0
13147,2
13148,0
13149,1
13150,1
13151,1
13152,2
13153,2
13154,2
13155,2
13156,2
13157,2
13158,1
13159,0
13160,1
13161,0
13162,0
13163,0
13164,1
13165,1
13166,1
13167,1
13168,2
13169,1
13170,2
13171,1
13172,1
13173,1
13174,1
13175,1
13176,2
13177,1
13178,2
13179,1
13180,2
13181,2
13182,0
13183,0
13184,1
13185,0
13186,2
13187,1
13188,1
13189,1
13190,2
13191,1
13192,1
13193,0
13194,0
13195,1
13196,2
13197,1
13198,2
13199,1
13200,1
13201,2
13202,2
13203,1
13204,2
13205,1
13206,2
13207,1
13208,2
13209,1
13210,2
13211,1
13212,2
13213,1
13214,2
13215,2
13216,1
13217,0
13218,1
13219,2
13220,2
13221,2
13222,1
13223,2
13224,1
13225,2
13226,1
13227,1
13228,1
13229,1
13230,2
13231,2
13232,2
13233,1
13234,1
13235,0
13236,2
13237,2
13238,0
13239,1
13240,0
13241,1
13242,1
13243,2
13244,1
13245,2
13246,1
13247,0
13248,2
13249,2
13250,1
13251,2
13252,1
13253,1
13254,2
13255,2
13256,2
13257,2
13258,1
13259,2
13260,1
13261,2
13262,0
13263,0
13264,0
13265,0
13266,1
13267,2
13268,2
13269,2
13270,2
13271,1
13272,1
13273,1
13274,0
13275,1
13276,1
13277,1
13278,2
13279,1
13280,1
13281,1
13282,2
13283,2
13284,2
13285,0
13286,1
13287,1
13288,2
13289,1
13290,1
13291,2
13292,0
13293,2
13294,2
13295,1
13296,2
13297,1
13298,1
13299,1
13300,0
13301,0
13302,1
13303,2
13304,2
13305,1
13306,1
13307,1
13308,0
13309,1
13310,0
13311,1
13312,2
13313,2
13314,1
13315,2
13316,1
13317,1
13318,1
13319,0
13320,0
13321,1
13322,1
13323,2
13324,1
13325,0
13326,2
13327,1
13328,1
13329,1
13330,2
13331,1
13332,2
13333,1
13334,0
13335,2
13336,1
13337,1
13338,0
13339,1
13340,2
13341,1
13342,1
13343,2
13344,0
13345,1
13346,1
13347,2
13348,2
13349,1
13350,2
13351,1
13352,1
13353,1
13354,1
13355,2
13356,2
13357,2
13358,2
13359,0
13360,0
13361,1
13362,0
13363,2
13364,1
13365,0
13366,1
13367,2
13368,1
13369,1
13370,2
13371,1
13372,2
13373,0
13374,0
13375,0
13376,1
13377,1
13378,0
13379,2
13380,0
13381,0
13382,2
13383,0
13384,2
13385,0
13386,2
13387,1
13388,2
13389,2
13390,2
13391,1
13392,2
13393,1
13394,2
13395,2
13396,2
13397,0
13398,0
13399,2
13400,2
13401,1
13402,1
13403,2
13404,2
13405,2
13406,2
13407,2
13408,2
13409,1
13410,0
13411,1
13412,2
13413,2
13414,0
13415,1
13416,2
13417,2
13418,2
13419,0
13420,2
13421,1
13422,1
13423,1
13424,1
13425,2
13426,0
13427,1
13428,0
13429,0
13430,1
13431,2
13432,0
13433,2
13434,1
13435,1
13436,0
13437,2
13438,2
13439,1
13440,1
13441,2
13442,1
13443,1
13444,0
13445,1
13446,1
13447,1
13448,2
13449,2
13450,0
13451,1
13452,1
13453,2
13454,1
13455,2
13456,1
13457,2
13458,0
13459,1
13460,1
13461,1
13462,1
13463,2
13464,2
13465,0
13466,0
13467,1
13468,1
13469,0
13470,1
13471,2
13472,2
13473,1
13474,1
13475,2
13476,1
13477,2
13478,2
13479,2
13480,2
13481,1
13482,2
13483,1
13484,0
13485,0
13486,1
13487,1
13488,1
13489,2
13490,1
13491,0
13492,1
13493,0
13494,1
13495,0
13496,1
13497,2
13498,2
13499,0
13500,1
13501,2
13502,2
13503,2
13504,2
13505,1
13506,2
13507,1
13508,0
13509,1
13510,0
13511,2
13512,0
13513,1
13514,2
13515,1
13516,0
13517,1
13518,1
13519,2
13520,1
13521,0
13522,1
13523,1
13524,2
13525,0
13526,2
13527,0
13528,0
13529,1
13530,0
13531,0
13532,1
13533,1
13534,1
13535,1
13536,1
13537,2
13538,2
13539,2
13540,2
13541,2
13542,2
13543,1
13544,2
13545,1
13546,2
13547,1
13548,1
13549,1
13550,0
13551,1
13552,2
13553,0
13554,1
13555,1
13556,1
13557,0
13558,1
13559,0
13560,0
13561,2
13562,2
13563,2
13564,2
13565,0
13566,0
13567,0
13568,1
13569,2
13570,1
13571,1
13572,2
13573,2
13574,1
13575,1
13576,1
13577,1
13578,1
13579,1
13580,1
13581,1
13582,1
13583,2
13584,2
13585,0
13586,1
13587,2
13588,1
13589,1
13590,2
13591,1
13592,1
13593,2
13594,0
13595,1
13596,1
13597,2
13598,2
13599,2
13600,2
13601,1
13602,2
13603,0
13604,2
13605,2
13606,1
13607,2
13608,1
13609,2
13610,2
13611,1
13612,2
13613,0
13614,2
13615,2
13616,1
13617,2
13618,1
13619,1
13620,2
13621,0
13622,0
13623,1
13624,1
13625,1
13626,1
13627,2
13628,1
13629,2
13630,0
13631,2
13632,0
13633,2
13634,0
13635,0
13636,1
13637,2
13638,0
13639,0
13640,2
13641,1
13642,0
13643,1
13644,1
13645,2
13646,0
13647,2
13648,0
13649,1
13650,0
13651,2
13652,2
13653,1
13654,2
13655,1
13656,2
13657,1
13658,1
13659,1
13660,1
13661,2
13662,0
13663,2
13664,0
13665,1
13666,2
13667,1
13668,1
13669,1
13670,1
13671,2
13672,0
13673,1
13674,2
13675,1
13676,1
13677,2
13678,2
13679,2
13680,0
13681,1
13682,1
13683,2
13684,2
13685,2
13686,0
13687,1
13688,0
13689,2
13690,1
13691,0
13692,2
13693,1
13694,1
13695,0
13696,0
13697,1
13698,0
13699,0
13700,2
13701,1
13702,2
13703,2
13704,2
13705,2
13706,2
13707,0
13708,1
13709,1
13710,0
13711,2
13712,2
13713,0
13714,2
13715,2
13716,2
13717,1
13718,2
13719,1
13720,1
13721,0
13722,1
13723,1
13724,2
13725,1
13726,2
13727,1
13728,0
13729,1
13730,2
13731,0
13732,1
13733,1
13734,0
13735,1
13736,1
13737,2
13738,0
13739,1
13740,2
13741,0
13742,2
13743,0
13744,0
13745,2
13746,2
13747,0
13748,1
13749,2
13750,2
13751,0
13752,2
13753,1
13754,0
13755,2
13756,1
13757,1
13758,1
13759,2
13760,2
13761,1
13762,1
13763,1
13764,2
13765,1
13766,1
13767,0
13768,2
13769,2
13770,2
13771,0
13772,2
13773,1
13774,1
13775,2
13776,2
13777,2
13778,1
13779,2
13780,1
13781,1
13782,0
13783,1
13784,1
13785,1
13786,2
13787,2
13788,1
13789,2
13790,0
13791,0
13792,2
13793,2
13794,2
13795,2
13796,2
13797,0
13798,1
13799,0
13800,2
13801,1
13802,1
13803,0
13804,1
13805,1
13806,1
13807,2
13808,2
13809,2
13810,2
13811,0
13812,1
13813,0
13814,1
13815,2
13816,2
13817,2
13818,0
13819,2
13820,0
13821,2
13822,2
13823,0
13824,2
13825,1
13826,1
13827,0
13828,1
13829,2
13830,2
13831,2
13832,2
13833,2
13834,2
13835,1
13836,0
13837,2
13838,2
13839,0
13840,2
13841,0
13842,2
13843,2
13844,0
13845,0
13846,1
13847,0
13848,0
13849,2
13850,0
13851,2
13852,2
13853,2
13854,0
13855,1
13856,1
13857,1
13858,1
13859,2
13860,2
13861,1
13862,1
13863,0
13864,1
13865,1
13866,2
13867,1
13868,2
13869,1
13870,2
13871,2
13872,0
13873,1
13874,0
13875,1
13876,2
13877,1
13878,2
13879,2
13880,2
13881,1
13882,0
13883,1
13884,1
13885,1
13886,0
13887,1
13888,2
13889,1
13890,1
13891,1
13892,1
13893,2
13894,1
13895,2
13896,1
13897,1
13898,2
13899,1
13900,2
13901,1
13902,1
13903,2
13904,1
13905,1
13906,0
13907,2
13908,1
13909,0
13910,1
13911,1
13912,1
13913,0
13914,1
13915,0
13916,0
13917,1
13918,0
13919,0
13920,0
13921,1
13922,2
13923,2
13924,0
13925,2
13926,1
13927,0
13928,2
13929,1
13930,1
13931,2
13932,0
13933,1
13934,1
13935,0
13936,0
13937,1
13938,2
13939,2
13940,1
13941,1
13942,0
13943,1
13944,1
13945,2
13946,1
13947,2
13948,2
13949,1
13950,1
13951,2
13952,1
13953,2
13954,0
13955,1
13956,0
13957,1
13958,0
13959,1
13960,1
13961,2
13962,1
13963,0
13964,1
13965,0
13966,1
13967,1
13968,1
13969,0
13970,1
13971,1
13972,1
13973,2
13974,0
13975,1
13976,1
13977,1
13978,2
13979,2
13980,2
13981,1
13982,2
13983,2
13984,0
13985,1
13986,0
13987,1
13988,2
13989,2
13990,0
13991,1
13992,0
13993,1
13994,1
13995,2
13996,0
13997,2
13998,1
13999,1
14000,0
14001,2
14002,2
14003,1
14004,1
14005,1
14006,1
14007,0
14008,1
14009,0
14010,2
14011,1
14012,2
14013,1
14014,2
14015,0
14016,2
14017,1
14018,1
14019,1
14020,2
14021,2
14022,1
14023,2
14024,2
14025,0
14026,0
14027,0
14028,0
14029,0
14030,2
14031,1
14032,0
14033,0
14034,1
14035,2
14036,0
14037,0
14038,1
14039,2
14040,2
14041,1
14042,2
14043,2
14044,1
14045,1
14046,2
14047,2
14048,2
14049,2
14050,1
14051,1
14052,1
14053,2
14054,0
14055,0
14056,1
14057,2
14058,2
14059,1
14060,0
14061,2
14062,2
14063,0
14064,1
14065,2
14066,0
14067,2
14068,1
14069,1
14070,0
14071,2
14072,2
14073,1
14074,2
14075,2
14076,1
14077,1
14078,2
14079,0
14080,2
14081,2
14082,1
14083,2
14084,1
14085,1
14086,1
14087,2
14088,2
14089,1
14090,0
14091,0
14092,2
14093,1
14094,0
14095,2
14096,1
14097,0
14098,2
14099,2
14100,2
14101,2
14102,1
14103,2
14104,2
14105,1
14106,2
14107,1
14108,1
14109,0
14110,1
14111,2
14112,2
14113,1
14114,1
14115,1
14116,1
14117,1
14118,0
14119,1
14120,2
14121,1
14122,1
14123,2
14124,2
14125,0
14126,1
14127,2
14128,0
14129,0
14130,0
14131,1
14132,2
14133,0
14134,1
14135,2
14136,2
14137,2
14138,1
14139,2
14140,1
14141,1
14142,1
14143,2
14144,0
14145,1
14146,1
14147,1
14148,1
14149,2
14150,2
14151,0
14152,0
14153,2
14154,1
14155,2
14156,1
14157,0
14158,2
14159,1
14160,2
14161,0
14162,2
14163,2
14164,2
14165,1
14166,1
14167,2
14168,1
14169,2
14170,2
14171,2
14172,1
14173,1
14174,2
14175,2
14176,2
14177,1
14178,1
14179,2
14180,2
14181,0
14182,2
14183,1
14184,1
14185,1
14186,1
14187,2
14188,2
14189,2
14190,0
14191,2
14192,2
14193,2
14194,1
14195,0
14196,1
14197,1
14198,0
14199,2
14200,1
14201,2
14202,2
14203,1
14204,1
14205,1
14206,1
14207,1
14208,1
14209,1
14210,0
14211,1
14212,2
14213,0
14214,1
14215,1
14216,1
14217,2
14218,2
14219,2
14220,2
14221,0
14222,1
14223,2
14224,1
14225,1
14226,1
14227,2
14228,2
14229,1
14230,2
14231,2
14232,2
14233,1
14234,1
14235,2
14236,2
14237,0
14238,2
14239,2
14240,0
14241,2
14242,1
14243,1
14244,0
14245,2
14246,2
14247,2
14248,1
14249,2
14250,2
14251,0
14252,2
14253,0
14254,2
14255,2
14256,1
14257,1
14258,0
14259,2
14260,0
14261,1
14262,1
14263,1
14264,1
14265,2
14266,2
14267,0
14268,2
14269,1
14270,1
14271,1
14272,1
14273,0
14274,2
14275,1
14276,0
14277,1
14278,2
14279,2
14280,1
14281,0
14282,0
14283,1
14284,2
14285,1
14286,2
14287,0
14288,1
14289,2
14290,0
14291,2
14292,1
14293,1
14294,1
14295,1
14296,2
14297,0
14298,1
14299,1
14300,2
14301,2
14302,2
14303,2
14304,1
14305,2
14306,1
14307,0
14308,0
14309,2
14310,1
14311,2
14312,2
14313,2
14314,1
14315,2
14316,1
14317,2
14318,0
14319,1
14320,1
14321,2
14322,1
14323,2
14324,2
14325,1
14326,0
14327,0
14328,0
14329,2
14330,1
14331,1
14332,0
14333,1
14334,1
14335,1
14336,2
14337,1
14338,0
14339,1
14340,1
14341,2
14342,2
14343,2
14344,1
14345,1
14346,1
14347,2
14348,2
14349,2
14350,2
14351,2
14352,1
14353,1
14354,1
14355,1
14356,2
14357,2
14358,1
14359,0
14360,1
14361,1
14362,1
14363,2
14364,2
14365,1
14366,1
14367,1
14368,1
14369,2
14370,2
14371,2
14372,2
14373,1
14374,0
14375,1
14376,2
14377,2
14378,0
14379,2
14380,1
14381,2
14382,1
14383,0
14384,2
14385,2
14386,2
14387,1
14388,1
14389,1
14390,1
14391,1
14392,1
14393,0
14394,1
14395,1
14396,2
14397,0
14398,2
14399,1
14400,2
14401,1
14402,1
14403,1
14404,1
14405,2
14406,2
14407,1
14408,2
14409,1
14410,2
14411,0
14412,2
14413,2
14414,0
14415,1
14416,2
14417,1
14418,1
14419,0
14420,1
14421,1
14422,0
14423,0
14424,1
14425,2
14426,0
14427,2
14428,2
14429,0
14430,1
14431,2
14432,1
14433,2
14434,0
14435,2
14436,1
14437,2
14438,1
14439,2
14440,1
14441,0
14442,2
14443,2
14444,1
14445,0
14446,1
14447,2
14448,1
14449,0
14450,0
14451,2
14452,2
14453,0
14454,2
14455,1
14456,2
14457,2
14458,2
14459,2
14460,2
14461,2
14462,1
14463,1
14464,2
14465,1
14466,2
14467,0
14468,1
14469,1
14470,2
14471,2
14472,2
14473,1
14474,1
14475,2
14476,2
14477,2
14478,1
14479,1
14480,2
14481,2
14482,1
14483,2
14484,2
14485,0
14486,1
14487,0
14488,2
14489,2
14490,2
14491,2
14492,0
14493,1
14494,0
14495,0
14496,0
14497,0
14498,0
14499,1
14500,1
14501,2
14502,0
14503,2
14504,2
14505,2
14506,2
14507,1
14508,1
14509,2
14510,2
14511,2
14512,1
14513,1
14514,1
14515,1
14516,2
14517,1
14518,1
14519,1
14520,2
14521,2
14522,0
14523,1
14524,0
14525,1
14526,1
14527,0
14528,1
14529,2
14530,1
14531,1
14532,2
14533,0
14534,1
14535,2
14536,2
14537,2
14538,1
14539,2
14540,0
14541,1
14542,2
14543,2
14544,0
14545,0
14546,0
14547,2
14548,0
14549,1
14550,1
14551,1
14552,1
14553,2
14554,1
14555,1
14556,2
14557,1
14558,1
14559,2
14560,1
14561,0
14562,2
14563,1
14564,0
14565,1
14566,2
14567,2
14568,0
14569,1
14570,1
14571,1
14572,2
14573,2
14574,1
14575,2
14576,2
14577,1
14578,2
14579,0
14580,1
14581,1
14582,2
14583,0
14584,0
14585,1
14586,1
14587,1
14588,1
14589,1
14590,1
14591,2
14592,1
14593,2
14594,2
14595,1
14596,2
14597,2
14598,0
14599,1
14600,2
14601,2
14602,2
14603,1
14604,2
14605,1
14606,0
14607,1
14608,2
14609,0
14610,2
14611,0
14612,1
14613,2
14614,0
14615,2
14616,0
14617,1
14618,1
14619,2
14620,1
14621,2
14622,1
14623,1
14624,2
14625,0
14626,2
14627,2
14628,0
14629,1
14630,2
14631,1
14632,2
14633,0
14634,2
14635,1
14636,1
14637,2
14638,1
14639,2
14640,1
14641,2
14642,2
14643,1
14644,2
14645,1
14646,2
14647,2
14648,2
14649,1
14650,2
14651,0
14652,0
14653,0
14654,2
14655,1
14656,2
14657,0
14658,1
14659,2
14660,1
14661,2
14662,2
14663,0
14664,2
14665,2
14666,2
14667,2
14668,0
14669,2
14670,2
14671,2
14672,1
14673,2
14674,1
14675,2
14676,0
14677,1
14678,0
14679,1
14680,2
14681,1
14682,2
14683,1
14684,1
14685,1
14686,0
14687,2
14688,0
14689,1
14690,0
14691,1
14692,0
14693,2
14694,2
14695,0
14696,1
14697,2
14698,2
14699,2
14700,1
14701,1
14702,0
14703,2
14704,2
14705,2
14706,2
14707,1
14708,2
14709,1
14710,2
14711,1
14712,2
14713,1
14714,1
14715,2
14716,1
14717,0
14718,2
14719,2
14720,1
14721,0
14722,1
14723,0
14724,2
14725,0
14726,0
14727,2
14728,2
14729,2
14730,1
14731,2
14732,2
14733,2
14734,2
14735,0
14736,1
14737,1
14738,2
14739,1
14740,1
14741,1
14742,1
14743,1
14744,1
14745,2
14746,1
14747,1
14748,1
14749,2
14750,0
14751,0
14752,0
14753,2
14754,2
14755,2
14756,2
14757,2
14758,0
14759,2
14760,1
14761,0
14762,1
14763,0
14764,0
14765,2
14766,1
14767,0
14768,1
14769,1
14770,2
14771,1
14772,1
14773,1
14774,2
14775,0
14776,2
14777,2
14778,1
14779,2
14780,1
14781,2
14782,1
14783,2
14784,0
14785,2
14786,0
14787,0
14788,2
14789,1
14790,0
14791,0
14792,1
14793,0
14794,2
14795,2
14796,1
14797,0
14798,2
14799,2
14800,1
14801,1
14802,0
14803,0
14804,1
14805,0
14806,1
14807,2
14808,0
14809,2
14810,2
14811,0
14812,1
14813,1
14814,2
14815,1
14816,1
14817,0
14818,0
14819,1
14820,1
14821,1
14822,0
14823,0
14824,1
14825,0
14826,1
14827,1
14828,1
14829,0
14830,1
14831,2
14832,2
14833,0
14834,0
14835,0
14836,2
14837,0
14838,1
14839,2
14840,1
14841,0
14842,2
14843,0
14844,2
14845,2
14846,2
14847,1
14848,0
14849,0
14850,2
14851,1
14852,2
14853,1
14854,2
14855,0
14856,1
14857,1
14858,1
14859,0
14860,2
14861,0
14862,2
14863,1
14864,1
14865,0
14866,1
14867,0
14868,1
14869,2
14870,1
14871,1
14872,2
14873,1
14874,2
14875,1
14876,2
14877,1
14878,0
14879,2
14880,2
14881,2
14882,2
14883,0
14884,2
14885,0
14886,1
14887,2
14888,2
14889,2
14890,2
14891,1
14892,0
14893,2
14894,1
14895,1
14896,0
14897,1
14898,2
14899,1
14900,2
14901,0
14902,1
14903,0
14904,2
14905,2
14906,2
14907,0
14908,1
14909,2
14910,0
14911,2
14912,0
14913,1
14914,1
14915,1
14916,2
14917,1
14918,0
14919,2
14920,1
14921,2
14922,2
14923,2
14924,1
14925,1
14926,1
14927,0
14928,2
14929,1
14930,0
14931,1
14932,1
14933,0
14934,1
14935,0
14936,0
14937,2
14938,1
14939,1
14940,0
14941,2
14942,2
14943,1
14944,0
14945,0
14946,1
14947,2
14948,0
14949,2
14950,2
14951,2
14952,0
14953,1
14954,2
14955,2
14956,2
14957,1
14958,1
14959,1
14960,1
14961,1
14962,1
14963,2
14964,1
14965,2
14966,1
14967,2
14968,0
14969,0
14970,1
14971,1
14972,2
14973,2
14974,2
14975,1
14976,1
14977,0
14978,0
14979,2
14980,2
14981,1
14982,2
14983,0
14984,2
14985,2
14986,1
14987,1
14988,2
14989,0
14990,0
14991,0
14992,2
14993,2
14994,2
14995,2
14996,1
14997,1
14998,2
14999,1
15000,0
15001,1
15002,0
15003,0
15004,0
15005,1
15006,2
15007,2
15008,1
15009,1
15010,1
15011,2
15012,2
15013,1
15014,2
15015,2
15016,2
15017,1
15018,2
15019,2
15020,2
15021,1
15022,2
15023,2
15024,2
15025,0
15026,0
15027,1
15028,2
15029,2
15030,2
15031,1
15032,1
15033,1
15034,1
15035,2
15036,2
15037,2
15038,2
15039,1
15040,1
15041,2
15042,0
15043,1
15044,1
15045,1
15046,0
15047,1
15048,2
15049,2
15050,1
15051,2
15052,0
15053,0
15054,1
15055,2
15056,2
15057,2
15058,2
15059,1
15060,1
15061,1
15062,0
15063,2
15064,2
15065,1
15066,0
15067,1
15068,1
15069,1
15070,2
15071,2
15072,1
15073,0
15074,1
15075,1
15076,2
15077,0
15078,1
15079,1
15080,0
15081,2
15082,1
15083,2
15084,2
15085,0
15086,2
15087,1
15088,2
15089,2
15090,0
15091,0
15092,1
15093,1
15094,0
15095,2
15096,1
15097,1
15098,2
15099,0
15100,2
15101,2
15102,2
15103,0
15104,2
15105,0
15106,1
15107,1
15108,0
15109,1
15110,1
15111,0
15112,1
15113,0
15114,1
15115,2
15116,2
15117,0
15118,1
15119,2
15120,1
15121,0
15122,1
15123,2
15124,1
15125,2
15126,1
15127,0
15128,2
15129,2
15130,0
15131,2
15132,1
15133,1
15134,0
15135,2
15136,2
15137,1
15138,1
15139,2
15140,0
15141,0
15142,2
15143,2
15144,2
15145,2
15146,2
15147,1
15148,0
15149,2
15150,2
15151,1
15152,0
15153,1
15154,1
15155,2
15156,0
15157,0
15158,0
15159,2
15160,2
15161,1
15162,2
15163,1
15164,2
15165,0
15166,0
15167,1
15168,2
15169,2
15170,2
15171,2
15172,0
15173,2
15174,2
15175,1
15176,1
15177,1
15178,2
15179,2
15180,1
15181,1
15182,0
15183,2
15184,2
15185,0
15186,0
15187,2
15188,1
15189,1
15190,1
15191,1
15192,2
15193,2
15194,1
15195,2
15196,0
15197,1
15198,1
15199,0
15200,1
15201,1
15202,2
15203,2
15204,0
15205,0
15206,2
15207,2
15208,0
15209,2
15210,1
15211,1
15212,2
15213,1
15214,2
15215,1
15216,0
15217,0
15218,2
15219,1
15220,2
15221,2
15222,2
15223,2
15224,2
15225,2
15226,2
15227,2
15228,1
15229,1
15230,1
15231,2
15232,0
15233,0
15234,2
15235,2
15236,1
15237,0
15238,1
15239,0
15240,2
15241,1
15242,2
15243,1
15244,1
15245,2
15246,2
15247,1
15248,1
15249,2
15250,2
15251,1
15252,1
15253,1
15254,1
15255,0
15256,1
15257,1
15258,0
15259,0
15260,2
15261,1
15262,1
15263,1
15264,0
15265,2
15266,1
15267,2
15268,1
15269,0
15270,1
15271,2
15272,2
15273,2
15274,1
15275,1
15276,1
15277,2
15278,0
15279,2
15280,1
15281,2
15282,0
15283,1
15284,2
15285,0
15286,2
15287,2
15288,1
15289,2
15290,1
15291,1
15292,1
15293,2
15294,0
15295,1
15296,1
15297,1
15298,2
15299,0
15300,2
15301,1
15302,2
15303,2
15304,1
15305,2
15306,0
15307,1
15308,0
15309,1
15310,0
15311,1
15312,0
15313,1
15314,2
15315,1
15316,1
15317,2
15318,2
15319,1
15320,2
15321,1
15322,1
15323,2
15324,1
15325,0
15326,1
15327,1
15328,0
15329,0
15330,0
15331,0
15332,0
15333,2
15334,2
15335,1
15336,2
15337,2
15338,0
15339,0
15340,2
15341,1
15342,2
15343,0
15344,1
15345,2
15346,2
15347,1
15348,2
15349,1
15350,2
15351,2
15352,2
15353,2
15354,2
15355,2
15356,1
15357,1
15358,2
15359,2
15360,0
15361,1
15362,1
15363,2
15364,1
15365,2
15366,1
15367,0
15368,1
15369,0
15370,1
15371,1
15372,1
15373,1
15374,1
15375,1
15376,2
15377,1
15378,1
15379,1
15380,2
15381,1
15382,1
15383,0
15384,0
15385,2
15386,1
15387,1
15388,0
15389,2
15390,1
15391,0
15392,2
15393,0
15394,2
15395,2
15396,1
15397,1
15398,2
15399,1
15400,1
15401,1
15402,1
15403,0
15404,0
15405,1
15406,2
15407,0
15408,2
15409,1
15410,0
15411,1
15412,1
15413,0
15414,1
15415,1
15416,1
15417,0
15418,2
15419,2
15420,2
15421,1
15422,2
15423,2
15424,1
15425,1
15426,2
15427,0
15428,2
15429,0
15430,2
15431,0
15432,1
15433,1
15434,0
15435,1
15436,1
15437,1
15438,2
15439,1
15440,2
15441,1
15442,1
15443,1
15444,0
15445,1
15446,0
15447,1
15448,1
15449,1
15450,1
15451,1
15452,0
15453,1
15454,1
15455,0
15456,2
15457,2
15458,0
15459,0
15460,2
15461,2
15462,1
15463,1
15464,1
15465,1
15466,2
15467,2
15468,0
15469,1
15470,1
15471,1
15472,1
15473,1
15474,2
15475,2
15476,1
15477,1
15478,2
15479,1
15480,1
15481,2
15482,2
15483,0
15484,0
15485,2
15486,0
15487,2
15488,1
15489,1
15490,2
15491,1
15492,1
15493,0
15494,1
15495,1
15496,2
15497,0
15498,0
15499,1
15500,1
15501,2
15502,2
15503,1
15504,2
15505,2
15506,2
15507,0
15508,0
15509,2
15510,0
15511,1
15512,0
15513,0
15514,1
15515,0
15516,1
15517,2
15518,0
15519,0
15520,2
15521,2
15522,0
15523,0
15524,1
15525,1
15526,1
15527,2
15528,2
15529,0
15530,2
15531,1
15532,0
15533,1
15534,0
15535,1
15536,1
15537,1
15538,1
15539,1
15540,2
15541,1
15542,1
15543,1
15544,1
15545,0
15546,1
15547,0
15548,1
15549,2
15550,1
15551,2
15552,1
15553,1
15554,1
15555,2
15556,2
15557,2
15558,1
15559,1
15560,1
15561,1
15562,1
15563,2
15564,1
15565,1
15566,2
15567,2
15568,1
15569,0
15570,2
15571,1
15572,2
15573,0
15574,1
15575,1
15576,0
15577,2
15578,1
15579,2
15580,1
15581,1
15582,0
15583,2
15584,2
15585,1
15586,1
15587,1
15588,2
15589,2
15590,0
15591,0
15592,1
15593,0
15594,1
15595,2
15596,2
15597,1
15598,2
15599,1
15600,0
15601,0
15602,1
15603,1
15604,1
15605,0
15606,2
15607,2
15608,0
15609,1
15610,2
15611,1
15612,1
15613,1
15614,0
15615,2
15616,1
15617,1
15618,2
15619,0
15620,0
15621,0
15622,0
15623,1
15624,1
15625,1
15626,1
15627,2
15628,1
15629,1
15630,0
15631,1
15632,2
15633,1
15634,0
15635,1
15636,1
15637,1
15638,1
15639,1
15640,2
15641,2
15642,1
15643,2
15644,1
15645,1
15646,1
15647,1
15648,1
15649,1
15650,1
15651,1
15652,1
15653,2
15654,2
15655,2
15656,2
15657,2
15658,1
15659,0
15660,1
15661,1
15662,1
15663,1
15664,0
15665,0
15666,1
15667,2
15668,1
15669,2
15670,1
15671,1
15672,1
15673,2
15674,1
15675,0
15676,2
15677,0
15678,1
15679,2
15680,2
15681,2
15682,2
15683,1
15684,2
15685,2
15686,1
15687,1
15688,0
15689,2
15690,1
15691,2
15692,1
15693,1
15694,1
15695,0
15696,2
15697,2
15698,1
15699,0
15700,1
15701,2
15702,0
15703,1
15704,2
15705,1
15706,1
15707,1
15708,2
15709,1
15710,1
15711,2
15712,2
15713,0
15714,1
15715,1
15716,1
15717,1
15718,2
15719,1
15720,0
15721,0
15722,2
15723,2
15724,2
15725,2
15726,2
15727,0
15728,1
15729,1
15730,2
15731,1
15732,0
15733,1
15734,2
15735,2
15736,1
15737,2
15738,1
15739,2
15740,1
15741,2
15742,2
15743,0
15744,2
15745,1
15746,2
15747,2
15748,0
15749,1
15750,1
15751,1
15752,2
15753,0
15754,1
15755,2
15756,0
15757,2
15758,1
15759,1
15760,1
15761,2
15762,1
15763,2
15764,1
15765,0
15766,2
15767,2
15768,1
15769,1
15770,1
15771,1
15772,2
15773,1
15774,2
15775,2
15776,1
15777,1
15778,2
15779,1
15780,1
15781,1
15782,1
15783,1
15784,2
15785,2
15786,0
15787,1
15788,1
15789,2
15790,0
15791,1
15792,1
15793,2
15794,2
15795,0
15796,2
15797,2
15798,1
15799,2
15800,1
15801,2
15802,2
15803,1
15804,2
15805,1
15806,2
15807,2
15808,1
15809,1
15810,0
15811,2
15812,0
15813,1
15814,2
15815,1
15816,0
15817,1
15818,2
15819,0
15820,2
15821,1
15822,0
15823,2
15824,2
15825,0
15826,0
15827,2
15828,1
15829,0
15830,2
15831,0
15832,1
15833,1
15834,1
15835,2
15836,1
15837,2
15838,0
15839,1
15840,2
15841,1
15842,0
15843,1
15844,1
15845,1
15846,2
15847,1
15848,1
15849,1
15850,1
15851,2
15852,2
15853,1
15854,2
15855,2
15856,1
15857,0
15858,1
15859,0
15860,1
15861,2
15862,1
15863,2
15864,0
15865,0
15866,2
15867,1
15868,2
15869,1
15870,1
15871,1
15872,1
15873,1
15874,1
15875,0
15876,1
15877,1
15878,2
15879,2
15880,1
15881,2
15882,2
15883,0
15884,0
15885,1
15886,1
15887,1
15888,1
15889,2
15890,2
15891,1
15892,2
15893,0
15894,2
15895,2
15896,2
15897,1
15898,2
15899,2
15900,2
15901,2
15902,1
15903,0
15904,1
15905,1
15906,1
15907,1
15908,1
15909,2
15910,2
15911,1
15912,0
15913,2
15914,1
15915,0
15916,0
15917,0
15918,1
15919,2
15920,2
15921,2
15922,0
15923,2
15924,1
15925,2
15926,1
15927,2
15928,1
15929,1
15930,2
15931,2
15932,1
15933,0
15934,2
15935,2
15936,1
15937,1
15938,0
15939,1
15940,2
15941,1
15942,1
15943,2
15944,0
15945,0
15946,2
15947,2
15948,1
15949,2
15950,1
15951,0
15952,2
15953,0
15954,1
15955,0
15956,1
15957,1
15958,1
15959,2
15960,1
15961,1
15962,2
15963,2
15964,2
15965,1
15966,1
15967,1
15968,0
15969,2
15970,1
15971,1
15972,1
15973,2
15974,1
15975,1
15976,0
15977,1
15978,2
15979,0
15980,2
15981,2
15982,0
15983,1
15984,1
15985,2
15986,0
15987,1
15988,1
15989,1
15990,1
15991,2
15992,2
15993,2
15994,2
15995,2
15996,1
15997,1
15998,0
15999,2
16000,2
16001,0
16002,1
16003,2
16004,0
16005,1
16006,1
16007,1
16008,1
16009,2
16010,1
16011,0
16012,0
16013,2
16014,2
16015,2
16016,2
16017,0
16018,2
16019,1
16020,2
16021,2
16022,2
16023,2
16024,0
16025,1
16026,1
16027,1
16028,2
16029,0
16030,2
16031,1
16032,2
16033,1
16034,2
16035,0
16036,1
16037,1
16038,0
16039,2
16040,2
16041,1
16042,1
16043,0
16044,1
16045,1
16046,2
16047,2
16048,1
16049,1
16050,1
16051,1
16052,1
16053,2
16054,1
16055,1
16056,0
16057,2
16058,0
16059,1
16060,1
16061,1
16062,0
16063,0
16064,2
16065,1
16066,0
16067,1
16068,2
16069,2
16070,0
16071,1
16072,1
16073,2
16074,0
16075,1
16076,0
16077,2
16078,0
16079,1
16080,2
16081,1
16082,1
16083,1
16084,2
16085,1
16086,2
16087,1
16088,1
16089,1
16090,2
16091,0
16092,0
16093,1
16094,1
16095,0
16096,1
16097,2
16098,1
16099,2
16100,1
16101,2
16102,0
16103,0
16104,1
16105,1
16106,0
16107,2
16108,2
16109,2
16110,2
16111,1
16112,1
16113,0
16114,0
16115,1
16116,1
16117,2
16118,2
16119,1
16120,1
16121,2
16122,1
16123,1
16124,0
16125,0
16126,1
16127,2
16128,1
16129,1
16130,1
16131,1
16132,2
16133,2
16134,0
16135,1
16136,1
16137,1
16138,1
16139,0
16140,1
16141,2
16142,2
16143,1
16144,2
16145,2
16146,1
16147,0
16148,0
16149,1
16150,2
16151,2
16152,1
16153,2
16154,1
16155,2
16156,0
16157,1
16158,1
16159,1
16160,1
16161,0
16162,2
16163,1
16164,2
16165,2
16166,0
16167,2
16168,0
16169,0
16170,1
16171,0
16172,1
16173,1
16174,1
16175,1
16176,1
16177,0
16178,2
16179,1
16180,2
16181,2
16182,2
16183,2
16184,2
16185,1
16186,1
16187,1
16188,2
16189,1
16190,1
16191,2
16192,2
16193,1
16194,0
16195,2
16196,1
16197,0
16198,2
16199,2
16200,0
16201,2
16202,1
16203,0
16204,2
16205,1
16206,1
16207,2
16208,1
16209,2
16210,2
16211,0
16212,1
16213,1
16214,0
16215,2
16216,2
16217,1
16218,0
16219,2
16220,0
16221,1
16222,1
16223,2
16224,1
16225,1
16226,0
16227,1
16228,1
16229,1
16230,1
16231,0
16232,2
16233,2
16234,1
16235,0
16236,1
16237,0
16238,2
16239,2
16240,2
16241,1
16242,1
16243,0
16244,1
16245,2
16246,2
16247,1
16248,2
16249,1
16250,1
16251,0
16252,0
16253,0
16254,0
16255,2
16256,1
16257,2
16258,0
16259,2
16260,1
16261,2
16262,1
16263,2
16264,0
16265,2
16266,0
16267,1
16268,1
16269,1
16270,1
16271,1
16272,1
16273,2
16274,1
16275,0
16276,1
16277,2
16278,2
16279,1
16280,2
16281,0
16282,1
16283,1
16284,0
16285,1
16286,1
16287,1
16288,2
16289,1
16290,1
16291,1
16292,0
16293,2
16294,2
16295,1
16296,2
16297,0
16298,2
16299,0
16300,1
16301,0
16302,2
16303,0
16304,2
16305,1
16306,0
16307,2
16308,1
16309,0
16310,1
16311,1
16312,0
16313,1
16314,1
16315,1
16316,2
16317,2
16318,1
16319,2
16320,1
16321,2
16322,2
16323,1
16324,1
16325,0
16326,0
16327,1
16328,2
16329,1
16330,2
16331,1
16332,2
16333,0
16334,0
16335,2
16336,1
16337,0
16338,2
16339,0
16340,1
16341,2
16342,1
16343,2
16344,1
16345,0
16346,1
16347,1
16348,2
16349,1
16350,1
16351,0
16352,0
16353,2
16354,2
16355,0
16356,2
16357,1
16358,0
16359,1
16360,2
16361,1
16362,2
16363,2
16364,1
16365,2
16366,1
16367,2
16368,1
16369,1
16370,1
16371,1
16372,0
16373,0
16374,0
16375,2
16376,2
16377,1
16378,0
16379,2
16380,1
16381,2
16382,1
16383,1
16384,1
16385,2
16386,2
16387,2
16388,0
16389,1
16390,0
16391,1
16392,1
16393,1
16394,0
16395,1
16396,1
16397,2
16398,2
16399,2
16400,0
16401,1
16402,1
16403,0
16404,2
16405,2
16406,2
16407,1
16408,2
16409,1
16410,2
16411,2
16412,2
16413,1
16414,2
16415,2
16416,1
16417,2
16418,0
16419,1
16420,1
16421,1
16422,0
16423,1
16424,1
16425,0
16426,0
16427,2
16428,0
16429,1
16430,2
16431,0
16432,0
16433,0
16434,2
16435,2
16436,2
16437,2
16438,2
16439,1
16440,1
16441,2
16442,2
16443,2
16444,2
16445,1
16446,1
16447,2
16448,1
16449,1
16450,2
16451,2
16452,1
16453,0
16454,0
16455,2
16456,2
16457,1
16458,0
16459,0
16460,2
16461,0
16462,1
16463,1
16464,2
16465,1
16466,1
16467,1
16468,0
16469,1
16470,2
16471,2
16472,2
16473,2
16474,1
16475,0
16476,0
16477,1
16478,2
16479,2
16480,2
16481,1
16482,0
16483,1
16484,2
16485,1
16486,1
16487,0
16488,0
16489,2
16490,1
16491,1
16492,2
16493,2
16494,0
16495,2
16496,0
16497,1
16498,0
16499,2
16500,2
16501,1
16502,1
16503,2
16504,2
16505,2
16506,0
16507,1
16508,1
16509,2
16510,2
16511,2
16512,0
16513,1
16514,1
16515,2
16516,1
16517,2
16518,1
16519,0
16520,2
16521,2
16522,1
16523,0
16524,1
16525,2
16526,2
16527,1
16528,0
16529,1
16530,1
16531,1
16532,1
16533,2
16534,1
16535,2
16536,1
16537,2
16538,0
16539,2
16540,2
16541,1
16542,0
16543,1
16544,1
16545,1
16546,0
16547,0
16548,0
16549,2
16550,1
16551,2
16552,1
16553,0
16554,1
16555,1
16556,2
16557,2
16558,1
16559,1
16560,2
16561,1
16562,2
16563,1
16564,0
16565,2
16566,1
16567,1
16568,1
16569,1
16570,1
16571,1
16572,1
16573,1
16574,1
16575,1
16576,1
16577,2
16578,1
16579,0
16580,2
16581,1
16582,0
16583,0
16584,1
16585,2
16586,1
16587,2
16588,1
16589,2
16590,2
16591,1
16592,2
16593,2
16594,0
16595,0
16596,2
16597,1
16598,1
16599,1
16600,0
16601,1
16602,1
16603,1
16604,2
16605,1
16606,1
16607,1
16608,1
16609,1
16610,1
16611,0
16612,2
16613,1
16614,2
16615,1
16616,1
16617,1
16618,2
16619,0
16620,1
16621,2
16622,2
16623,1
16624,1
16625,2
16626,1
16627,1
16628,1
16629,1
16630,0
16631,1
16632,0
16633,2
16634,0
16635,0
16636,2
16637,1
16638,1
16639,0
16640,2
16641,1
16642,1
16643,1
16644,1
16645,0
16646,1
16647,1
16648,2
16649,0
16650,0
16651,1
16652,1
16653,2
16654,2
16655,2
16656,2
16657,1
16658,1
16659,1
16660,1
16661,1
16662,2
16663,2
16664,1
16665,1
16666,1
16667,1
16668,0
16669,0
16670,2
16671,2
16672,1
16673,0
16674,2
16675,1
16676,2
16677,0
16678,1
16679,2
16680,1
16681,2
16682,1
16683,1
16684,1
16685,1
16686,1
16687,2
16688,1
16689,1
16690,2
16691,2
16692,1
16693,2
16694,2
16695,1
16696,2
16697,2
16698,1
16699,2
16700,1
16701,0
16702,2
16703,0
16704,1
16705,1
16706,1
16707,2
16708,1
16709,2
16710,1
16711,0
16712,2
16713,1
16714,1
16715,0
16716,2
16717,1
16718,2
16719,2
16720,0
16721,2
16722,0
16723,1
16724,0
16725,2
16726,2
16727,2
16728,2
16729,2
16730,2
16731,2
16732,2
16733,2
16734,2
16735,2
16736,1
16737,2
16738,2
16739,0
16740,2
16741,2
16742,1
16743,1
16744,1
16745,2
16746,0
16747,2
16748,2
16749,2
16750,0
16751,1
16752,2
16753,2
16754,1
16755,1
16756,2
16757,1
16758,2
16759,0
16760,1
16761,2
16762,2
16763,1
16764,2
16765,2
16766,0
16767,0
16768,2
16769,1
16770,2
16771,1
16772,1
16773,2
16774,2
16775,2
16776,0
16777,1
16778,2
16779,2
16780,2
16781,1
16782,2
16783,2
16784,1
16785,1
16786,0
16787,1
16788,1
16789,2
16790,2
16791,2
16792,1
16793,1
16794,0
16795,0
16796,1
16797,1
16798,2
16799,2
16800,2
16801,1
16802,0
16803,0
16804,1
16805,2
16806,0
16807,2
16808,2
16809,1
16810,0
16811,0
16812,0
16813,0
16814,2
16815,1
16816,2
16817,1
16818,1
16819,2
16820,2
16821,2
16822,2
16823,2
16824,1
16825,2
16826,1
16827,2
16828,1
16829,2
16830,1
16831,2
16832,0
16833,1
16834,1
16835,2
16836,2
16837,1
16838,1
16839,0
16840,2
16841,0
16842,1
16843,2
16844,1
16845,0
16846,1
16847,1
16848,1
16849,0
16850,1
16851,1
16852,1
16853,1
16854,2
16855,1
16856,1
16857,2
16858,2
16859,1
16860,0
16861,0
16862,1
16863,2
16864,2
16865,1
16866,1
16867,2
16868,1
16869,0
16870,1
16871,2
16872,2
16873,2
16874,1
16875,0
16876,1
16877,1
16878,0
16879,1
16880,2
16881,1
16882,2
16883,0
16884,2
16885,2
16886,1
16887,1
16888,2
16889,1
16890,1
16891,0
16892,0
16893,0
16894,2
16895,1
16896,1
16897,0
16898,2
16899,0
16900,1
16901,2
16902,1
16903,1
16904,1
16905,2
16906,2
16907,1
16908,0
16909,1
16910,2
16911,0
16912,2
16913,1
16914,2
16915,0
16916,2
16917,2
16918,1
16919,2
16920,2
16921,2
16922,1
16923,2
16924,0
16925,2
16926,2
16927,2
16928,1
16929,1
16930,1
16931,0
16932,1
16933,2
16934,1
16935,1
16936,1
16937,2
16938,0
16939,1
16940,1
16941,2
16942,0
16943,0
16944,2
16945,2
16946,2
16947,0
16948,2
16949,2
16950,1
16951,2
16952,0
16953,1
16954,2
16955,2
16956,0
16957,1
16958,1
16959,2
16960,2
16961,1
16962,2
16963,2
16964,1
16965,2
16966,1
16967,0
16968,0
16969,1
16970,2
16971,0
16972,1
16973,0
16974,2
16975,0
16976,1
16977,1
16978,0
16979,2
16980,2
16981,2
16982,2
16983,2
16984,1
16985,2
16986,2
16987,1
16988,1
16989,2
16990,0
16991,0
16992,2
16993,2
16994,1
16995,2
16996,2
16997,0
16998,2
16999,2
17000,1
17001,2
17002,0
17003,2
17004,2
17005,1
17006,0
17007,2
17008,0
17009,1
17010,1
17011,1
17012,0
17013,1
17014,1
17015,1
17016,2
17017,1
17018,1
17019,1
17020,1
17021,0
17022,2
17023,2
17024,1
17025,1
17026,1
17027,1
17028,1
17029,0
17030,2
17031,1
17032,2
17033,2
17034,2
17035,0
17036,2
17037,1
17038,2
17039,1
17040,0
17041,2
17042,2
17043,2
17044,1
17045,0
17046,2
17047,1
17048,1
17049,0
17050,1
17051,2
17052,1
17053,2
17054,2
17055,2
17056,0
17057,1
17058,2
17059,2
17060,1
17061,1
17062,1
17063,0
17064,2
17065,1
17066,1
17067,2
17068,2
17069,2
17070,1
17071,1
17072,2
17073,0
17074,2
17075,2
17076,1
17077,1
17078,2
17079,0
17080,1
17081,1
17082,2
17083,0
17084,1
17085,1
17086,2
17087,1
17088,2
17089,2
17090,2
17091,0
17092,1
17093,0
17094,2
17095,2
17096,1
17097,2
17098,2
17099,2
17100,2
17101,2
17102,2
17103,0
17104,1
17105,2
17106,2
17107,0
17108,1
17109,1
17110,2
17111,1
17112,0
17113,2
17114,1
17115,2
17116,2
17117,1
17118,1
17119,1
17120,1
17121,1
17122,2
17123,1
17124,2
17125,1
17126,1
17127,0
17128,2
17129,1
17130,1
17131,2
17132,1
17133,2
17134,1
17135,1
17136,2
17137,1
17138,2
17139,0
17140,2
17141,1
17142,2
17143,1
17144,1
17145,1
17146,0
17147,2
17148,0
17149,2
17150,0
17151,2
17152,1
17153,0
17154,2
17155,2
17156,0
17157,2
17158,1
17159,0
17160,2
17161,2
17162,0
17163,2
17164,1
17165,2
17166,1
17167,1
17168,2
17169,1
17170,0
17171,2
17172,2
17173,1
17174,0
17175,2
17176,2
17177,1
17178,1
17179,2
17180,0
17181,2
17182,0
17183,2
17184,1
17185,1
17186,1
17187,2
17188,2
17189,2
17190,1
17191,0
17192,2
17193,1
17194,2
17195,1
17196,0
17197,0
17198,0
17199,2
17200,2
17201,2
17202,1
17203,2
17204,2
17205,0
17206,2
17207,0
17208,0
17209,2
17210,2
17211,1
17212,2
17213,0
17214,1
17215,2
17216,2
17217,2
17218,1
17219,1
17220,1
17221,0
17222,0
17223,2
17224,1
17225,2
17226,1
17227,2
17228,0
17229,0
17230,2
17231,1
17232,0
17233,2
17234,1
17235,2
17236,1
17237,1
17238,2
17239,2
17240,2
17241,1
17242,1
17243,0
17244,2
17245,0
17246,1
17247,2
17248,1
17249,0
17250,0
17251,2
17252,1
17253,1
17254,1
17255,1
17256,1
17257,1
17258,0
17259,1
17260,1
17261,2
17262,1
17263,1
17264,1
17265,1
17266,1
17267,1
17268,0
17269,1
17270,1
17271,1
17272,2
17273,1
17274,2
17275,2
17276,2
17277,0
17278,2
17279,2
17280,1
17281,1
17282,0
17283,1
17284,1
17285,0
17286,1
17287,0
17288,2
17289,1
17290,2
17291,1
17292,2
17293,2
17294,2
17295,1
17296,0
17297,1
17298,1
17299,1
17300,1
17301,2
17302,1
17303,1
17304,2
17305,2
17306,0
17307,0
17308,2
17309,1
17310,1
17311,2
17312,1
17313,2
17314,2
17315,1
17316,1
17317,1
17318,2
17319,1
17320,0
17321,2
17322,2
17323,2
17324,0
17325,2
17326,1
17327,2
17328,0
17329,1
17330,2
17331,1
17332,0
17333,2
17334,1
17335,1
17336,1
17337,1
17338,2
17339,0
17340,0
17341,1
17342,1
17343,1
17344,1
17345,2
17346,0
17347,1
17348,0
17349,0
17350,2
17351,1
17352,1
17353,2
17354,1
17355,2
17356,0
17357,0
17358,2
17359,1
17360,1
17361,1
17362,2
17363,1
17364,1
17365,2
17366,2
17367,2
17368,0
17369,2
17370,2
17371,0
17372,1
17373,1
17374,1
17375,0
17376,2
17377,1
17378,2
17379,1
17380,2
17381,2
17382,2
17383,0
17384,2
17385,0
17386,2
17387,2
17388,2
17389,2
17390,0
17391,2
17392,2
17393,0
17394,2
17395,1
17396,1
17397,1
17398,1
17399,2
17400,1
17401,1
17402,1
17403,1
17404,0
17405,1
17406,1
17407,1
17408,1
17409,1
17410,2
17411,2
17412,2
17413,2
17414,1
17415,1
17416,2
17417,1
17418,2
17419,2
17420,1
17421,2
17422,2
17423,0
17424,2
17425,1
17426,1
17427,2
17428,2
17429,0
17430,1
17431,1
17432,1
17433,1
17434,1
17435,2
17436,1
17437,0
17438,1
17439,1
17440,1
17441,1
17442,1
17443,1
17444,2
17445,1
17446,2
17447,2
17448,2
17449,1
17450,1
17451,2
17452,0
17453,0
17454,1
17455,1
17456,1
17457,0
17458,1
17459,1
17460,1
17461,0
17462,0
17463,0
17464,2
17465,2
17466,1
17467,1
17468,1
17469,1
17470,1
17471,1
17472,1
17473,1
17474,0
17475,0
17476,2
17477,0
17478,2
17479,2
17480,2
17481,2
17482,2
17483,1
17484,1
17485,2
17486,2
17487,2
17488,0
17489,2
17490,2
17491,0
17492,2
17493,2
17494,1
17495,2
17496,0
17497,0
17498,1
17499,2
17500,1
17501,1
17502,2
17503,2
17504,1
17505,0
17506,2
17507,1
17508,1
17509,1
17510,0
17511,2
17512,2
17513,1
17514,0
17515,2
17516,0
17517,1
17518,1
17519,0
17520,2
17521,2
17522,0
17523,0
17524,2
17525,0
17526,0
17527,2
17528,2
17529,1
17530,0
17531,2
17532,0
17533,1
17534,1
17535,2
17536,1
17537,1
17538,1
17539,2
17540,2
17541,0
17542,2
17543,2
17544,2
17545,1
17546,2
17547,1
17548,1
17549,0
17550,2
17551,1
17552,2
17553,2
17554,2
17555,2
17556,1
17557,0
17558,2
17559,0
17560,1
17561,2
17562,1
17563,0
17564,1
17565,1
17566,2
17567,0
17568,2
17569,1
17570,2
17571,2
17572,1
17573,0
17574,2
17575,2
17576,2
17577,1
17578,1
17579,2
17580,1
17581,1
17582,0
17583,1
17584,2
17585,1
17586,2
17587,2
17588,1
17589,1
17590,0
17591,0
17592,0
17593,2
17594,0
17595,0
17596,2
17597,2
17598,2
17599,2
17600,1
17601,1
17602,1
17603,2
17604,1
17605,2
17606,2
17607,0
17608,2
17609,1
17610,2
17611,1
17612,1
17613,1
17614,2
17615,1
17616,1
17617,1
17618,0
17619,1
17620,2
17621,2
17622,1
17623,1
17624,2
17625,1
17626,1
17627,2
17628,1
17629,2
17630,1
17631,0
17632,2
17633,2
17634,1
17635,1
17636,0
17637,2
17638,0
17639,0
17640,0
17641,0
17642,1
17643,2
17644,0
17645,0
17646,1
17647,2
17648,2
17649,2
17650,1
17651,0
17652,0
17653,1
17654,1
17655,2
17656,1
17657,2
17658,2
17659,0
17660,2
17661,1
17662,2
17663,1
17664,1
17665,1
17666,1
17667,2
17668,1
17669,2
17670,0
17671,2
17672,2
17673,0
17674,1
17675,2
17676,1
17677,2
17678,1
17679,1
17680,1
17681,1
17682,2
17683,1
17684,2
17685,2
17686,2
17687,1
17688,2
17689,2
17690,2
17691,0
17692,1
17693,0
17694,1
17695,2
17696,2
17697,2
17698,1
17699,2
17700,2
17701,2
17702,0
17703,2
17704,1
17705,1
17706,0
17707,2
17708,2
17709,1
17710,0
17711,0
17712,1
17713,1
17714,2
17715,1
17716,2
17717,2
17718,1
17719,1
17720,2
17721,2
17722,2
17723,0
17724,2
17725,1
17726,2
17727,2
17728,1
17729,1
17730,0
17731,1
17732,0
17733,2
17734,2
17735,0
17736,2
17737,2
17738,0
17739,1
17740,1
17741,1
17742,2
17743,1
17744,2
17745,2
17746,2
17747,0
17748,1
17749,2
17750,1
17751,1
17752,2
17753,2
17754,1
17755,0
17756,1
17757,1
17758,1
17759,2
17760,2
17761,1
17762,2
17763,2
17764,1
17765,0
17766,1
17767,2
17768,2
17769,2
17770,2
17771,2
17772,1
17773,1
17774,2
17775,1
17776,2
17777,1
17778,1
17779,1
17780,1
17781,2
17782,2
17783,0
17784,1
17785,0
17786,2
17787,1
17788,0
17789,2
17790,1
17791,0
17792,1
17793,1
17794,0
17795,1
17796,2
17797,1
17798,2
17799,2
17800,2
17801,1
17802,1
17803,2
17804,1
17805,0
17806,2
17807,1
17808,2
17809,2
17810,1
17811,2
17812,2
17813,1
17814,1
17815,0
17816,1
17817,1
17818,2
17819,2
17820,1
17821,2
17822,2
17823,0
17824,2
17825,1
17826,0
17827,1
17828,2
17829,2
17830,1
17831,1
17832,1
17833,2
17834,2
17835,1
17836,2
17837,1
17838,1
17839,2
17840,1
17841,1
17842,0
17843,2
17844,2
17845,2
17846,1
17847,0
17848,1
17849,1
17850,1
17851,0
17852,1
17853,0
17854,0
17855,1
17856,2
17857,1
17858,2
17859,2
17860,0
17861,1
17862,1
17863,0
17864,2
17865,1
17866,0
17867,0
17868,1
17869,2
17870,0
17871,2
17872,0
17873,2
17874,2
17875,2
17876,1
17877,1
17878,0
17879,1
17880,2
17881,2
17882,2
17883,2
17884,0
17885,2
17886,2
17887,1
17888,1
17889,0
17890,0
17891,1
17892,2
17893,2
17894,1
17895,2
17896,2
17897,1
17898,0
17899,1
17900,1
17901,1
17902,1
17903,0
17904,1
17905,2
17906,1
17907,1
17908,2
17909,2
17910,2
17911,1
17912,0
17913,2
17914,0
17915,0
17916,2
17917,2
17918,2
17919,2
17920,2
17921,2
17922,0
17923,0
17924,2
17925,1
17926,2
17927,1
17928,0
17929,1
17930,0
17931,1
17932,2
17933,1
17934,1
17935,1
17936,2
17937,2
17938,1
17939,2
17940,2
17941,1
17942,1
17943,1
17944,1
17945,0
17946,0
17947,1
17948,0
17949,1
17950,1
17951,2
17952,1
17953,1
17954,1
17955,1
17956,1
17957,2
17958,2
17959,0
17960,2
17961,2
17962,0
17963,0
17964,2
17965,0
17966,2
17967,1
17968,1
17969,1
17970,0
17971,1
17972,2
17973,2
17974,0
17975,1
17976,1
17977,2
17978,1
17979,1
17980,1
17981,2
17982,1
17983,2
17984,0
17985,1
17986,1
17987,1
17988,1
17989,2
17990,1
17991,1
17992,1
17993,1
17994,1
17995,2
17996,0
17997,1
17998,2
17999,2
18000,2
18001,2
18002,1
18003,1
18004,1
18005,1
18006,2
18007,1
18008,1
18009,1
18010,1
18011,1
18012,1
18013,0
18014,1
18015,2
18016,1
18017,1
18018,2
18019,1
18020,0
18021,2
18022,2
18023,0
18024,2
18025,1
18026,1
18027,2
18028,0
18029,1
18030,1
18031,0
18032,0
18033,1
18034,1
18035,0
18036,2
18037,2
18038,2
18039,2
18040,0
18041,2
18042,1
18043,0
18044,2
18045,1
18046,1
18047,0
18048,2
18049,1
18050,0
18051,0
18052,2
18053,1
18054,0
18055,0
18056,2
18057,2
18058,1
18059,1
18060,2
18061,2
18062,2
18063,0
18064,1
18065,0
18066,1
18067,2
18068,1
18069,1
18070,1
18071,2
18072,2
18073,2
18074,0
18075,2
18076,0
18077,1
18078,1
18079,2
18080,1
18081,1
18082,0
18083,2
18084,2
18085,1
18086,1
18087,2
18088,2
18089,2
18090,1
18091,1
18092,1
18093,0
18094,1
18095,1
18096,2
18097,1
18098,2
18099,1
18100,1
18101,0
18102,1
18103,2
18104,1
18105,2
18106,0
18107,1
18108,0
18109,2
18110,1
18111,0
18112,1
18113,0
18114,0
18115,2
18116,0
18117,1
18118,2
18119,2
18120,0
18121,2
18122,1
18123,1
18124,1
18125,0
18126,1
18127,2
18128,2
18129,2
18130,0
18131,2
18132,2
18133,2
18134,2
18135,2
18136,1
18137,0
18138,2
18139,0
18140,1
18141,1
18142,0
18143,0
18144,2
18145,2
18146,1
18147,2
18148,0
18149,2
18150,2
18151,1
18152,0
18153,1
18154,0
18155,0
18156,0
18157,0
18158,1
18159,1
18160,2
18161,2
18162,2
18163,1
18164,1
18165,1
18166,2
18167,2
18168,2
18169,1
18170,1
18171,2
18172,2
18173,0
18174,2
18175,2
18176,2
18177,2
18178,1
18179,2
18180,2
18181,0
18182,0
18183,1
18184,2
18185,2
18186,0
18187,1
18188,2
18189,0
18190,1
18191,1
18192,2
18193,0
18194,0
18195,1
18196,2
18197,2
18198,1
18199,0
18200,2
18201,2
18202,1
18203,2
18204,2
18205,2
18206,1
18207,0
18208,2
18209,1
18210,2
18211,1
18212,1
18213,1
18214,2
18215,2
18216,2
18217,1
18218,1
18219,1
18220,1
18221,0
18222,2
18223,2
18224,1
18225,0
18226,0
18227,1
18228,0
18229,2
18230,2
18231,2
18232,1
18233,1
18234,2
18235,0
18236,2
18237,1
18238,1
18239,1
18240,0
18241,2
18242,1
18243,2
18244,0
18245,0
18246,1
18247,0
18248,1
18249,1
18250,2
18251,2
18252,1
18253,2
18254,1
18255,1
18256,0
18257,0
18258,1
18259,2
18260,1
18261,2
18262,2
18263,2
18264,1
18265,1
18266,1
18267,2
18268,0
18269,2
18270,1
18271,1
18272,1
18273,2
18274,1
18275,1
18276,0
18277,1
18278,2
18279,2
18280,2
18281,2
18282,2
18283,2
18284,2
18285,2
18286,2
18287,2
18288,1
18289,0
18290,1
18291,0
18292,1
18293,1
18294,0
18295,0
18296,2
18297,2
18298,1
18299,1
18300,2
18301,2
18302,2
18303,2
18304,1
18305,0
18306,2
18307,1
18308,1
18309,0
18310,2
18311,0
18312,2
18313,2
18314,0
18315,1
18316,1
18317,2
18318,2
18319,0
18320,0
18321,0
18322,0
18323,2
18324,1
18325,2
18326,1
18327,0
18328,0
18329,1
18330,0
18331,1
18332,0
18333,2
18334,1
18335,0
18336,2
18337,1
18338,2
18339,1
18340,0
18341,2
18342,2
18343,0
18344,1
18345,0
18346,2
18347,2
18348,2
18349,1
18350,2
18351,1
18352,1
18353,0
18354,2
18355,1
18356,1
18357,2
18358,2
18359,1
18360,1
18361,2
18362,2
18363,0
18364,2
18365,0
18366,0
18367,0
18368,1
18369,0
18370,2
18371,1
18372,0
18373,1
18374,2
18375,1
18376,1
18377,1
18378,2
18379,2
18380,0
18381,1
18382,1
18383,2
18384,1
18385,2
18386,2
18387,1
18388,2
18389,1
18390,2
18391,1
18392,2
18393,2
18394,0
18395,1
18396,0
18397,2
18398,2
18399,1
18400,1
18401,2
18402,1
18403,2
18404,1
18405,2
18406,2
18407,1
18408,1
18409,0
18410,1
18411,1
18412,1
18413,1
18414,2
18415,1
18416,2
18417,0
18418,2
18419,0
18420,2
18421,1
18422,2
18423,0
18424,0
18425,2
18426,2
18427,1
18428,2
18429,2
18430,0
18431,1
18432,1
18433,2
18434,1
18435,1
18436,1
18437,2
18438,1
18439,0
18440,2
18441,1
18442,2
18443,2
18444,2
18445,2
18446,2
18447,2
18448,1
18449,2
18450,0
18451,1
18452,2
18453,2
18454,1
18455,2
18456,2
18457,2
18458,1
18459,1
18460,1
18461,2
18462,1
18463,2
18464,1
18465,2
18466,0
18467,2
18468,2
18469,0
18470,2
18471,2
18472,2
18473,2
18474,1
18475,1
18476,0
18477,1
18478,1
18479,2
18480,1
18481,1
18482,2
18483,0
18484,2
18485,2
18486,2
18487,2
18488,2
18489,2
18490,1
18491,0
18492,2
18493,0
18494,0
18495,1
18496,2
18497,1
18498,2
18499,1
18500,1
18501,2
18502,2
18503,0
18504,2
18505,1
18506,2
18507,2
18508,1
18509,1
18510,2
18511,2
18512,0
18513,1
18514,1
18515,1
18516,1
18517,2
18518,2
18519,2
18520,0
18521,1
18522,2
18523,2
18524,1
18525,2
18526,2
18527,2
18528,0
18529,1
18530,0
18531,0
18532,2
18533,0
18534,2
18535,1
18536,1
18537,0
18538,2
18539,2
18540,1
18541,1
18542,1
18543,2
18544,1
18545,1
18546,0
18547,1
18548,0
18549,1
18550,1
18551,1
18552,2
18553,1
18554,2
18555,2
18556,0
18557,2
18558,2
18559,2
18560,2
18561,2
18562,1
18563,1
18564,2
18565,1
18566,0
18567,1
18568,1
18569,0
18570,1
18571,0
18572,2
18573,2
18574,2
18575,1
18576,1
18577,1
18578,0
18579,2
18580,1
18581,2
18582,0
18583,2
18584,2
18585,2
18586,2
18587,0
18588,2
18589,1
18590,1
18591,0
18592,0
18593,2
18594,2
18595,2
18596,2
18597,1
18598,1
18599,2
18600,1
18601,1
18602,2
18603,1
18604,0
18605,1
18606,2
18607,2
18608,0
18609,0
18610,2
18611,1
18612,0
18613,2
18614,2
18615,2
18616,0
18617,2
18618,2
18619,1
18620,1
18621,0
18622,1
18623,1
18624,1
18625,2
18626,2
18627,0
18628,2
18629,1
18630,2
18631,0
18632,2
18633,2
18634,1
18635,2
18636,2
18637,1
18638,2
18639,1
18640,1
18641,2
18642,1
18643,1
18644,2
18645,1
18646,1
18647,2
18648,0
18649,0
18650,2
18651,0
18652,2
18653,2
18654,2
18655,2
18656,2
18657,0
18658,0
18659,1
18660,1
18661,1
18662,0
18663,2
18664,1
18665,0
18666,2
18667,1
18668,2
18669,2
18670,1
18671,0
18672,2
18673,0
18674,1
18675,2
18676,1
18677,0
18678,1
18679,2
18680,1
18681,2
18682,0
18683,2
18684,2
18685,1
18686,2
18687,2
18688,1
18689,1
18690,2
18691,0
18692,1
18693,2
18694,2
18695,2
18696,0
18697,1
18698,2
18699,1
18700,1
18701,0
18702,2
18703,2
18704,1
18705,1
18706,2
18707,0
18708,1
18709,1
18710,2
18711,2
18712,2
18713,2
18714,1
18715,1
18716,1
18717,0
18718,0
18719,1
18720,1
18721,2
18722,2
18723,1
18724,2
18725,1
18726,2
18727,1
18728,2
18729,2
18730,2
18731,1
18732,2
18733,1
18734,2
18735,2
18736,1
18737,1
18738,0
18739,2
18740,0
18741,2
18742,1
18743,2
18744,2
18745,1
18746,2
18747,0
18748,2
18749,0
18750,2
18751,1
18752,1
18753,2
18754,1
18755,2
18756,0
18757,1
18758,0
18759,1
18760,2
18761,1
18762,0
18763,2
18764,1
18765,1
18766,1
18767,0
18768,2
18769,2
18770,2
18771,1
18772,2
18773,0
18774,1
18775,1
18776,1
18777,2
18778,2
18779,1
18780,1
18781,0
18782,0
18783,1
18784,2
18785,2
18786,0
18787,1
18788,1
18789,2
18790,2
18791,0
18792,2
18793,1
18794,0
18795,1
18796,1
18797,2
18798,0
18799,0
18800,2
18801,0
18802,1
18803,2
18804,1
18805,2
18806,2
18807,2
18808,0
18809,1
18810,2
18811,1
18812,1
18813,1
18814,1
18815,2
18816,2
18817,1
18818,2
18819,2
18820,0
18821,2
18822,0
18823,1
18824,2
18825,1
18826,0
18827,1
18828,1
18829,2
18830,1
18831,2
18832,1
18833,0
18834,2
18835,1
18836,0
18837,1
18838,0
18839,2
18840,1
18841,2
18842,1
18843,2
18844,1
18845,0
18846,1
18847,0
18848,2
18849,2
18850,1
18851,1
18852,1
18853,0
18854,2
18855,0
18856,1
18857,1
18858,2
18859,2
18860,2
18861,1
18862,1
18863,0
18864,1
18865,1
18866,1
18867,1
18868,1
18869,2
18870,0
18871,1
18872,2
18873,2
18874,0
18875,1
18876,1
18877,2
18878,2
18879,2
18880,1
18881,1
18882,1
18883,0
18884,2
18885,1
18886,0
18887,2
18888,0
18889,1
18890,1
18891,1
18892,1
18893,2
18894,0
18895,1
18896,0
18897,1
18898,2
18899,2
18900,2
18901,2
18902,1
18903,1
18904,0
18905,1
18906,2
18907,2
18908,2
18909,0
18910,0
18911,1
18912,1
18913,0
18914,1
18915,1
18916,2
18917,1
18918,1
18919,1
18920,1
18921,2
18922,0
18923,1
18924,1
18925,1
18926,2
18927,2
18928,1
18929,1
18930,1
18931,1
18932,2
18933,1
18934,1
18935,2
18936,2
18937,1
18938,1
18939,1
18940,0
18941,2
18942,2
18943,2
18944,2
18945,2
18946,2
18947,1
18948,0
18949,1
18950,2
18951,0
18952,0
18953,2
18954,1
18955,0
18956,2
18957,1
18958,2
18959,1
18960,2
18961,0
18962,1
18963,2
18964,0
18965,1
18966,1
18967,0
18968,1
18969,1
18970,1
18971,1
18972,1
18973,0
18974,1
18975,2
18976,2
18977,2
18978,1
18979,2
18980,1
18981,1
18982,2
18983,2
18984,0
18985,1
18986,1
18987,0
18988,1
18989,1
18990,2
18991,2
18992,0
18993,1
18994,1
18995,2
18996,2
18997,0
18998,0
18999,1
19000,2
19001,2
19002,2
19003,1
19004,0
19005,1
19006,2
19007,1
19008,1
19009,1
19010,2
19011,1
19012,1
19013,0
19014,2
19015,0
19016,2
19017,2
19018,2
19019,1
19020,2
19021,0
19022,2
19023,1
19024,0
19025,1
19026,2
19027,1
19028,0
19029,1
19030,0
19031,2
19032,2
19033,0
19034,0
19035,2
19036,2
19037,1
19038,2
19039,2
19040,1
19041,1
19042,1
19043,1
19044,1
19045,1
19046,1
19047,2
19048,0
19049,2
19050,2
19051,1
19052,2
19053,2
19054,1
19055,2
19056,0
19057,0
19058,1
19059,1
19060,1
19061,1
19062,0
19063,2
19064,1
19065,0
19066,1
19067,1
19068,2
19069,2
19070,2
19071,2
19072,1
19073,1
19074,2
19075,1
19076,0
19077,0
19078,2
19079,2
19080,2
19081,2
19082,2
19083,1
19084,0
19085,2
19086,1
19087,2
19088,0
19089,1
19090,2
19091,1
19092,1
19093,1
19094,2
19095,0
19096,1
19097,1
19098,0
19099,1
19100,2
19101,2
19102,1
19103,2
19104,0
19105,2
19106,0
19107,1
19108,1
19109,1
19110,2
19111,2
19112,2
19113,1
19114,2
19115,1
19116,0
19117,1
19118,1
19119,1
19120,1
19121,0
19122,2
19123,1
19124,2
19125,1
19126,1
19127,2
19128,0
19129,1
19130,2
19131,0
19132,1
19133,2
19134,0
19135,0
19136,0
19137,2
19138,2
19139,0
19140,2
19141,1
19142,1
19143,1
19144,1
19145,1
19146,2
19147,2
19148,0
19149,2
19150,1
19151,2
19152,2
19153,1
19154,2
19155,0
19156,1
19157,1
19158,2
19159,2
19160,2
19161,1
19162,2
19163,1
19164,1
19165,2
19166,1
19167,1
19168,1
19169,0
19170,2
19171,2
19172,2
19173,1
19174,1
19175,1
19176,2
19177,1
19178,1
19179,2
19180,1
19181,2
19182,0
19183,1
19184,1
19185,2
19186,2
19187,1
19188,1
19189,1
19190,2
19191,2
19192,0
19193,2
19194,2
19195,2
19196,0
19197,1
19198,1
19199,2
19200,2
19201,2
19202,0
19203,1
19204,1
19205,2
19206,1
19207,0
19208,1
19209,0
19210,2
19211,0
19212,1
19213,2
19214,0
19215,1
19216,1
19217,0
19218,1
19219,0
19220,1
19221,2
19222,2
19223,0
19224,2
19225,0
19226,0
19227,1
19228,1
19229,2
19230,2
19231,2
19232,1
19233,1
19234,1
19235,1
19236,0
19237,2
19238,2
19239,2
19240,0
19241,2
19242,2
19243,0
19244,2
19245,1
19246,1
19247,1
19248,1
19249,1
19250,1
19251,2
19252,2
19253,2
19254,1
19255,1
19256,2
19257,1
19258,2
19259,1
19260,2
19261,2
19262,2
19263,2
19264,0
19265,2
19266,1
19267,2
19268,2
19269,1
19270,1
19271,2
19272,1
19273,0
19274,1
19275,2
19276,2
19277,0
19278,1
19279,1
19280,1
19281,2
19282,1
19283,2
19284,2
19285,0
19286,0
19287,1
19288,2
19289,1
19290,1
19291,1
19292,2
19293,0
19294,2
19295,1
19296,1
19297,1
19298,2
19299,2
19300,2
19301,2
19302,2
19303,2
19304,1
19305,2
19306,1
19307,1
19308,1
19309,2
19310,1
19311,1
19312,2
19313,2
19314,0
19315,1
19316,0
19317,2
19318,2
19319,0
19320,2
19321,1
19322,2
19323,2
19324,2
19325,2
19326,0
19327,2
19328,1
19329,0
19330,1
19331,2
19332,0
19333,2
19334,2
19335,1
19336,1
19337,1
19338,0
19339,2
19340,1
19341,0
19342,1
19343,1
19344,2
19345,1
19346,1
19347,2
19348,2
19349,0
19350,1
19351,2
19352,0
19353,1
19354,0
19355,1
19356,2
19357,0
19358,2
19359,2
19360,0
19361,1
19362,1
19363,1
19364,0
19365,2
19366,0
19367,1
19368,2
19369,2
19370,1
19371,2
19372,1
19373,1
19374,2
19375,0
19376,1
19377,2
19378,2
19379,0
19380,1
19381,0
19382,2
19383,1
19384,1
19385,0
19386,1
19387,2
19388,1
19389,1
19390,2
19391,0
19392,1
19393,2
19394,1
19395,2
19396,2
19397,1
19398,2
19399,2
19400,0
19401,1
19402,2
19403,1
19404,1
19405,1
19406,1
19407,2
19408,1
19409,1
19410,1
19411,2
19412,2
19413,0
19414,2
19415,2
19416,1
19417,1
19418,1
19419,1
19420,2
19421,2
19422,0
19423,2
19424,2
19425,2
19426,2
19427,1
19428,0
19429,1
19430,0
19431,2
19432,1
19433,1
19434,2
19435,1
19436,2
19437,2
19438,2
19439,1
19440,1
19441,1
19442,2
19443,2
19444,0
19445,2
19446,1
19447,1
19448,1
19449,2
19450,1
19451,2
19452,2
19453,2
19454,2
19455,2
19456,1
19457,2
19458,2
19459,2
19460,0
19461,2
19462,1
19463,1
19464,2
19465,2
19466,2
19467,1
19468,2
19469,1
19470,2
19471,1
19472,1
19473,1
19474,1
19475,2
19476,0
19477,2
19478,1
19479,1
19480,1
19481,1
19482,2
19483,1
19484,2
19485,1
19486,2
19487,0
19488,1
19489,1
19490,2
19491,0
19492,2
19493,0
19494,2
19495,2
19496,1
19497,2
19498,2
19499,1
19500,1
19501,0
19502,1
19503,0
19504,0
19505,2
19506,1
19507,2
19508,1
19509,0
19510,1
19511,1
19512,1
19513,1
19514,1
19515,2
19516,1
19517,1
19518,0
19519,2
19520,2
19521,0
19522,2
19523,2
19524,0
19525,2
19526,0
19527,1
19528,2
19529,1
19530,2
19531,1
19532,1
19533,1
19534,1
19535,2
19536,1
19537,2
19538,2
19539,1
19540,1
19541,0
19542,1
19543,2
19544,1
19545,2
19546,2
19547,2
19548,0
19549,1
19550,0
19551,1
19552,0
19553,0
19554,0
19555,2
19556,2
19557,2
19558,0
19559,0
19560,2
19561,1
19562,2
19563,1
19564,2
19565,2
19566,2
19567,2
19568,2
19569,0
19570,1
19571,1
19572,2
19573,2
19574,0
19575,2
19576,0
19577,2
19578,1
19579,0
19580,1
19581,1
19582,2
19583,2
19584,2
19585,2
19586,2
19587,2
19588,0
19589,2
19590,1
19591,0
19592,2
19593,2
19594,1
19595,1
19596,0
19597,1
19598,2
19599,0
19600,1
19601,1
19602,2
19603,1
19604,2
19605,1
19606,1
19607,0
19608,2
19609,1
19610,0
19611,1
19612,2
19613,1
19614,1
19615,1
19616,2
19617,2
19618,2
19619,1
19620,1
19621,2
19622,2
19623,0
19624,2
19625,0
19626,1
19627,1
19628,2
19629,0
19630,2
19631,2
19632,2
19633,1
19634,2
19635,2
19636,1
19637,2
19638,0
19639,1
19640,2
19641,1
19642,2
19643,2
19644,2
19645,1
19646,1
19647,0
19648,2
19649,2
19650,2
19651,2
19652,2
19653,1
19654,0
19655,2
19656,1
19657,2
19658,1
19659,0
19660,1
19661,2
19662,2
19663,0
19664,0
19665,2
19666,2
19667,2
19668,0
19669,1
19670,1
19671,1
19672,1
19673,0
19674,2
19675,0
19676,1
19677,0
19678,2
19679,0
19680,0
19681,2
19682,2
19683,1
19684,0
19685,2
19686,1
19687,0
19688,1
19689,1
19690,1
19691,2
19692,1
19693,1
19694,2
19695,2
19696,0
19697,0
19698,2
19699,1
19700,2
19701,0
19702,0
19703,1
19704,2
19705,1
19706,1
19707,2
19708,2
19709,2
19710,1
19711,0
19712,1
19713,0
19714,1
19715,1
19716,2
19717,0
19718,2
19719,1
19720,0
19721,0
19722,2
19723,1
19724,1
19725,1
19726,0
19727,1
19728,2
19729,1
19730,2
19731,2
19732,0
19733,1
19734,2
19735,2
19736,0
19737,2
19738,1
19739,2
19740,0
19741,2
19742,2
19743,2
19744,2
19745,2
19746,2
19747,0
19748,2
19749,2
19750,0
19751,1
19752,1
19753,0
19754,1
19755,1
19756,0
19757,2
19758,1
19759,2
19760,1
19761,1
19762,2
19763,1
19764,1
19765,1
19766,2
19767,1
19768,2
19769,1
19770,1
19771,1
19772,1
19773,1
19774,2
19775,1
19776,1
19777,2
19778,1
19779,1
19780,2
19781,1
19782,1
19783,2
19784,2
19785,1
19786,1
19787,2
19788,1
19789,2
19790,0
19791,1
19792,1
19793,2
19794,0
19795,0
19796,1
19797,2
19798,1
19799,2
19800,1
19801,1
19802,2
19803,1
19804,1
19805,0
19806,1
19807,2
19808,1
19809,2
19810,1
19811,1
19812,2
19813,1
19814,0
19815,0
19816,1
19817,1
19818,1
19819,2
19820,2
19821,2
19822,1
19823,0
19824,1
19825,0
19826,0
19827,1
19828,1
19829,2
19830,2
19831,0
19832,2
19833,1
19834,1
19835,1
19836,1
19837,1
19838,1
19839,1
19840,1
19841,1
19842,1
19843,2
19844,1
19845,0
19846,2
19847,1
19848,0
19849,2
19850,0
19851,1
19852,1
19853,2
19854,1
19855,1
19856,0
19857,2
19858,0
19859,1
19860,1
19861,0
19862,1
19863,1
19864,2
19865,2
19866,1
19867,2
19868,1
19869,2
19870,1
19871,0
19872,2
19873,1
19874,1
19875,1
19876,1
19877,1
19878,0
19879,2
19880,1
19881,2
19882,0
19883,1
19884,2
19885,2
19886,2
19887,0
19888,1
19889,2
19890,2
19891,1
19892,0
19893,0
19894,0
19895,1
19896,2
19897,1
19898,2
19899,2
19900,1
19901,2
19902,2
19903,2
19904,1
19905,1
19906,2
19907,1
19908,2
19909,0
19910,2
19911,1
19912,1
19913,1
19914,0
19915,0
19916,2
19917,1
19918,0
19919,0
19920,2
19921,1
19922,2
19923,0
19924,2
19925,0
19926,0
19927,0
19928,1
19929,2
19930,0
19931,1
19932,1
19933,1
19934,1
19935,0
19936,0
19937,1
19938,0
19939,1
19940,1
19941,0
19942,1
19943,0
19944,2
19945,0
19946,0
19947,0
19948,0
19949,2
19950,2
19951,1
19952,0
19953,1
19954,2
19955,2
19956,2
19957,0
19958,0
19959,2
19960,0
19961,2
19962,2
19963,2
19964,1
19965,1
19966,2
19967,1
19968,0
19969,0
19970,2
19971,1
19972,2
19973,1
19974,0
19975,1
19976,2
19977,0
19978,1
19979,1
19980,1
19981,2
19982,2
19983,0
19984,2
19985,2
19986,1
19987,2
19988,1
19989,0
19990,1
19991,2
19992,1
19993,2
19994,1
19995,2
19996,2
19997,0
19998,2
19999,1
20000,0
20001,1
20002,1
20003,2
20004,2
20005,0
20006,2
20007,1
20008,0
20009,1
20010,1
20011,1
20012,1
20013,1
20014,1
20015,2
20016,1
20017,1
20018,1
20019,2
20020,0
20021,1
20022,0
20023,2
20024,2
20025,1
20026,2
20027,1
20028,2
20029,1
20030,0
20031,2
20032,2
20033,2
20034,1
20035,2
20036,2
20037,1
20038,1
20039,2
20040,2
20041,0
20042,2
20043,0
20044,2
20045,0
20046,1
20047,1
20048,1
20049,1
20050,0
20051,2
20052,2
20053,1
20054,0
20055,1
20056,1
20057,0
20058,2
20059,1
20060,2
20061,1
20062,0
20063,2
20064,1
20065,1
20066,1
20067,0
20068,2
20069,1
20070,1
20071,1
20072,2
20073,1
20074,2
20075,1
20076,0
20077,2
20078,0
20079,1
20080,1
20081,1
20082,2
20083,1
20084,2
20085,1
20086,2
20087,1
20088,1
20089,2
20090,1
20091,1
20092,0
20093,2
20094,2
20095,1
20096,2
20097,2
20098,1
20099,1
20100,2
20101,2
20102,0
20103,0
20104,0
20105,2
20106,2
20107,2
20108,2
20109,0
20110,1
20111,0
20112,2
20113,1
20114,2
20115,2
20116,2
20117,2
20118,1
20119,2
20120,0
20121,0
20122,1
20123,1
20124,0
20125,2
20126,2
20127,1
20128,2
20129,1
20130,1
20131,1
20132,1
20133,1
20134,0
20135,0
20136,2
20137,0
20138,0
20139,0
20140,2
20141,1
20142,1
20143,1
20144,2
20145,0
20146,1
20147,2
20148,1
20149,2
20150,2
20151,2
20152,2
20153,2
20154,0
20155,2
20156,1
20157,2
20158,2
20159,2
20160,1
20161,1
20162,0
20163,0
20164,0
20165,1
20166,2
20167,0
20168,1
20169,1
20170,0
20171,1
20172,2
20173,1
20174,0
20175,1
20176,2
20177,1
20178,0
20179,2
20180,1
20181,2
20182,0
20183,0
20184,2
20185,1
20186,1
20187,1
20188,1
20189,1
20190,1
20191,1
20192,0
20193,1
20194,0
20195,2
20196,2
20197,2
20198,1
20199,0
20200,1
20201,2
20202,0
20203,2
20204,0
20205,1
20206,1
20207,0
20208,1
20209,1
20210,0
20211,2
20212,2
20213,2
20214,2
20215,0
20216,0
20217,2
20218,1
20219,1
20220,0
20221,2
20222,2
20223,1
20224,1
20225,1
20226,1
20227,1
20228,2
20229,2
20230,1
20231,1
20232,1
20233,1
20234,2
20235,1
20236,0
20237,1
20238,0
20239,2
20240,0
20241,2
20242,2
20243,0
20244,2
20245,0
20246,1
20247,2
20248,2
20249,1
20250,2
20251,1
20252,2
20253,2
20254,1
20255,1
20256,2
20257,2
20258,1
20259,0
20260,0
20261,2
20262,0
20263,2
20264,1
20265,1
20266,0
20267,1
20268,1
20269,1
20270,1
20271,1
20272,1
20273,0
20274,1
20275,2
20276,0
20277,1
20278,0
20279,1
20280,0
20281,1
20282,0
20283,0
20284,1
20285,1
20286,0
20287,0
20288,2
20289,1
20290,1
20291,1
20292,1
20293,2
20294,2
20295,2
20296,1
20297,2
20298,0
20299,0
20300,0
20301,1
20302,1
20303,2
20304,1
20305,1
20306,1
20307,1
20308,2
20309,1
20310,1
20311,2
20312,1
20313,0
20314,2
20315,0
20316,1
20317,0
20318,1
20319,0
20320,0
20321,2
20322,1
20323,0
20324,1
20325,1
20326,2
20327,2
20328,0
20329,0
20330,2
20331,2
20332,1
20333,2
20334,2
20335,0
20336,0
20337,2
20338,1
20339,2
20340,1
20341,0
20342,1
20343,2
20344,2
20345,1
20346,2
20347,2
20348,1
20349,1
20350,0
20351,1
20352,2
20353,1
20354,2
20355,2
20356,2
20357,0
20358,2
20359,2
20360,0
20361,2
20362,1
20363,1
20364,1
20365,0
20366,1
20367,1
20368,1
20369,1
20370,0
20371,2
20372,0
20373,0
20374,0
20375,2
20376,1
20377,2
20378,0
20379,2
20380,2
20381,1
20382,1
20383,0
20384,2
20385,2
20386,1
20387,2
20388,0
20389,2
20390,2
20391,0
20392,1
20393,2
20394,0
20395,0
20396,1
20397,2
20398,0
20399,1
20400,1
20401,0
20402,1
20403,1
20404,1
20405,2
20406,0
20407,1
20408,2
20409,1
20410,2
20411,1
20412,0
20413,1
20414,1
20415,2
20416,2
20417,1
20418,2
20419,2
20420,0
20421,0
20422,1
20423,1
20424,2
20425,2
20426,1
20427,2
20428,2
20429,2
20430,2
20431,2
20432,0
20433,0
20434,2
20435,1
20436,1
20437,2
20438,0
20439,1
20440,0
20441,2
20442,2
20443,2
20444,2
20445,2
20446,0
20447,2
20448,2
20449,2
20450,2
20451,2
20452,2
20453,2
20454,2
20455,0
20456,1
20457,1
20458,1
20459,1
20460,1
20461,1
20462,0
20463,2
20464,0
20465,0
20466,1
20467,1
20468,1
20469,2
20470,0
20471,1
20472,2
20473,1
20474,2
20475,2
20476,1
20477,1
20478,1
20479,1
20480,2
20481,0
20482,2
20483,2
20484,2
20485,1
20486,0
20487,0
20488,1
20489,0
20490,1
20491,2
20492,1
20493,1
20494,2
20495,2
20496,2
20497,1
20498,0
20499,1
20500,1
20501,2
20502,2
20503,2
20504,2
20505,2
20506,1
20507,2
20508,2
20509,0
20510,0
20511,1
20512,0
20513,2
20514,2
20515,2
20516,2
20517,1
20518,1
20519,1
20520,0
20521,2
20522,1
20523,2
20524,1
20525,0
20526,2
20527,0
20528,0
20529,2
20530,1
20531,2
20532,2
20533,1
20534,2
20535,1
20536,2
20537,2
20538,1
20539,2
20540,2
20541,1
20542,0
20543,0
20544,0
20545,1
20546,2
20547,1
20548,0
20549,2
20550,2
20551,0
20552,1
20553,1
20554,2
20555,0
20556,1
20557,1
20558,0
20559,0
20560,0
20561,2
20562,2
20563,0
20564,1
20565,1
20566,2
20567,2
20568,1
20569,1
20570,1
20571,1
20572,2
20573,1
20574,1
20575,1
20576,0
20577,1
20578,2
20579,2
20580,2
20581,0
20582,0
20583,1
20584,2
20585,1
20586,2
20587,0
20588,0
20589,1
20590,1
20591,1
20592,1
20593,1
20594,2
20595,1
20596,2
20597,2
20598,2
20599,0
20600,0
20601,1
20602,1
20603,1
20604,0
20605,1
20606,0
20607,2
20608,2
20609,0
20610,1
20611,1
20612,1
20613,2
20614,2
20615,0
20616,1
20617,1
20618,1
20619,1
20620,1
20621,2
20622,0
20623,0
20624,0
20625,2
20626,2
20627,1
20628,1
20629,2
20630,0
20631,1
20632,1
20633,1
20634,1
20635,1
20636,2
20637,0
20638,2
20639,0
20640,0
20641,2
20642,0
20643,2
20644,2
20645,0
20646,1
20647,1
20648,2
20649,1
20650,1
20651,1
20652,2
20653,1
20654,1
20655,2
20656,2
20657,1
20658,2
20659,1
20660,2
20661,2
20662,1
20663,2
20664,0
20665,2
20666,1
20667,2
20668,2
20669,2
20670,2
20671,1
20672,2
20673,1
20674,2
20675,1
20676,2
20677,0
20678,2
20679,2
20680,0
20681,1
20682,0
20683,1
20684,1
20685,1
20686,0
20687,1
20688,2
20689,0
20690,1
20691,1
20692,0
20693,0
20694,0
20695,2
20696,1
20697,0
20698,1
20699,0
20700,2
20701,1
20702,1
20703,1
20704,2
20705,2
20706,1
20707,0
20708,0
20709,0
20710,1
20711,2
20712,0
20713,1
20714,0
20715,1
20716,2
20717,2
20718,2
20719,2
20720,1
20721,1
20722,1
20723,2
20724,0
20725,1
20726,0
20727,1
20728,2
20729,2
20730,1
20731,2
20732,0
20733,2
20734,1
20735,0
20736,0
20737,1
20738,2
20739,0
20740,2
20741,1
20742,2
20743,2
20744,2
20745,1
20746,0
20747,2
20748,1
20749,1
20750,1
20751,1
20752,1
20753,1
20754,2
20755,0
20756,1
20757,1
20758,1
20759,1
20760,1
20761,1
20762,0
20763,0
20764,2
20765,1
20766,2
20767,2
20768,1
20769,1
20770,2
20771,0
20772,1
20773,2
20774,1
20775,2
20776,2
20777,1
20778,2
20779,2
20780,1
20781,1
20782,2
20783,2
20784,1
20785,1
20786,1
20787,1
20788,2
20789,2
20790,1
20791,0
20792,2
20793,1
20794,1
20795,0
20796,0
20797,1
20798,2
20799,1
20800,1
20801,0
20802,1
20803,2
20804,1
20805,1
20806,1
20807,2
20808,1
20809,2
20810,2
20811,1
20812,1
20813,1
20814,1
20815,1
20816,1
20817,1
20818,2
20819,1
20820,2
20821,0
20822,2
20823,1
20824,2
20825,2
20826,2
20827,0
20828,1
20829,0
20830,0
20831,1
20832,0
20833,1
20834,1
20835,2
20836,1
20837,2
20838,1
20839,1
20840,1
20841,2
20842,2
20843,2
20844,0
20845,2
20846,2
20847,1
20848,2
20849,1
20850,2
20851,2
20852,0
20853,1
20854,1
20855,0
20856,1
20857,0
20858,2
20859,1
20860,0
20861,2
20862,2
20863,0
20864,2
20865,2
20866,1
20867,2
20868,1
20869,1
20870,2
20871,1
20872,0
20873,1
20874,1
20875,0
20876,2
20877,1
20878,2
20879,0
20880,1
20881,2
20882,1
20883,2
20884,2
20885,0
20886,1
20887,2
20888,2
20889,1
20890,2
20891,0
20892,2
20893,1
20894,1
20895,2
20896,2
20897,2
20898,2
20899,2
20900,1
20901,0
20902,0
20903,1
20904,2
20905,1
20906,1
20907,0
20908,1
20909,2
20910,2
20911,1
20912,1
20913,0
20914,2
20915,1
20916,2
20917,1
20918,2
20919,2
20920,1
20921,1
20922,0
20923,1
20924,2
20925,2
20926,0
20927,0
20928,1
20929,2
20930,0
20931,1
20932,0
20933,0
20934,2
20935,1
20936,1
20937,1
20938,0
20939,1
20940,1
20941,1
20942,1
20943,2
20944,2
20945,2
20946,1
20947,2
20948,2
20949,0
20950,2
20951,2
20952,2
20953,0
20954,1
20955,1
20956,2
20957,2
20958,2
20959,2
20960,1
20961,2
20962,2
20963,2
20964,0
20965,1
20966,0
20967,1
20968,1
20969,0
20970,1
20971,1
20972,0
20973,0
20974,1
20975,1
20976,0
20977,2
20978,0
20979,0
20980,1
20981,1
20982,1
20983,0
20984,1
20985,0
20986,2
20987,1
20988,2
20989,2
20990,0
20991,1
20992,1
20993,2
20994,2
20995,1
20996,2
20997,1
20998,1
20999,0
21000,1
21001,1
21002,0
21003,2
21004,1
21005,1
21006,2
21007,0
21008,0
21009,1
21010,2
21011,2
21012,1
21013,2
21014,1
21015,1
21016,1
21017,2
21018,2
21019,2
21020,1
21021,2
21022,1
21023,2
21024,2
21025,1
21026,2
21027,1
21028,1
21029,0
21030,0
21031,1
21032,0
21033,1
21034,2
21035,1
21036,2
21037,1
21038,1
21039,2
21040,1
21041,0
21042,2
21043,1
21044,1
21045,1
21046,1
21047,1
21048,0
21049,0
21050,0
21051,1
21052,2
21053,1
21054,1
21055,1
21056,0
21057,2
21058,0
21059,2
21060,0
21061,0
21062,0
21063,2
21064,0
21065,0
21066,1
21067,0
21068,1
21069,0
21070,1
21071,1
21072,1
21073,2
21074,2
21075,1
21076,2
21077,1
21078,0
21079,0
21080,1
21081,0
21082,1
21083,2
21084,1
21085,0
21086,0
21087,2
21088,1
21089,2
21090,1
21091,2
21092,2
21093,1
21094,1
21095,0
21096,2
21097,2
21098,2
21099,2
21100,1
21101,0
21102,1
21103,1
21104,2
21105,0
21106,1
21107,1
21108,2
21109,0
21110,1
21111,2
21112,1
21113,1
21114,1
21115,1
21116,2
21117,1
21118,2
21119,0
21120,2
21121,2
21122,1
21123,1
21124,1
21125,2
21126,0
21127,1
21128,1
21129,2
21130,2
21131,2
21132,0
21133,1
21134,1
21135,2
21136,2
21137,1
21138,2
21139,0
21140,0
21141,1
21142,1
21143,2
21144,0
21145,1
21146,2
21147,0
21148,2
21149,2
21150,2
21151,0
21152,1
21153,1
21154,2
21155,1
21156,1
21157,2
21158,0
21159,1
21160,0
21161,2
21162,2
21163,1
21164,1
21165,0
21166,1
21167,2
21168,2
21169,2
21170,2
21171,0
21172,1
21173,1
21174,1
21175,1
21176,0
21177,1
21178,0
21179,1
21180,0
21181,0
21182,2
21183,2
21184,2
21185,2
21186,0
21187,0
21188,1
21189,1
21190,0
21191,0
21192,2
21193,2
21194,0
21195,1
21196,2
21197,2
21198,2
21199,2
21200,0
21201,1
21202,1
21203,0
21204,1
21205,2
21206,0
21207,0
21208,1
21209,0
21210,0
21211,2
21212,2
21213,1
21214,2
21215,2
21216,2
21217,2
21218,2
21219,2
21220,0
21221,2
21222,2
21223,1
21224,0
21225,1
21226,1
21227,2
21228,1
21229,2
21230,2
21231,0
21232,2
21233,2
21234,2
21235,0
21236,1
21237,1
21238,2
21239,2
21240,2
21241,2
21242,2
21243,1
21244,2
21245,0
21246,2
21247,1
21248,1
21249,2
21250,2
21251,2
21252,1
21253,0
21254,2
21255,1
21256,1
21257,0
21258,2
21259,0
21260,1
21261,1
21262,2
21263,2
21264,1
21265,0
21266,2
21267,2
21268,2
21269,1
21270,1
21271,2
21272,1
21273,1
21274,2
21275,2
21276,1
21277,2
21278,0
21279,1
21280,1
21281,0
21282,2
21283,2
21284,0
21285,2
21286,2
21287,1
21288,2
21289,0
21290,2
21291,2
21292,2
21293,1
21294,1
21295,1
21296,1
21297,1
21298,0
21299,0
21300,1
21301,2
21302,1
21303,1
21304,1
21305,1
21306,2
21307,2
21308,1
21309,1
21310,1
21311,2
21312,0
21313,1
21314,1
21315,2
21316,2
21317,2
21318,2
21319,1
21320,1
21321,1
21322,0
21323,0
21324,0
21325,1
21326,2
21327,2
21328,2
21329,1
21330,2
21331,2
21332,2
21333,1
21334,1
21335,1
21336,2
21337,2
21338,1
21339,1
21340,2
21341,0
21342,2
21343,1
21344,1
21345,1
21346,1
21347,0
21348,2
21349,2
21350,2
21351,2
21352,2
21353,1
21354,2
21355,0
21356,2
21357,2
21358,1
21359,0
21360,2
21361,2
21362,2
21363,1
21364,0
21365,1
21366,0
21367,0
21368,2
21369,1
21370,2
21371,0
21372,1
21373,0
21374,1
21375,2
21376,2
21377,1
21378,1
21379,2
21380,1
21381,1
21382,1
21383,0
21384,2
21385,0
21386,1
21387,2
21388,1
21389,0
21390,2
21391,1
21392,0
21393,1
21394,0
21395,0
21396,1
21397,1
21398,1
21399,1
21400,1
21401,1
21402,0
21403,2
21404,1
21405,1
21406,0
21407,0
21408,2
21409,1
21410,0
21411,2
21412,1
21413,1
21414,0
21415,0
21416,2
21417,1
21418,0
21419,2
21420,2
21421,2
21422,0
21423,1
21424,1
21425,0
21426,2
21427,1
21428,1
21429,2
21430,2
21431,2
21432,1
21433,1
21434,2
21435,0
21436,0
21437,2
21438,1
21439,1
21440,2
21441,2
21442,2
21443,2
21444,2
21445,2
21446,1
21447,2
21448,0
21449,2
21450,0
21451,1
21452,1
21453,2
21454,1
21455,1
21456,2
21457,0
21458,0
21459,1
21460,1
21461,1
21462,1
21463,1
21464,1
21465,2
21466,1
21467,2
21468,1
21469,1
21470,1
21471,2
21472,2
21473,2
21474,1
21475,2
21476,2
21477,1
21478,0
21479,1
21480,1
21481,1
21482,2
21483,2
21484,0
21485,2
21486,2
21487,1
21488,0
21489,2
21490,0
21491,1
21492,2
21493,2
21494,1
21495,1
21496,0
21497,1
21498,2
21499,1
21500,2
21501,0
21502,2
21503,1
21504,1
21505,2
21506,0
21507,0
21508,0
21509,0
21510,0
21511,0
21512,1
21513,2
21514,1
21515,2
21516,2
21517,1
21518,2
21519,1
21520,1
21521,1
21522,2
21523,1
21524,2
21525,2
21526,2
21527,2
21528,2
21529,2
21530,1
21531,2
21532,2
21533,2
21534,1
21535,2
21536,0
21537,2
21538,2
21539,2
21540,2
21541,2
21542,2
21543,1
21544,1
21545,1
21546,1
21547,1
21548,1
21549,0
21550,0
21551,0
21552,1
21553,2
21554,0
21555,1
21556,0
21557,1
21558,1
21559,1
21560,1
21561,2
21562,1
21563,0
21564,0
21565,0
21566,2
21567,1
21568,2
21569,1
21570,2
21571,1
21572,2
21573,1
21574,0
21575,1
21576,2
21577,1
21578,1
21579,1
21580,2
21581,0
21582,2
21583,2
21584,0
21585,1
21586,0
21587,2
21588,1
21589,2
21590,1
21591,1
21592,2
21593,0
21594,1
21595,1
21596,2
21597,1
21598,1
21599,1
21600,2
21601,2
21602,1
21603,0
21604,2
21605,0
21606,1
21607,1
21608,2
21609,2
21610,1
21611,1
21612,1
21613,1
21614,1
21615,1
21616,2
21617,1
21618,2
21619,2
21620,2
21621,0
21622,2
21623,1
21624,2
21625,2
21626,2
21627,2
21628,1
21629,2
21630,1
21631,1
21632,1
21633,1
21634,1
21635,2
21636,1
21637,2
21638,2
21639,1
21640,1
21641,0
21642,1
21643,1
21644,2
21645,0
21646,0
21647,1
21648,1
21649,2
21650,0
21651,2
21652,0
21653,0
21654,2
21655,0
21656,2
21657,0
21658,0
21659,2
21660,0
21661,2
21662,2
21663,1
21664,1
21665,1
21666,1
21667,2
21668,2
21669,1
21670,2
21671,2
21672,2
21673,2
21674,0
21675,1
21676,0
21677,1
21678,1
21679,1
21680,1
21681,1
21682,1
21683,1
21684,1
21685,1
21686,1
21687,2
21688,1
21689,1
21690,2
21691,0
21692,2
21693,2
21694,1
21695,1
21696,0
21697,1
21698,2
21699,0
21700,0
21701,1
21702,1
21703,2
21704,1
21705,1
21706,2
21707,1
21708,1
21709,1
21710,1
21711,1
21712,0
21713,0
21714,1
21715,0
21716,1
21717,2
21718,1
21719,0
21720,2
21721,1
21722,1
21723,0
21724,0
21725,0
21726,1
21727,2
21728,0
21729,2
21730,0
21731,2
21732,1
21733,1
21734,1
21735,1
21736,2
21737,2
21738,1
21739,1
21740,0
21741,2
21742,1
21743,0
21744,1
21745,2
21746,2
21747,1
21748,1
21749,1
21750,1
21751,0
21752,1
21753,2
21754,1
21755,2
21756,0
21757,2
21758,1
21759,0
21760,1
21761,1
21762,2
21763,2
21764,1
21765,0
21766,1
21767,2
21768,0
21769,0
21770,1
21771,1
21772,1
21773,2
21774,1
21775,0
21776,1
21777,1
21778,2
21779,1
21780,2
21781,1
21782,1
21783,1
21784,2
21785,2
21786,0
21787,2
21788,1
21789,1
21790,2
21791,2
21792,1
21793,0
21794,1
21795,1
21796,0
21797,2
21798,1
21799,1
21800,0
21801,0
21802,0
21803,2
21804,2
21805,1
21806,1
21807,1
21808,0
21809,1
21810,1
21811,2
21812,1
21813,2
21814,0
21815,1
21816,1
21817,2
21818,2
21819,2
21820,0
21821,0
21822,2
21823,0
21824,2
21825,2
21826,2
21827,1
21828,0
21829,0
21830,0
21831,2
21832,1
21833,0
21834,1
21835,1
21836,1
21837,1
21838,2
21839,2
21840,2
21841,0
21842,1
21843,1
21844,0
21845,1
21846,2
21847,0
21848,2
21849,1
21850,2
21851,2
21852,1
21853,1
21854,2
21855,2
21856,2
21857,2
21858,2
21859,2
21860,2
21861,0
21862,2
21863,1
21864,2
21865,2
21866,1
21867,1
21868,2
21869,0
21870,1
21871,0
21872,0
21873,2
21874,0
21875,1
21876,2
21877,2
21878,1
21879,1
21880,0
21881,1
21882,1
21883,2
21884,0
21885,1
21886,2
21887,2
21888,1
21889,2
21890,1
21891,2
21892,2
21893,1
21894,2
21895,0
21896,1
21897,0
21898,1
21899,1
21900,1
21901,0
21902,2
21903,2
21904,1
21905,2
21906,1
21907,2
21908,2
21909,1
21910,1
21911,2
21912,2
21913,2
21914,2
21915,2
21916,1
21917,1
21918,0
21919,2
21920,0
21921,1
21922,2
21923,0
21924,1
21925,2
21926,0
21927,1
21928,1
21929,2
21930,1
21931,1
21932,1
21933,2
21934,0
21935,0
21936,2
21937,1
21938,1
21939,2
21940,2
21941,1
21942,1
21943,1
21944,0
21945,0
21946,1
21947,2
21948,2
21949,0
21950,2
21951,1
21952,0
21953,1
21954,1
21955,1
21956,2
21957,1
21958,1
21959,2
21960,1
21961,1
21962,0
21963,2
21964,2
21965,1
21966,0
21967,2
21968,1
21969,1
21970,2
21971,1
21972,2
21973,1
21974,1
21975,2
21976,1
21977,1
21978,2
21979,2
21980,1
21981,1
21982,1
21983,1
21984,0
21985,0
21986,1
21987,2
21988,2
21989,1
21990,2
21991,2
21992,1
21993,0
21994,0
21995,2
21996,0
21997,2
21998,0
21999,2
22000,0
22001,0
22002,0
22003,2
22004,1
22005,1
22006,2
22007,1
22008,0
22009,1
22010,2
22011,2
22012,1
22013,1
22014,0
22015,2
22016,1
22017,1
22018,2
22019,1
22020,0
22021,1
22022,2
22023,1
22024,2
22025,2
22026,1
22027,0
22028,2
22029,2
22030,1
22031,2
22032,1
22033,2
22034,1
22035,1
22036,2
22037,0
22038,2
22039,1
22040,1
22041,1
22042,1
22043,1
22044,2
22045,1
22046,0
22047,2
22048,0
22049,2
22050,1
22051,1
22052,1
22053,0
22054,2
22055,1
22056,2
22057,1
22058,0
22059,2
22060,1
22061,1
22062,1
22063,2
22064,2
22065,2
22066,2
22067,1
22068,2
22069,1
22070,1
22071,1
22072,2
22073,0
22074,2
22075,1
22076,1
22077,1
22078,1
22079,1
22080,1
22081,0
22082,2
22083,2
22084,0
22085,1
22086,1
22087,0
22088,1
22089,2
22090,1
22091,1
22092,2
22093,1
22094,2
22095,1
22096,1
22097,0
22098,2
22099,2
22100,0
22101,1
22102,1
22103,1
22104,0
22105,0
22106,1
22107,2
22108,2
22109,0
22110,1
22111,2
22112,0
22113,1
22114,2
22115,2
22116,0
22117,2
22118,1
22119,2
22120,1
22121,1
22122,1
22123,1
22124,1
22125,0
22126,2
22127,2
22128,0
22129,1
22130,2
22131,2
22132,1
22133,2
22134,0
22135,2
22136,2
22137,2
22138,2
22139,2
22140,2
22141,2
22142,2
22143,2
22144,1
22145,0
22146,1
22147,2
22148,0
22149,2
22150,1
22151,2
22152,1
22153,1
22154,1
22155,1
22156,1
22157,2
22158,1
22159,2
22160,0
22161,2
22162,1
22163,1
22164,2
22165,1
22166,0
22167,1
22168,1
22169,2
22170,0
22171,1
22172,2
22173,1
22174,1
22175,0
22176,1
22177,0
22178,1
22179,1
22180,1
22181,0
22182,1
22183,0
22184,0
22185,2
22186,1
22187,1
22188,2
22189,0
22190,1
22191,2
22192,2
22193,2
22194,2
22195,2
22196,1
22197,1
22198,1
22199,0
22200,2
22201,1
22202,0
22203,2
22204,0
22205,1
22206,0
22207,1
22208,2
22209,2
22210,1
22211,2
22212,2
22213,1
22214,0
22215,1
22216,2
22217,0
22218,2
22219,2
22220,2
22221,1
22222,0
22223,2
22224,1
22225,2
22226,0
22227,0
22228,2
22229,1
22230,1
22231,2
22232,0
22233,1
22234,0
22235,0
22236,1
22237,2
22238,1
22239,2
22240,2
22241,0
22242,1
22243,0
22244,0
22245,0
22246,1
22247,1
22248,2
22249,1
22250,1
22251,1
22252,0
22253,2
22254,1
22255,1
22256,2
22257,0
22258,2
22259,2
22260,0
22261,0
22262,1
22263,1
22264,1
22265,2
22266,1
22267,2
22268,2
22269,1
22270,2
22271,2
22272,1
22273,1
22274,2
22275,0
22276,1
22277,1
22278,1
22279,0
22280,0
22281,1
22282,2
22283,1
22284,0
22285,2
22286,1
22287,2
22288,1
22289,2
22290,2
22291,0
22292,2
22293,1
22294,1
22295,0
22296,1
22297,0
22298,1
22299,2
22300,1
22301,2
22302,2
22303,1
22304,2
22305,1
22306,1
22307,0
22308,1
22309,2
22310,1
22311,2
22312,0
22313,1
22314,0
22315,2
22316,0
22317,2
22318,0
22319,0
22320,1
22321,2
22322,2
22323,2
22324,2
22325,1
22326,1
22327,1
22328,2
22329,2
22330,2
22331,2
22332,1
22333,1
22334,2
22335,0
22336,2
22337,2
22338,1
22339,1
22340,2
22341,2
22342,0
22343,1
22344,1
22345,2
22346,1
22347,0
22348,1
22349,0
22350,1
22351,0
22352,2
22353,1
22354,0
22355,2
22356,1
22357,1
22358,2
22359,2
22360,2
22361,1
22362,1
22363,1
22364,2
22365,2
22366,1
22367,0
22368,0
22369,1
22370,1
22371,1
22372,2
22373,1
22374,1
22375,2
22376,2
22377,2
22378,2
22379,1
22380,2
22381,2
22382,2
22383,0
22384,1
22385,2
22386,0
22387,1
22388,1
22389,2
22390,1
22391,2
22392,2
22393,0
22394,1
22395,0
22396,2
22397,2
22398,0
22399,1
22400,1
22401,2
22402,2
22403,0
22404,1
22405,2
22406,1
22407,2
22408,2
22409,2
22410,2
22411,1
22412,1
22413,0
22414,1
22415,2
22416,1
22417,1
22418,0
22419,2
22420,1
22421,1
22422,1
22423,1
22424,2
22425,1
22426,2
22427,1
22428,1
22429,2
22430,1
22431,0
22432,1
22433,2
22434,0
22435,1
22436,2
22437,1
22438,1
22439,1
22440,2
22441,2
22442,2
22443,0
22444,2
22445,1
22446,0
22447,2
22448,0
22449,1
22450,1
22451,1
22452,0
22453,0
22454,1
22455,0
22456,2
22457,2
22458,1
22459,1
22460,0
22461,1
22462,1
22463,0
22464,1
22465,2
22466,1
22467,2
22468,2
22469,2
22470,2
22471,2
22472,2
22473,1
22474,0
22475,1
22476,0
22477,1
22478,1
22479,0
22480,1
22481,2
22482,1
22483,1
22484,2
22485,2
22486,2
22487,0
22488,1
22489,0
22490,1
22491,2
22492,2
22493,1
22494,2
22495,1
22496,2
22497,2
22498,2
22499,1
22500,2
22501,0
22502,0
22503,1
22504,2
22505,2
22506,2
22507,1
22508,1
22509,2
22510,0
22511,2
22512,0
22513,1
22514,1
22515,1
22516,1
22517,2
22518,0
22519,2
22520,2
22521,1
22522,1
22523,1
22524,0
22525,2
22526,0
22527,0
22528,0
22529,2
22530,2
22531,1
22532,1
22533,1
22534,2
22535,2
22536,1
22537,0
22538,2
22539,2
22540,0
22541,1
22542,2
22543,1
22544,0
22545,1
22546,1
22547,2
22548,1
22549,1
22550,2
22551,1
22552,2
22553,1
22554,0
22555,2
22556,2
22557,2
22558,2
22559,1
22560,1
22561,0
22562,1
22563,1
22564,2
22565,0
22566,2
22567,2
22568,2
22569,2
22570,1
22571,1
22572,0
22573,1
22574,0
22575,2
22576,1
22577,2
22578,0
22579,0
22580,0
22581,1
22582,1
22583,2
22584,2
22585,2
22586,0
22587,2
22588,1
22589,2
22590,1
22591,1
22592,0
22593,2
22594,0
22595,0
22596,1
22597,1
22598,2
22599,1
22600,1
22601,1
22602,2
22603,0
22604,2
22605,1
22606,1
22607,1
22608,0
22609,2
22610,0
22611,2
22612,0
22613,1
22614,1
22615,0
22616,1
22617,2
22618,0
22619,1
22620,0
22621,0
22622,1
22623,1
22624,0
22625,2
22626,0
22627,0
22628,1
22629,0
22630,0
22631,1
22632,1
22633,0
22634,2
22635,1
22636,1
22637,1
22638,2
22639,1
22640,1
22641,2
22642,2
22643,2
22644,2
22645,1
22646,0
22647,1
22648,2
22649,2
22650,1
22651,0
22652,1
22653,1
22654,1
22655,2
22656,2
22657,1
22658,2
22659,0
22660,1
22661,1
22662,1
22663,1
22664,2
22665,2
22666,1
22667,0
22668,1
22669,1
22670,1
22671,1
22672,2
22673,0
22674,2
22675,2
22676,0
22677,0
22678,1
22679,2
22680,1
22681,1
22682,0
22683,0
22684,2
22685,0
22686,1
22687,1
22688,1
22689,1
22690,2
22691,2
22692,2
22693,0
22694,2
22695,0
22696,2
22697,0
22698,2
22699,1
22700,1
22701,0
22702,1
22703,1
22704,2
22705,2
22706,0
22707,1
22708,1
22709,2
22710,2
22711,2
22712,1
22713,1
22714,2
22715,1
22716,1
22717,0
22718,0
22719,2
22720,1
22721,2
22722,1
22723,2
22724,1
22725,2
22726,1
22727,1
22728,2
22729,1
22730,2
22731,1
22732,2
22733,2
22734,2
22735,2
22736,2
22737,0
22738,2
22739,2
22740,2
22741,1
22742,0
22743,2
22744,1
22745,2
22746,1
22747,0
22748,2
22749,2
22750,1
22751,0
22752,0
22753,2
22754,2
22755,2
22756,0
22757,2
22758,2
22759,2
22760,1
22761,0
22762,1
22763,0
22764,0
22765,2
22766,1
22767,2
22768,1
22769,1
22770,2
22771,0
22772,0
22773,2
22774,1
22775,2
22776,1
22777,2
22778,1
22779,2
22780,0
22781,2
22782,1
22783,1
22784,2
22785,2
22786,2
22787,2
22788,1
22789,0
22790,2
22791,1
22792,0
22793,1
22794,0
22795,1
22796,2
22797,1
22798,2
22799,0
22800,1
22801,2
22802,1
22803,1
22804,1
22805,2
22806,1
22807,1
22808,0
22809,1
22810,2
22811,2
22812,2
22813,1
22814,0
22815,1
22816,0
22817,1
22818,1
22819,0
22820,1
22821,0
22822,0
22823,1
22824,2
22825,0
22826,1
22827,2
22828,0
22829,2
22830,1
22831,1
22832,0
22833,0
22834,1
22835,0
22836,2
22837,1
22838,0
22839,1
22840,1
22841,0
22842,1
22843,0
22844,0
22845,0
22846,0
22847,1
22848,0
22849,2
22850,2
22851,1
22852,2
22853,2
22854,0
22855,0
22856,1
22857,0
22858,2
22859,1
22860,2
22861,1
22862,2
22863,1
22864,1
22865,2
22866,0
22867,2
22868,2
22869,1
22870,1
22871,1
22872,2
22873,0
22874,1
22875,2
22876,2
22877,2
22878,2
22879,1
22880,1
22881,2
22882,2
22883,2
22884,2
22885,0
22886,2
22887,1
22888,2
22889,0
22890,0
22891,1
22892,2
22893,1
22894,2
22895,2
22896,2
22897,2
22898,2
22899,1
22900,1
22901,2
22902,2
22903,2
22904,0
22905,2
22906,2
22907,1
22908,2
22909,1
22910,1
22911,1
22912,0
22913,1
22914,2
22915,1
22916,1
22917,2
22918,1
22919,1
22920,1
22921,2
22922,2
22923,2
22924,0
22925,1
22926,2
22927,0
22928,1
22929,1
22930,0
22931,1
22932,0
22933,1
22934,0
22935,2
22936,2
22937,2
22938,2
22939,1
22940,1
22941,1
22942,1
22943,1
22944,2
22945,1
22946,1
22947,1
22948,1
22949,1
22950,2
22951,1
22952,0
22953,1
22954,2
22955,1
22956,2
22957,2
22958,2
22959,2
22960,1
22961,1
22962,0
22963,0
22964,1
22965,0
22966,1
22967,0
22968,1
22969,1
22970,1
22971,0
22972,0
22973,1
22974,2
22975,2
22976,2
22977,1
22978,2
22979,1
22980,1
22981,1
22982,1
22983,2
22984,1
22985,2
22986,2
22987,1
22988,1
22989,2
22990,1
22991,1
22992,2
22993,1
22994,0
22995,0
22996,2
22997,1
22998,1
22999,1
23000,2
23001,2
23002,2
23003,1
23004,1
23005,0
23006,2
23007,0
23008,1
23009,1
23010,2
23011,2
23012,1
23013,2
23014,1
23015,1
23016,2
23017,1
23018,0
23019,1
23020,2
23021,0
23022,0
23023,1
23024,1
23025,2
23026,0
23027,0
23028,2
23029,1
23030,2
23031,0
23032,1
23033,1
23034,1
23035,2
23036,2
23037,1
23038,2
23039,2
23040,1
23041,2
23042,2
23043,0
23044,2
23045,2
23046,2
23047,1
23048,1
23049,0
23050,1
23051,2
23052,0
23053,0
23054,1
23055,0
23056,1
23057,0
23058,0
23059,2
23060,0
23061,0
23062,0
23063,1
23064,2
23065,2
23066,0
23067,2
23068,1
23069,0
23070,0
23071,2
23072,2
23073,0
23074,1
23075,1
23076,0
23077,2
23078,2
23079,2
23080,0
23081,1
23082,1
23083,1
23084,0
23085,0
23086,1
23087,1
23088,1
23089,2
23090,2
23091,2
23092,2
23093,1
23094,1
23095,2
23096,1
23097,2
23098,1
23099,1
23100,0
23101,2
23102,2
23103,1
23104,2
23105,2
23106,2
23107,1
23108,1
23109,1
23110,1
23111,0
23112,0
23113,2
23114,2
23115,1
23116,2
23117,1
23118,1
23119,2
23120,1
23121,2
23122,2
23123,1
23124,1
23125,2
23126,2
23127,2
23128,1
23129,2
23130,0
23131,1
23132,2
23133,1
23134,1
23135,1
23136,2
23137,1
23138,1
23139,1
23140,2
23141,1
23142,0
23143,2
23144,2
23145,0
23146,1
23147,1
23148,1
23149,1
23150,2
23151,2
23152,2
23153,1
23154,1
23155,2
23156,1
23157,0
23158,2
23159,2
23160,1
23161,0
23162,1
23163,0
23164,2
23165,0
23166,0
23167,2
23168,2
23169,1
23170,2
23171,2
23172,1
23173,1
23174,0
23175,2
23176,1
23177,2
23178,2
23179,1
23180,0
23181,1
23182,2
23183,2
23184,0
23185,2
23186,2
23187,1
23188,2
23189,1
23190,1
23191,1
23192,0
23193,0
23194,2
23195,1
23196,1
23197,0
23198,2
23199,0
23200,1
23201,2
23202,1
23203,1
23204,2
23205,0
23206,1
23207,0
23208,0
23209,2
23210,2
23211,1
23212,2
23213,2
23214,2
23215,2
23216,1
23217,1
23218,1
23219,2
23220,1
23221,1
23222,2
23223,1
23224,2
23225,1
23226,1
23227,1
23228,1
23229,1
23230,2
23231,2
23232,2
23233,1
23234,1
23235,0
23236,1
23237,2
23238,2
23239,2
23240,1
23241,2
23242,0
23243,0
23244,0
23245,2
23246,2
23247,1
23248,0
23249,1
23250,2
23251,2
23252,1
23253,1
23254,1
23255,2
23256,2
23257,2
23258,1
23259,2
23260,1
23261,0
23262,2
23263,1
23264,0
23265,0
23266,1
23267,1
23268,0
23269,1
23270,2
23271,1
23272,2
23273,1
23274,2
23275,0
23276,2
23277,2
23278,0
23279,2
23280,1
23281,2
23282,1
23283,0
23284,1
23285,2
23286,2
23287,2
23288,2
23289,1
23290,2
23291,1
23292,2
23293,2
23294,0
23295,2
23296,2
23297,2
23298,2
23299,2
23300,1
23301,0
23302,1
23303,0
23304,1
23305,1
23306,1
23307,2
23308,0
23309,1
23310,2
23311,1
23312,0
23313,2
23314,2
23315,1
23316,1
23317,2
23318,2
23319,2
23320,0
23321,1
23322,0
23323,0
23324,2
23325,2
23326,0
23327,1
23328,2
23329,1
23330,1
23331,0
23332,0
23333,1
23334,2
23335,0
23336,2
23337,1
23338,2
23339,0
23340,1
23341,2
23342,0
23343,1
23344,1
23345,1
23346,2
23347,2
23348,1
23349,0
23350,2
23351,2
23352,1
23353,0
23354,1
23355,2
23356,2
23357,1
23358,2
23359,2
23360,1
23361,1
23362,2
23363,2
23364,0
23365,1
23366,2
23367,2
23368,2
23369,2
23370,2
23371,0
23372,1
23373,1
23374,2
23375,1
23376,2
23377,2
23378,0
23379,0
23380,1
23381,2
23382,2
23383,2
23384,0
23385,0
23386,2
23387,2
23388,1
23389,2
23390,1
23391,2
23392,2
23393,2
23394,0
23395,1
23396,1
23397,0
23398,2
23399,2
23400,1
23401,0
23402,1
23403,1
23404,1
23405,1
23406,2
23407,0
23408,1
23409,1
23410,2
23411,2
23412,2
23413,1
23414,1
23415,2
23416,2
23417,1
23418,2
23419,1
23420,1
23421,2
23422,2
23423,1
23424,2
23425,0
23426,2
23427,1
23428,2
23429,0
23430,2
23431,0
23432,1
23433,2
23434,0
23435,1
23436,0
23437,2
23438,2
23439,2
23440,0
23441,1
23442,0
23443,2
23444,0
23445,1
23446,2
23447,0
23448,1
23449,2
23450,1
23451,1
23452,0
23453,2
23454,2
23455,0
23456,2
23457,0
23458,1
23459,2
23460,0
23461,1
23462,2
23463,2
23464,1
23465,0
23466,2
23467,2
23468,2
23469,2
23470,1
23471,1
23472,2
23473,1
23474,1
23475,2
23476,2
23477,2
23478,1
